projectname,project_match_score,project_match_reason,sco,excel_row_number,versionnumber,with_party,started_on,ended_on,total_calendar_days,total_business_days,source_start_event,source_end_event,needs_lori_to_confirm,raw_status_text
3PG Refresh  (Addition),100,token overlap 2/2; hint matched: 3pg; hint matched: refresh,SCO-PROV-757 Amd SCO-712 3PG Refresh,135,V1,ADSL,2025-08-05,2025-08-06,2,2,Aug 5/25 - with Cathy,Aug 6/25 - V1 sent to Province,,"Aug 18/25 - Adobe Sign
Aug 6/25 - V1 sent to Province
Aug 5/25 - with Cathy"
3PG Refresh  (Addition),100,token overlap 2/2; hint matched: 3pg; hint matched: refresh,SCO-PROV-757 Amd SCO-712 3PG Refresh,135,V1,SIGNINGTIME,2025-08-18,2025-08-18,1,1,Aug 18/25 - Adobe Sign,Aug 18/25 - Adobe Sign,,"Aug 18/25 - Adobe Sign
Aug 6/25 - V1 sent to Province
Aug 5/25 - with Cathy"
3PG Refresh  (Addition),100,token overlap 2/2; hint matched: 3pg; hint matched: refresh,SCO-PROV-768 Amd SCO-712 3PG Refresh,149,V1,ADSL,2025-11-24,2025-11-25,2,2,Nov 24/25 - with Erwin / Cathy,Nov 25/25 - V1 sent to Province,,"Dec 9/25 - Adobe Sign
Nov 25/25 - V1 sent to Province
Nov 24/25 - with Erwin / Cathy"
3PG Refresh  (Addition),100,token overlap 2/2; hint matched: 3pg; hint matched: refresh,SCO-PROV-768 Amd SCO-712 3PG Refresh,149,V1,SIGNINGTIME,2025-12-09,2025-12-09,1,1,Dec 9/25 - Adobe Sign,Dec 9/25 - Adobe Sign,,"Dec 9/25 - Adobe Sign
Nov 25/25 - V1 sent to Province
Nov 24/25 - with Erwin / Cathy"
3PG Refresh  (Addition),100,token overlap 2/2; hint matched: 3pg; hint matched: refresh,SCO-PROV-775 Amend 712 3PG Refresh,156,V1,ADSL,2026-01-16,2026-01-30,15,11,Jan 16/26 - with Dor / Cathy,Jan 30/26 - V2 sent to ESIT-AS,,"Feb 3/26 - Completed
Feb 2/26 - Adobe Sign
Jan 30/26 - V2 sent to ESIT-AS
Jan 21/26 - V1 sent to the Province
Jan 21/26 - with Sian
Jan 16/26 - with Dor / Cathy"
3PG Refresh  (Addition),100,token overlap 2/2; hint matched: 3pg; hint matched: refresh,SCO-PROV-775 Amend 712 3PG Refresh,156,V1,SIGNINGTIME,2026-02-02,2026-02-03,2,2,Feb 2/26 - Adobe Sign,Feb 3/26 - Completed,,"Feb 3/26 - Completed
Feb 2/26 - Adobe Sign
Jan 30/26 - V2 sent to ESIT-AS
Jan 21/26 - V1 sent to the Province
Jan 21/26 - with Sian
Jan 16/26 - with Dor / Cathy"
AV Defender for Linux,67,token overlap 2/3,SCO-PROV-809 Defender AV for Windows,184,V1,ADSL,2026-04-10,2026-04-17,8,6,Apr 10/26 - with Tyler,Apr 17/26 - V1 sent to Province,"Lori: please confirm this project/SCO mapping. This is an educated guess: ""AV Defender for Linux"" -> ""SCO-PROV-809 Defender AV for Windows"" (token overlap 2/3, score 67).","May 6/26 - V4 rec'd; Adobe Sign
Apr 23/26 - V3 sent to Province
Apr 21/26 - V2 rec'd; V3 with Cathy
Apr 17/26 - V1 sent to Province
Apr 16/26 - with Sian
Apr 10/26 - with Tyler"
AV Defender for Linux,67,token overlap 2/3,SCO-PROV-809 Defender AV for Windows,184,V2,CSBC,2026-04-18,2026-04-21,4,2,Next day after: Apr 17/26 - V1 sent to Province,Apr 21/26 - V2 rec'd; V3 with Cathy,"Lori: please confirm this project/SCO mapping. This is an educated guess: ""AV Defender for Linux"" -> ""SCO-PROV-809 Defender AV for Windows"" (token overlap 2/3, score 67).","May 6/26 - V4 rec'd; Adobe Sign
Apr 23/26 - V3 sent to Province
Apr 21/26 - V2 rec'd; V3 with Cathy
Apr 17/26 - V1 sent to Province
Apr 16/26 - with Sian
Apr 10/26 - with Tyler"
AV Defender for Linux,67,token overlap 2/3,SCO-PROV-809 Defender AV for Windows,184,V3,ADSL,2026-04-22,2026-04-23,2,2,Next day after: Apr 21/26 - V2 rec'd; V3 with Cathy,Apr 23/26 - V3 sent to Province,"Lori: please confirm this project/SCO mapping. This is an educated guess: ""AV Defender for Linux"" -> ""SCO-PROV-809 Defender AV for Windows"" (token overlap 2/3, score 67).","May 6/26 - V4 rec'd; Adobe Sign
Apr 23/26 - V3 sent to Province
Apr 21/26 - V2 rec'd; V3 with Cathy
Apr 17/26 - V1 sent to Province
Apr 16/26 - with Sian
Apr 10/26 - with Tyler"
AV Defender for Linux,67,token overlap 2/3,SCO-PROV-809 Defender AV for Windows,184,V3,SIGNINGTIME,2026-05-06,2026-05-06,1,1,May 6/26 - V4 rec'd; Adobe Sign,May 6/26 - V4 rec'd; Adobe Sign,"Lori: please confirm this project/SCO mapping. This is an educated guess: ""AV Defender for Linux"" -> ""SCO-PROV-809 Defender AV for Windows"" (token overlap 2/3, score 67).","May 6/26 - V4 rec'd; Adobe Sign
Apr 23/26 - V3 sent to Province
Apr 21/26 - V2 rec'd; V3 with Cathy
Apr 17/26 - V1 sent to Province
Apr 16/26 - with Sian
Apr 10/26 - with Tyler"
CCCS Sensors,88,token overlap 1/2; hint matched: sensors; hint matched: ips sensors,FOR APPROVAL: SCO-PROV-CAP-004a IPS Sensors(20230322)V1DRAFT,3,V1,ADSL,2023-03-22,2023-03-23,2,2,Mar 22/23 - With Lori for approval,Mar 23/23 - V1 sent to Province,"Lori: please confirm this project/SCO mapping. This is an educated guess: ""CCCS Sensors"" -> ""FOR APPROVAL: SCO-PROV-CAP-004a IPS Sensors(20230322)V1DRAFT"" (token overlap 1/2; hint matched: sensors; hint matched: ips sensors, score 88).","Mar 23/23 - Completed
Mar 23/23 - V1 sent to Province
Mar 22/23 - With Sian
Mar 22/23 - With Lori for approval"
CCCS Sensors,88,token overlap 1/2; hint matched: sensors; hint matched: ips sensors,FOR APPROVAL: SCO-PROV-CAP-004a IPS Sensors(20230322)V1DRAFT,3,V1,SIGNINGTIME,2023-03-23,2023-03-23,1,1,Mar 23/23 - Completed,Mar 23/23 - Completed,"Lori: please confirm this project/SCO mapping. This is an educated guess: ""CCCS Sensors"" -> ""FOR APPROVAL: SCO-PROV-CAP-004a IPS Sensors(20230322)V1DRAFT"" (token overlap 1/2; hint matched: sensors; hint matched: ips sensors, score 88).","Mar 23/23 - Completed
Mar 23/23 - V1 sent to Province
Mar 22/23 - With Sian
Mar 22/23 - With Lori for approval"
CCCS Sensors,88,token overlap 1/2; hint matched: sensors; hint matched: ips sensors,SCO-PROV-CAP-004 IPS Sensors,189,V1,ADSL,2022-12-12,2023-01-16,36,26,Dec 12/22 - With Sian to send to Province,Jan 16/23 - Approved by Province,"Lori: please confirm this project/SCO mapping. This is an educated guess: ""CCCS Sensors"" -> ""SCO-PROV-CAP-004 IPS Sensors"" (token overlap 1/2; hint matched: sensors; hint matched: ips sensors, score 88).","Jan 16/23 - Approved by Province
Jan 5/23 - Waiting for info from vendor, part with Cathy
Jan 4/23 - New quote required
Dec 12/22 - With Sian to send to Province"
CMDB Optimization (Discovery),74,token overlap 2/3; hint matched: cmdb,SCO-PROV-747 CMDB Optimization,125,V1,ADSL,2025-07-14,2025-07-15,2,2,July 14/25 - with Rian / Cathy,July 15/25 - V1 sent to Province,"Lori: please confirm this project/SCO mapping. This is an educated guess: ""CMDB Optimization (Discovery)"" -> ""SCO-PROV-747 CMDB Optimization"" (token overlap 2/3; hint matched: cmdb, score 74).","Oct 2/25 - Adobe Sign
Sept 24/25 - Michelle C confirmed 4 servers needed instead of 5; Province still reviewing
Sept 19/25 - Erwin, Rian and Michelle reviewed/OK'd updated SCO: V3 and 3.1 sent to Province 
Sept 16/25 - updated SCO; with Rian/Michelle
Aug 18/25 - V2.1 rec'd; with Rian and Michelle C
July 15/25 - V1 sent to Province
July 14/25 - with Rian / Cathy
Reserved for early start"
CMDB Optimization (Discovery),74,token overlap 2/3; hint matched: cmdb,SCO-PROV-747 CMDB Optimization,125,V2.1,CSBC,2025-07-16,2025-08-18,34,24,Next day after: July 15/25 - V1 sent to Province,Aug 18/25 - V2.1 rec'd; with Rian and Michelle C,"Lori: please confirm this project/SCO mapping. This is an educated guess: ""CMDB Optimization (Discovery)"" -> ""SCO-PROV-747 CMDB Optimization"" (token overlap 2/3; hint matched: cmdb, score 74).","Oct 2/25 - Adobe Sign
Sept 24/25 - Michelle C confirmed 4 servers needed instead of 5; Province still reviewing
Sept 19/25 - Erwin, Rian and Michelle reviewed/OK'd updated SCO: V3 and 3.1 sent to Province 
Sept 16/25 - updated SCO; with Rian/Michelle
Aug 18/25 - V2.1 rec'd; with Rian and Michelle C
July 15/25 - V1 sent to Province
July 14/25 - with Rian / Cathy
Reserved for early start"
CMDB Optimization (Discovery),74,token overlap 2/3; hint matched: cmdb,SCO-PROV-747 CMDB Optimization,125,V3,ADSL,2025-08-19,2025-09-19,32,24,Next day after: Aug 18/25 - V2.1 rec'd; with Rian and Michelle C,"Sept 19/25 - Erwin, Rian and Michelle reviewed/OK'd updated SCO: V3 and 3.1 sent to Province","Lori: please confirm this project/SCO mapping. This is an educated guess: ""CMDB Optimization (Discovery)"" -> ""SCO-PROV-747 CMDB Optimization"" (token overlap 2/3; hint matched: cmdb, score 74).","Oct 2/25 - Adobe Sign
Sept 24/25 - Michelle C confirmed 4 servers needed instead of 5; Province still reviewing
Sept 19/25 - Erwin, Rian and Michelle reviewed/OK'd updated SCO: V3 and 3.1 sent to Province 
Sept 16/25 - updated SCO; with Rian/Michelle
Aug 18/25 - V2.1 rec'd; with Rian and Michelle C
July 15/25 - V1 sent to Province
July 14/25 - with Rian / Cathy
Reserved for early start"
CMDB Optimization (Discovery),74,token overlap 2/3; hint matched: cmdb,SCO-PROV-747 CMDB Optimization,125,V3,SIGNINGTIME,2025-10-02,2025-10-02,1,1,Oct 2/25 - Adobe Sign,Oct 2/25 - Adobe Sign,"Lori: please confirm this project/SCO mapping. This is an educated guess: ""CMDB Optimization (Discovery)"" -> ""SCO-PROV-747 CMDB Optimization"" (token overlap 2/3; hint matched: cmdb, score 74).","Oct 2/25 - Adobe Sign
Sept 24/25 - Michelle C confirmed 4 servers needed instead of 5; Province still reviewing
Sept 19/25 - Erwin, Rian and Michelle reviewed/OK'd updated SCO: V3 and 3.1 sent to Province 
Sept 16/25 - updated SCO; with Rian/Michelle
Aug 18/25 - V2.1 rec'd; with Rian and Michelle C
July 15/25 - V1 sent to Province
July 14/25 - with Rian / Cathy
Reserved for early start"
Defender for Servers,88,token overlap 1/2; hint matched: defender,SCO-PROV-728 Defender Anti-Virus,106,V1,ADSL,2025-04-14,2025-04-17,4,4,Apr 14/25 - SOW approved,Apr 17/25 - V1 sent to Province,"Lori: please confirm this project/SCO mapping. This is an educated guess: ""Defender for Servers"" -> ""SCO-PROV-728 Defender Anti-Virus"" (token overlap 1/2; hint matched: defender, score 88).","Apr 28/25 - Completed
Apr 28/25 - Move to final, sent via AdobeSign
Apr 25/25 - V2 back from Province
Apr 17/25 - V1 sent to Province
Apr 17/25 - With Tyler, with Sian
Apr 17/25 - With Nicole/Cathy for review
Apr 14/25 - SOW approved"
Defender for Servers,88,token overlap 1/2; hint matched: defender,SCO-PROV-728 Defender Anti-Virus,106,V2,CSBC,2025-04-18,2025-04-25,8,6,Next day after: Apr 17/25 - V1 sent to Province,Apr 25/25 - V2 back from Province,"Lori: please confirm this project/SCO mapping. This is an educated guess: ""Defender for Servers"" -> ""SCO-PROV-728 Defender Anti-Virus"" (token overlap 1/2; hint matched: defender, score 88).","Apr 28/25 - Completed
Apr 28/25 - Move to final, sent via AdobeSign
Apr 25/25 - V2 back from Province
Apr 17/25 - V1 sent to Province
Apr 17/25 - With Tyler, with Sian
Apr 17/25 - With Nicole/Cathy for review
Apr 14/25 - SOW approved"
Defender for Servers,88,token overlap 1/2; hint matched: defender,SCO-PROV-728 Defender Anti-Virus,106,V2,SIGNINGTIME,2025-04-28,2025-04-28,1,1,Apr 28/25 - Completed,"Apr 28/25 - Move to final, sent via AdobeSign","Lori: please confirm this project/SCO mapping. This is an educated guess: ""Defender for Servers"" -> ""SCO-PROV-728 Defender Anti-Virus"" (token overlap 1/2; hint matched: defender, score 88).","Apr 28/25 - Completed
Apr 28/25 - Move to final, sent via AdobeSign
Apr 25/25 - V2 back from Province
Apr 17/25 - V1 sent to Province
Apr 17/25 - With Tyler, with Sian
Apr 17/25 - With Nicole/Cathy for review
Apr 14/25 - SOW approved"
Defender for Servers,88,token overlap 1/2; hint matched: defender,SCO-PROV-809 Defender AV for Windows,184,V1,ADSL,2026-04-10,2026-04-17,8,6,Apr 10/26 - with Tyler,Apr 17/26 - V1 sent to Province,"Lori: please confirm this project/SCO mapping. This is an educated guess: ""Defender for Servers"" -> ""SCO-PROV-809 Defender AV for Windows"" (token overlap 1/2; hint matched: defender, score 88).","May 6/26 - V4 rec'd; Adobe Sign
Apr 23/26 - V3 sent to Province
Apr 21/26 - V2 rec'd; V3 with Cathy
Apr 17/26 - V1 sent to Province
Apr 16/26 - with Sian
Apr 10/26 - with Tyler"
Defender for Servers,88,token overlap 1/2; hint matched: defender,SCO-PROV-809 Defender AV for Windows,184,V2,CSBC,2026-04-18,2026-04-21,4,2,Next day after: Apr 17/26 - V1 sent to Province,Apr 21/26 - V2 rec'd; V3 with Cathy,"Lori: please confirm this project/SCO mapping. This is an educated guess: ""Defender for Servers"" -> ""SCO-PROV-809 Defender AV for Windows"" (token overlap 1/2; hint matched: defender, score 88).","May 6/26 - V4 rec'd; Adobe Sign
Apr 23/26 - V3 sent to Province
Apr 21/26 - V2 rec'd; V3 with Cathy
Apr 17/26 - V1 sent to Province
Apr 16/26 - with Sian
Apr 10/26 - with Tyler"
Defender for Servers,88,token overlap 1/2; hint matched: defender,SCO-PROV-809 Defender AV for Windows,184,V3,ADSL,2026-04-22,2026-04-23,2,2,Next day after: Apr 21/26 - V2 rec'd; V3 with Cathy,Apr 23/26 - V3 sent to Province,"Lori: please confirm this project/SCO mapping. This is an educated guess: ""Defender for Servers"" -> ""SCO-PROV-809 Defender AV for Windows"" (token overlap 1/2; hint matched: defender, score 88).","May 6/26 - V4 rec'd; Adobe Sign
Apr 23/26 - V3 sent to Province
Apr 21/26 - V2 rec'd; V3 with Cathy
Apr 17/26 - V1 sent to Province
Apr 16/26 - with Sian
Apr 10/26 - with Tyler"
Defender for Servers,88,token overlap 1/2; hint matched: defender,SCO-PROV-809 Defender AV for Windows,184,V3,SIGNINGTIME,2026-05-06,2026-05-06,1,1,May 6/26 - V4 rec'd; Adobe Sign,May 6/26 - V4 rec'd; Adobe Sign,"Lori: please confirm this project/SCO mapping. This is an educated guess: ""Defender for Servers"" -> ""SCO-PROV-809 Defender AV for Windows"" (token overlap 1/2; hint matched: defender, score 88).","May 6/26 - V4 rec'd; Adobe Sign
Apr 23/26 - V3 sent to Province
Apr 21/26 - V2 rec'd; V3 with Cathy
Apr 17/26 - V1 sent to Province
Apr 16/26 - with Sian
Apr 10/26 - with Tyler"
Enhanced Logging,100,project phrase appears; hint matched: enhanced logging; hint matched: logging,SCO-PROV-730 Enhanced Logging Phase 2,108,V1,ADSL,2025-05-21,2025-05-27,7,5,May 21/25 - with Nicole / Cathy,May 27/25 - V1 sent to Province,,"June 10/25 - Adobe Sign
May 27/25 - V1 sent to Province
May 22/25 - with Tyler
May 21/25 - with Nicole / Cathy
Placeholder - need # for SOW approval"
Enhanced Logging,100,project phrase appears; hint matched: enhanced logging; hint matched: logging,SCO-PROV-730 Enhanced Logging Phase 2,108,V1,SIGNINGTIME,2025-06-10,2025-06-10,1,1,June 10/25 - Adobe Sign,June 10/25 - Adobe Sign,,"June 10/25 - Adobe Sign
May 27/25 - V1 sent to Province
May 22/25 - with Tyler
May 21/25 - with Nicole / Cathy
Placeholder - need # for SOW approval"
Enhanced Logging Phase 2,100,project phrase appears,SCO-PROV-730 Enhanced Logging Phase 2,108,V1,ADSL,2025-05-21,2025-05-27,7,5,May 21/25 - with Nicole / Cathy,May 27/25 - V1 sent to Province,,"June 10/25 - Adobe Sign
May 27/25 - V1 sent to Province
May 22/25 - with Tyler
May 21/25 - with Nicole / Cathy
Placeholder - need # for SOW approval"
Enhanced Logging Phase 2,100,project phrase appears,SCO-PROV-730 Enhanced Logging Phase 2,108,V1,SIGNINGTIME,2025-06-10,2025-06-10,1,1,June 10/25 - Adobe Sign,June 10/25 - Adobe Sign,,"June 10/25 - Adobe Sign
May 27/25 - V1 sent to Province
May 22/25 - with Tyler
May 21/25 - with Nicole / Cathy
Placeholder - need # for SOW approval"
IT Modernization Roadmap,100,project phrase appears,SCO-PROV-484 IT Modernization Roadmap,28,V1,ADSL,2023-01-31,2023-02-01,2,2,Jan 31/23 - Lori Sent SOW,Feb 1/23 - V1 sent to Province,,"Mar 14/23 - Completed/signed
Mar 10/23 - Final sent to Province
Mar 10/23 - Province requested to move to signature, with Sian
Mar 7/23 - V4 sent to Province 
Mar 2/23 - Q with Cathy
Feb 22/23 - With Jen to amend/review
Feb 22/23 - Sent to Cathy for review
Feb 16/23 - V3 back from Province
Feb 10/23 - V2 sent to Province
Feb 9/23 - Updates to SOW, V2 with Lori for review
Feb 1/23 - V1 sent to Province
Feb 1/23 - With Sian
Feb 1/23 - Draft sent to Cathy/Lori for review
Jan 31/23 - Lori Sent SOW"
IT Modernization Roadmap,100,project phrase appears,SCO-PROV-484 IT Modernization Roadmap,28,V2,CSBC,2023-02-02,2023-02-09,8,6,Next day after: Feb 1/23 - V1 sent to Province,"Feb 9/23 - Updates to SOW, V2 with Lori for review",Lori: inferred handoff to ADSL from internal ADSL work line; please confirm.,"Mar 14/23 - Completed/signed
Mar 10/23 - Final sent to Province
Mar 10/23 - Province requested to move to signature, with Sian
Mar 7/23 - V4 sent to Province 
Mar 2/23 - Q with Cathy
Feb 22/23 - With Jen to amend/review
Feb 22/23 - Sent to Cathy for review
Feb 16/23 - V3 back from Province
Feb 10/23 - V2 sent to Province
Feb 9/23 - Updates to SOW, V2 with Lori for review
Feb 1/23 - V1 sent to Province
Feb 1/23 - With Sian
Feb 1/23 - Draft sent to Cathy/Lori for review
Jan 31/23 - Lori Sent SOW"
IT Modernization Roadmap,100,project phrase appears,SCO-PROV-484 IT Modernization Roadmap,28,V3,ADSL,2023-02-09,2023-02-10,2,2,"Feb 9/23 - Updates to SOW, V2 with Lori for review",Feb 10/23 - V2 sent to Province,,"Mar 14/23 - Completed/signed
Mar 10/23 - Final sent to Province
Mar 10/23 - Province requested to move to signature, with Sian
Mar 7/23 - V4 sent to Province 
Mar 2/23 - Q with Cathy
Feb 22/23 - With Jen to amend/review
Feb 22/23 - Sent to Cathy for review
Feb 16/23 - V3 back from Province
Feb 10/23 - V2 sent to Province
Feb 9/23 - Updates to SOW, V2 with Lori for review
Feb 1/23 - V1 sent to Province
Feb 1/23 - With Sian
Feb 1/23 - Draft sent to Cathy/Lori for review
Jan 31/23 - Lori Sent SOW"
IT Modernization Roadmap,100,project phrase appears,SCO-PROV-484 IT Modernization Roadmap,28,V2,ADSL,2023-02-10,2023-02-10,1,1,Feb 10/23 - V2 sent to Province,Feb 10/23 - V2 sent to Province,,"Mar 14/23 - Completed/signed
Mar 10/23 - Final sent to Province
Mar 10/23 - Province requested to move to signature, with Sian
Mar 7/23 - V4 sent to Province 
Mar 2/23 - Q with Cathy
Feb 22/23 - With Jen to amend/review
Feb 22/23 - Sent to Cathy for review
Feb 16/23 - V3 back from Province
Feb 10/23 - V2 sent to Province
Feb 9/23 - Updates to SOW, V2 with Lori for review
Feb 1/23 - V1 sent to Province
Feb 1/23 - With Sian
Feb 1/23 - Draft sent to Cathy/Lori for review
Jan 31/23 - Lori Sent SOW"
IT Modernization Roadmap,100,project phrase appears,SCO-PROV-484 IT Modernization Roadmap,28,V3,CSBC,2023-02-11,2023-02-16,6,4,Next day after: Feb 10/23 - V2 sent to Province,Feb 16/23 - V3 back from Province,,"Mar 14/23 - Completed/signed
Mar 10/23 - Final sent to Province
Mar 10/23 - Province requested to move to signature, with Sian
Mar 7/23 - V4 sent to Province 
Mar 2/23 - Q with Cathy
Feb 22/23 - With Jen to amend/review
Feb 22/23 - Sent to Cathy for review
Feb 16/23 - V3 back from Province
Feb 10/23 - V2 sent to Province
Feb 9/23 - Updates to SOW, V2 with Lori for review
Feb 1/23 - V1 sent to Province
Feb 1/23 - With Sian
Feb 1/23 - Draft sent to Cathy/Lori for review
Jan 31/23 - Lori Sent SOW"
IT Modernization Roadmap,100,project phrase appears,SCO-PROV-484 IT Modernization Roadmap,28,V4,ADSL,2023-02-17,2023-03-07,19,13,Next day after: Feb 16/23 - V3 back from Province,Mar 7/23 - V4 sent to Province,,"Mar 14/23 - Completed/signed
Mar 10/23 - Final sent to Province
Mar 10/23 - Province requested to move to signature, with Sian
Mar 7/23 - V4 sent to Province 
Mar 2/23 - Q with Cathy
Feb 22/23 - With Jen to amend/review
Feb 22/23 - Sent to Cathy for review
Feb 16/23 - V3 back from Province
Feb 10/23 - V2 sent to Province
Feb 9/23 - Updates to SOW, V2 with Lori for review
Feb 1/23 - V1 sent to Province
Feb 1/23 - With Sian
Feb 1/23 - Draft sent to Cathy/Lori for review
Jan 31/23 - Lori Sent SOW"
IT Modernization Roadmap,100,project phrase appears,SCO-PROV-484 IT Modernization Roadmap,28,V4,SIGNINGTIME,2023-03-10,2023-03-14,5,3,Mar 10/23 - Final sent to Province,Mar 14/23 - Completed/signed,,"Mar 14/23 - Completed/signed
Mar 10/23 - Final sent to Province
Mar 10/23 - Province requested to move to signature, with Sian
Mar 7/23 - V4 sent to Province 
Mar 2/23 - Q with Cathy
Feb 22/23 - With Jen to amend/review
Feb 22/23 - Sent to Cathy for review
Feb 16/23 - V3 back from Province
Feb 10/23 - V2 sent to Province
Feb 9/23 - Updates to SOW, V2 with Lori for review
Feb 1/23 - V1 sent to Province
Feb 1/23 - With Sian
Feb 1/23 - Draft sent to Cathy/Lori for review
Jan 31/23 - Lori Sent SOW"
King's Printer Migration,88,hint matched: printer,"SCO-PROV-497 MPS Updates to Table 1, 2, and 9 of Sch 23 s5.11 MPS fees",40,V1,ADSL,2023-03-07,2023-03-17,11,9,Mar 7/23 - To draft SCO,Mar 17/23 - V1 sent to Province,"Lori: please confirm this project/SCO mapping. This is an educated guess: ""King's Printer Migration"" -> ""SCO-PROV-497 MPS Updates to Table 1, 2, and 9 of Sch 23 s5.11 MPS fees"" (hint matched: printer, score 88).","May 11/23 - New pricing back from HP, sent email to HP with question
May 8/23 - CO 117 still needs to be signed for HP, but awaiting a response from Scott on the three printers
May 8/ 23 - SCO signed, will need an amendment once pricing comes back from HP to re-add the three removed devices
May 8/23 - Province agreed to move to signatures, with Sian
May 5/23 - V6 Sent to Province
May 4/23 - Question with Sarka at HP
May 4/23 - V5 Back from Province
May 3/23 - V4.1 Sent to Province
May 2/23 - V4 sent to Province
Apr 27/23 - V3 sent to Province
Apr 24/23 - Question to HP - mtg with HP on Apr 27
Mar 29/23 - Province comments received
Mar 17/23 - V1 sent to Province
Mar 17/23 - With Sian for approval
Mar 16/23 - Draft with Lori for approval
Mar 7/23 - To draft SCO
Mar 7/23 - With Jen to Draft upon Province direction"
King's Printer Migration,88,hint matched: printer,"SCO-PROV-497 MPS Updates to Table 1, 2, and 9 of Sch 23 s5.11 MPS fees",40,V2,CSBC,2023-03-18,2023-04-27,41,29,Next day after: Mar 17/23 - V1 sent to Province,Apr 27/23 - V3 sent to Province,"Lori: please confirm this project/SCO mapping. This is an educated guess: ""King's Printer Migration"" -> ""SCO-PROV-497 MPS Updates to Table 1, 2, and 9 of Sch 23 s5.11 MPS fees"" (hint matched: printer, score 88).","May 11/23 - New pricing back from HP, sent email to HP with question
May 8/23 - CO 117 still needs to be signed for HP, but awaiting a response from Scott on the three printers
May 8/ 23 - SCO signed, will need an amendment once pricing comes back from HP to re-add the three removed devices
May 8/23 - Province agreed to move to signatures, with Sian
May 5/23 - V6 Sent to Province
May 4/23 - Question with Sarka at HP
May 4/23 - V5 Back from Province
May 3/23 - V4.1 Sent to Province
May 2/23 - V4 sent to Province
Apr 27/23 - V3 sent to Province
Apr 24/23 - Question to HP - mtg with HP on Apr 27
Mar 29/23 - Province comments received
Mar 17/23 - V1 sent to Province
Mar 17/23 - With Sian for approval
Mar 16/23 - Draft with Lori for approval
Mar 7/23 - To draft SCO
Mar 7/23 - With Jen to Draft upon Province direction"
King's Printer Migration,88,hint matched: printer,"SCO-PROV-497 MPS Updates to Table 1, 2, and 9 of Sch 23 s5.11 MPS fees",40,V3,ADSL,2023-04-27,2023-04-27,1,1,Apr 27/23 - V3 sent to Province,Apr 27/23 - V3 sent to Province,"Lori: please confirm this project/SCO mapping. This is an educated guess: ""King's Printer Migration"" -> ""SCO-PROV-497 MPS Updates to Table 1, 2, and 9 of Sch 23 s5.11 MPS fees"" (hint matched: printer, score 88).","May 11/23 - New pricing back from HP, sent email to HP with question
May 8/23 - CO 117 still needs to be signed for HP, but awaiting a response from Scott on the three printers
May 8/ 23 - SCO signed, will need an amendment once pricing comes back from HP to re-add the three removed devices
May 8/23 - Province agreed to move to signatures, with Sian
May 5/23 - V6 Sent to Province
May 4/23 - Question with Sarka at HP
May 4/23 - V5 Back from Province
May 3/23 - V4.1 Sent to Province
May 2/23 - V4 sent to Province
Apr 27/23 - V3 sent to Province
Apr 24/23 - Question to HP - mtg with HP on Apr 27
Mar 29/23 - Province comments received
Mar 17/23 - V1 sent to Province
Mar 17/23 - With Sian for approval
Mar 16/23 - Draft with Lori for approval
Mar 7/23 - To draft SCO
Mar 7/23 - With Jen to Draft upon Province direction"
King's Printer Migration,88,hint matched: printer,"SCO-PROV-497 MPS Updates to Table 1, 2, and 9 of Sch 23 s5.11 MPS fees",40,V4,ADSL,2023-04-28,2023-05-02,5,3,Next day after: Apr 27/23 - V3 sent to Province,May 2/23 - V4 sent to Province,"Lori: please confirm this project/SCO mapping. This is an educated guess: ""King's Printer Migration"" -> ""SCO-PROV-497 MPS Updates to Table 1, 2, and 9 of Sch 23 s5.11 MPS fees"" (hint matched: printer, score 88).","May 11/23 - New pricing back from HP, sent email to HP with question
May 8/23 - CO 117 still needs to be signed for HP, but awaiting a response from Scott on the three printers
May 8/ 23 - SCO signed, will need an amendment once pricing comes back from HP to re-add the three removed devices
May 8/23 - Province agreed to move to signatures, with Sian
May 5/23 - V6 Sent to Province
May 4/23 - Question with Sarka at HP
May 4/23 - V5 Back from Province
May 3/23 - V4.1 Sent to Province
May 2/23 - V4 sent to Province
Apr 27/23 - V3 sent to Province
Apr 24/23 - Question to HP - mtg with HP on Apr 27
Mar 29/23 - Province comments received
Mar 17/23 - V1 sent to Province
Mar 17/23 - With Sian for approval
Mar 16/23 - Draft with Lori for approval
Mar 7/23 - To draft SCO
Mar 7/23 - With Jen to Draft upon Province direction"
King's Printer Migration,88,hint matched: printer,"SCO-PROV-497 MPS Updates to Table 1, 2, and 9 of Sch 23 s5.11 MPS fees",40,V4.1,ADSL,2023-05-03,2023-05-03,1,1,May 3/23 - V4.1 Sent to Province,May 3/23 - V4.1 Sent to Province,"Lori: please confirm this project/SCO mapping. This is an educated guess: ""King's Printer Migration"" -> ""SCO-PROV-497 MPS Updates to Table 1, 2, and 9 of Sch 23 s5.11 MPS fees"" (hint matched: printer, score 88).","May 11/23 - New pricing back from HP, sent email to HP with question
May 8/23 - CO 117 still needs to be signed for HP, but awaiting a response from Scott on the three printers
May 8/ 23 - SCO signed, will need an amendment once pricing comes back from HP to re-add the three removed devices
May 8/23 - Province agreed to move to signatures, with Sian
May 5/23 - V6 Sent to Province
May 4/23 - Question with Sarka at HP
May 4/23 - V5 Back from Province
May 3/23 - V4.1 Sent to Province
May 2/23 - V4 sent to Province
Apr 27/23 - V3 sent to Province
Apr 24/23 - Question to HP - mtg with HP on Apr 27
Mar 29/23 - Province comments received
Mar 17/23 - V1 sent to Province
Mar 17/23 - With Sian for approval
Mar 16/23 - Draft with Lori for approval
Mar 7/23 - To draft SCO
Mar 7/23 - With Jen to Draft upon Province direction"
King's Printer Migration,88,hint matched: printer,"SCO-PROV-497 MPS Updates to Table 1, 2, and 9 of Sch 23 s5.11 MPS fees",40,V5,CSBC,2023-05-03,2023-05-04,2,2,Next day after: May 2/23 - V4 sent to Province,May 4/23 - V5 Back from Province,"Lori: please confirm this project/SCO mapping. This is an educated guess: ""King's Printer Migration"" -> ""SCO-PROV-497 MPS Updates to Table 1, 2, and 9 of Sch 23 s5.11 MPS fees"" (hint matched: printer, score 88).","May 11/23 - New pricing back from HP, sent email to HP with question
May 8/23 - CO 117 still needs to be signed for HP, but awaiting a response from Scott on the three printers
May 8/ 23 - SCO signed, will need an amendment once pricing comes back from HP to re-add the three removed devices
May 8/23 - Province agreed to move to signatures, with Sian
May 5/23 - V6 Sent to Province
May 4/23 - Question with Sarka at HP
May 4/23 - V5 Back from Province
May 3/23 - V4.1 Sent to Province
May 2/23 - V4 sent to Province
Apr 27/23 - V3 sent to Province
Apr 24/23 - Question to HP - mtg with HP on Apr 27
Mar 29/23 - Province comments received
Mar 17/23 - V1 sent to Province
Mar 17/23 - With Sian for approval
Mar 16/23 - Draft with Lori for approval
Mar 7/23 - To draft SCO
Mar 7/23 - With Jen to Draft upon Province direction"
King's Printer Migration,88,hint matched: printer,"SCO-PROV-497 MPS Updates to Table 1, 2, and 9 of Sch 23 s5.11 MPS fees",40,V6,ADSL,2023-05-05,2023-05-05,1,1,Next day after: May 4/23 - V5 Back from Province,May 5/23 - V6 Sent to Province,"Lori: please confirm this project/SCO mapping. This is an educated guess: ""King's Printer Migration"" -> ""SCO-PROV-497 MPS Updates to Table 1, 2, and 9 of Sch 23 s5.11 MPS fees"" (hint matched: printer, score 88).","May 11/23 - New pricing back from HP, sent email to HP with question
May 8/23 - CO 117 still needs to be signed for HP, but awaiting a response from Scott on the three printers
May 8/ 23 - SCO signed, will need an amendment once pricing comes back from HP to re-add the three removed devices
May 8/23 - Province agreed to move to signatures, with Sian
May 5/23 - V6 Sent to Province
May 4/23 - Question with Sarka at HP
May 4/23 - V5 Back from Province
May 3/23 - V4.1 Sent to Province
May 2/23 - V4 sent to Province
Apr 27/23 - V3 sent to Province
Apr 24/23 - Question to HP - mtg with HP on Apr 27
Mar 29/23 - Province comments received
Mar 17/23 - V1 sent to Province
Mar 17/23 - With Sian for approval
Mar 16/23 - Draft with Lori for approval
Mar 7/23 - To draft SCO
Mar 7/23 - With Jen to Draft upon Province direction"
King's Printer Migration,88,hint matched: printer,"SCO-PROV-497 MPS Updates to Table 1, 2, and 9 of Sch 23 s5.11 MPS fees",40,V6,SIGNINGTIME,2023-05-08,2023-05-08,1,1,"May 8/23 - CO 117 still needs to be signed for HP, but awaiting a response from Scott on the three printers","May 8/23 - Province agreed to move to signatures, with Sian","Lori: please confirm this project/SCO mapping. This is an educated guess: ""King's Printer Migration"" -> ""SCO-PROV-497 MPS Updates to Table 1, 2, and 9 of Sch 23 s5.11 MPS fees"" (hint matched: printer, score 88).","May 11/23 - New pricing back from HP, sent email to HP with question
May 8/23 - CO 117 still needs to be signed for HP, but awaiting a response from Scott on the three printers
May 8/ 23 - SCO signed, will need an amendment once pricing comes back from HP to re-add the three removed devices
May 8/23 - Province agreed to move to signatures, with Sian
May 5/23 - V6 Sent to Province
May 4/23 - Question with Sarka at HP
May 4/23 - V5 Back from Province
May 3/23 - V4.1 Sent to Province
May 2/23 - V4 sent to Province
Apr 27/23 - V3 sent to Province
Apr 24/23 - Question to HP - mtg with HP on Apr 27
Mar 29/23 - Province comments received
Mar 17/23 - V1 sent to Province
Mar 17/23 - With Sian for approval
Mar 16/23 - Draft with Lori for approval
Mar 7/23 - To draft SCO
Mar 7/23 - With Jen to Draft upon Province direction"
MCCS - Service Expansion,100,token overlap 1/1,CR-CAP-083 MCCS Virtual Connections,242,V1,ADSL,2025-10-02,2025-10-08,7,5,Oct 2/25 - with Cathy/Killian,Oct 8/25 - V1 sent to Province,,"Nov 21/25 - Adobe Sign
Nov 4/25 - Sam confirmed which VC get standup fee
Oct 27/25 - V1.1 sent to Province
Oct 24/25 - V1.1 with Shane/Cathy
Oct 22/25 - V1.1 with Killian / Cathy
Oct 8/25 - V1 sent to Province
Oct 2/25 - with Cathy/Killian"
MCCS - Service Expansion,100,token overlap 1/1,CR-CAP-083 MCCS Virtual Connections,242,V2,CSBC,2025-10-09,2025-11-04,27,19,Next day after: Oct 8/25 - V1 sent to Province,Nov 4/25 - Sam confirmed which VC get standup fee,Lori: inferred handoff to ADSL from internal ADSL work line; please confirm.,"Nov 21/25 - Adobe Sign
Nov 4/25 - Sam confirmed which VC get standup fee
Oct 27/25 - V1.1 sent to Province
Oct 24/25 - V1.1 with Shane/Cathy
Oct 22/25 - V1.1 with Killian / Cathy
Oct 8/25 - V1 sent to Province
Oct 2/25 - with Cathy/Killian"
MCCS - Service Expansion,100,token overlap 1/1,CR-CAP-083 MCCS Virtual Connections,242,V1.1,ADSL,2025-10-22,2025-10-27,6,4,Oct 22/25 - V1.1 with Killian / Cathy,Oct 27/25 - V1.1 sent to Province,,"Nov 21/25 - Adobe Sign
Nov 4/25 - Sam confirmed which VC get standup fee
Oct 27/25 - V1.1 sent to Province
Oct 24/25 - V1.1 with Shane/Cathy
Oct 22/25 - V1.1 with Killian / Cathy
Oct 8/25 - V1 sent to Province
Oct 2/25 - with Cathy/Killian"
MCCS - Service Expansion,100,token overlap 1/1,CR-CAP-083 MCCS Virtual Connections,242,V2,SIGNINGTIME,2025-11-21,2025-11-21,1,1,Nov 21/25 - Adobe Sign,Nov 21/25 - Adobe Sign,,"Nov 21/25 - Adobe Sign
Nov 4/25 - Sam confirmed which VC get standup fee
Oct 27/25 - V1.1 sent to Province
Oct 24/25 - V1.1 with Shane/Cathy
Oct 22/25 - V1.1 with Killian / Cathy
Oct 8/25 - V1 sent to Province
Oct 2/25 - with Cathy/Killian"
MCCS - Service Expansion,100,token overlap 1/1,CR-CAP-087 MCCS Azure VCs,247,V1,ADSL,2025-11-14,2025-11-18,5,3,Nov 14/25 - with Yale / Cathy,Nov 18/25 - V1 sent to Province,,"Dec 2/25 - re-sent to Adobe Sign
Nov 27/25 - Adobe Sign
Nov 18/25 - V1 sent to Province
Nov 14/25 - with Yale / Cathy"
MCCS - Service Expansion,100,token overlap 1/1,CR-CAP-087 MCCS Azure VCs,247,V1,SIGNINGTIME,2025-11-27,2025-12-02,6,4,Nov 27/25 - Adobe Sign,Dec 2/25 - re-sent to Adobe Sign,,"Dec 2/25 - re-sent to Adobe Sign
Nov 27/25 - Adobe Sign
Nov 18/25 - V1 sent to Province
Nov 14/25 - with Yale / Cathy"
MCCS - Service Expansion,100,token overlap 1/1,CR-CAP-101 MCCS CAS VCs,260,V1,ADSL,2025-12-19,2025-12-19,1,1,Dec 19/25 - V1 sent to Province,Dec 19/25 - V1 sent to Province,,"Jan 22/26 - Adobe Sign
Dec 19/25 - V1 sent to Province"
MCCS - Service Expansion,100,token overlap 1/1,CR-CAP-101 MCCS CAS VCs,260,V1,SIGNINGTIME,2026-01-22,2026-01-22,1,1,Jan 22/26 - Adobe Sign,Jan 22/26 - Adobe Sign,,"Jan 22/26 - Adobe Sign
Dec 19/25 - V1 sent to Province"
MCCS - Service Expansion,100,token overlap 1/1,CR-CAP-128 Amd CAP-101 MCCS CAS VCs,285,V1,ADSL,2026-03-12,2026-03-17,6,4,Mar 12/26 - with Tyler,Mar 17/26 - V1 sent to Province,,"Mar 30/26 - Adobe Sign
Mar 24/26 - Province question with Shane; V3 sent to Province 
Mar 19/26 - V2 rec'd; with RM (Kevin)
Mar 17/26 - V1 sent to Province
Mar 12/26 - with Tyler"
MCCS - Service Expansion,100,token overlap 1/1,CR-CAP-128 Amd CAP-101 MCCS CAS VCs,285,V2,CSBC,2026-03-18,2026-03-19,2,2,Next day after: Mar 17/26 - V1 sent to Province,Mar 19/26 - V2 rec'd; with RM (Kevin),,"Mar 30/26 - Adobe Sign
Mar 24/26 - Province question with Shane; V3 sent to Province 
Mar 19/26 - V2 rec'd; with RM (Kevin)
Mar 17/26 - V1 sent to Province
Mar 12/26 - with Tyler"
MCCS - Service Expansion,100,token overlap 1/1,CR-CAP-128 Amd CAP-101 MCCS CAS VCs,285,V3,ADSL,2026-03-20,2026-03-24,5,3,Next day after: Mar 19/26 - V2 rec'd; with RM (Kevin),Mar 24/26 - Province question with Shane; V3 sent to Province,,"Mar 30/26 - Adobe Sign
Mar 24/26 - Province question with Shane; V3 sent to Province 
Mar 19/26 - V2 rec'd; with RM (Kevin)
Mar 17/26 - V1 sent to Province
Mar 12/26 - with Tyler"
MCCS - Service Expansion,100,token overlap 1/1,CR-CAP-128 Amd CAP-101 MCCS CAS VCs,285,V3,SIGNINGTIME,2026-03-30,2026-03-30,1,1,Mar 30/26 - Adobe Sign,Mar 30/26 - Adobe Sign,,"Mar 30/26 - Adobe Sign
Mar 24/26 - Province question with Shane; V3 sent to Province 
Mar 19/26 - V2 rec'd; with RM (Kevin)
Mar 17/26 - V1 sent to Province
Mar 12/26 - with Tyler"
MCCS - Service Expansion,100,token overlap 1/1,SCO-PROV-696 Amd SCO-579 MCCS,100,V1,ADSL,2024-11-20,2024-12-02,13,9,"Nov 20/24 - Killian requested to extend end date, waiting on approved PCR",Dec 2/24 - V1 sent to Province,,"Dec 17/24 - Province sent Final
Dec 12/24 - Final sent to Province
Dec 11/24 - Province agreed to move to final, with Elaine
Dec 2/24 - V1 sent to Province
Dec 2/24 - With Tyler, with Sian
Nov 20/24 - Killian requested to extend end date, waiting on approved PCR"
MCCS - Service Expansion,100,token overlap 1/1,SCO-PROV-696 Amd SCO-579 MCCS,100,V1,SIGNINGTIME,2024-12-11,2024-12-12,2,2,"Dec 11/24 - Province agreed to move to final, with Elaine",Dec 12/24 - Final sent to Province,,"Dec 17/24 - Province sent Final
Dec 12/24 - Final sent to Province
Dec 11/24 - Province agreed to move to final, with Elaine
Dec 2/24 - V1 sent to Province
Dec 2/24 - With Tyler, with Sian
Nov 20/24 - Killian requested to extend end date, waiting on approved PCR"
MCCS - Service Expansion,100,project phrase appears,SCO-PROV-735 MCCS Service Expansion,113,V1,ADSL,2025-04-11,2025-05-06,26,18,Apr 11/25 - SOW approved to move to SCO,"May 6/25 - Followed up with Sian, V1 sent to Province",,"May 29/25 - Completed
May 26/25 - Send via AS for sigs
May 23/25 - Province agreed to move to final
May 8/25 - V2.1 rec'd; V3 sent to Province
May 6/25 - Followed up with Sian, V1 sent to Province
Apr 29/25 - With Tyler, with Sian
Apr 28/25 - With Killian and Cathy
Apr 11/25 - SOW approved to move to SCO"
MCCS - Service Expansion,100,project phrase appears,SCO-PROV-735 MCCS Service Expansion,113,V2.1,CSBC,2025-05-07,2025-05-08,2,2,"Next day after: May 6/25 - Followed up with Sian, V1 sent to Province",May 8/25 - V2.1 rec'd; V3 sent to Province,,"May 29/25 - Completed
May 26/25 - Send via AS for sigs
May 23/25 - Province agreed to move to final
May 8/25 - V2.1 rec'd; V3 sent to Province
May 6/25 - Followed up with Sian, V1 sent to Province
Apr 29/25 - With Tyler, with Sian
Apr 28/25 - With Killian and Cathy
Apr 11/25 - SOW approved to move to SCO"
MCCS - Service Expansion,100,project phrase appears,SCO-PROV-735 MCCS Service Expansion,113,V2.1,SIGNINGTIME,2025-05-23,2025-05-29,7,5,May 23/25 - Province agreed to move to final,May 29/25 - Completed,,"May 29/25 - Completed
May 26/25 - Send via AS for sigs
May 23/25 - Province agreed to move to final
May 8/25 - V2.1 rec'd; V3 sent to Province
May 6/25 - Followed up with Sian, V1 sent to Province
Apr 29/25 - With Tyler, with Sian
Apr 28/25 - With Killian and Cathy
Apr 11/25 - SOW approved to move to SCO"
MCCS - Service Expansion,100,token overlap 1/1,SCO-PROV-760 Amd SCO-739 MCCS,138,V1,ADSL,2025-09-03,2025-09-03,1,1,Sept 3/25 - V1 sent to Province,Sept 3/25 - V1 sent to Province,,"Sept 10/25 - Adobe Sign
Sept 3/25 - V1 sent to Province"
MCCS - Service Expansion,100,token overlap 1/1,SCO-PROV-760 Amd SCO-739 MCCS,138,V1,SIGNINGTIME,2025-09-10,2025-09-10,1,1,Sept 10/25 - Adobe Sign,Sept 10/25 - Adobe Sign,,"Sept 10/25 - Adobe Sign
Sept 3/25 - V1 sent to Province"
MCCS - Service Expansion,100,token overlap 1/1,SCO-PROV-773 Amd SCO-735 MCCS Srvc Exp,154,V1,ADSL,2026-01-20,2026-01-20,1,1,Jan 20/26 - V1 sent to Province,Jan 20/26 - V1 sent to Province,,"Feb 2/26 - Adobe Sign
Jan 20/26 - V1 sent to Province 
Waiting for breakdown of additional hours by role"
MCCS - Service Expansion,100,token overlap 1/1,SCO-PROV-773 Amd SCO-735 MCCS Srvc Exp,154,V1,SIGNINGTIME,2026-02-02,2026-02-02,1,1,Feb 2/26 - Adobe Sign,Feb 2/26 - Adobe Sign,,"Feb 2/26 - Adobe Sign
Jan 20/26 - V1 sent to Province 
Waiting for breakdown of additional hours by role"
MFA for BC SAG,100,project phrase appears,SCO-PROV-516 Amd SCO-443 MFA for BC SAG,59,V1,ADSL,2023-03-22,2023-05-18,58,42,Mar 22/23 - Pricing provided,May 18/23 - V1 sent to Province,,"Nov 28/23 - Completed
Nov 27/23 - Final sent to Province 
Nov 27/23 - Province agreed to move to final, with Sian
Nov 6/23 - V12 sent to Province
Oct 27/23 - V11 rec'd; with Cathy/Chris
Oct 25/23 - V10 sent to Province
Oct 24/23 - V9 rec'd from Province
Oct 19/23 - V8.1 submitted to Province
Oct 16/23 - with Cathy
Oct 8/23 - V8.1 with Cathy/Jen
Oct 5/23 - Followed up with Chris
Sept 19/23 - followed up with Chris re: his take-aways from meeting
Sept 11/23 - internal meeting scheduled for Sept 14
Sept 5/23 - V8 send to Province
Aug 22/23 - Question out to Ops again, then back to Cathy
Aug 9/23- V7 back from Province, question with Cathy
Aug 1/23 - V6 sent to Province 
July 17/23 - Emailed group for clarity
July 11/23 - Followed up with Chris again
July 6/23 - Follwed up with Chris/Lori
June 27/23 - Internal question out to Lori and Chris
June 23/23 - V5 back from Province
June 16/23 - V4 sent to Province
June 15/23 - New pricing from Cathy
June 13/23 - Internal meeting scheduled for June 15
June 12/23 - V4 with Lori/Cathy to answer comments
June 8/23 - V3 back from Province
June 5/23 - V2 sent to Province
June 5/23 - With Cathy to format pricing
May 18/23 - V1 sent to Province
May 18/23 - With Sian for approval
May 16/23 - Followed up with Lori
May 10/23 - Sent V1 to Lori for approval
May 3/23 - Followed up with Lori
Apr 26/23 - Sent to Lori for approval
Mar 28/23 - With Cathy
Mar 27/23 - With Cathy/Lori for review
Mar 22/23 - Pricing provided"
MFA for BC SAG,100,project phrase appears,SCO-PROV-516 Amd SCO-443 MFA for BC SAG,59,V2,CSBC,2023-05-19,2023-06-05,18,12,Next day after: May 18/23 - V1 sent to Province,June 5/23 - With Cathy to format pricing,Lori: inferred handoff to ADSL from internal ADSL work line; please confirm.,"Nov 28/23 - Completed
Nov 27/23 - Final sent to Province 
Nov 27/23 - Province agreed to move to final, with Sian
Nov 6/23 - V12 sent to Province
Oct 27/23 - V11 rec'd; with Cathy/Chris
Oct 25/23 - V10 sent to Province
Oct 24/23 - V9 rec'd from Province
Oct 19/23 - V8.1 submitted to Province
Oct 16/23 - with Cathy
Oct 8/23 - V8.1 with Cathy/Jen
Oct 5/23 - Followed up with Chris
Sept 19/23 - followed up with Chris re: his take-aways from meeting
Sept 11/23 - internal meeting scheduled for Sept 14
Sept 5/23 - V8 send to Province
Aug 22/23 - Question out to Ops again, then back to Cathy
Aug 9/23- V7 back from Province, question with Cathy
Aug 1/23 - V6 sent to Province 
July 17/23 - Emailed group for clarity
July 11/23 - Followed up with Chris again
July 6/23 - Follwed up with Chris/Lori
June 27/23 - Internal question out to Lori and Chris
June 23/23 - V5 back from Province
June 16/23 - V4 sent to Province
June 15/23 - New pricing from Cathy
June 13/23 - Internal meeting scheduled for June 15
June 12/23 - V4 with Lori/Cathy to answer comments
June 8/23 - V3 back from Province
June 5/23 - V2 sent to Province
June 5/23 - With Cathy to format pricing
May 18/23 - V1 sent to Province
May 18/23 - With Sian for approval
May 16/23 - Followed up with Lori
May 10/23 - Sent V1 to Lori for approval
May 3/23 - Followed up with Lori
Apr 26/23 - Sent to Lori for approval
Mar 28/23 - With Cathy
Mar 27/23 - With Cathy/Lori for review
Mar 22/23 - Pricing provided"
MFA for BC SAG,100,project phrase appears,SCO-PROV-516 Amd SCO-443 MFA for BC SAG,59,V2,ADSL,2023-06-05,2023-06-05,1,1,June 5/23 - V2 sent to Province,June 5/23 - V2 sent to Province,,"Nov 28/23 - Completed
Nov 27/23 - Final sent to Province 
Nov 27/23 - Province agreed to move to final, with Sian
Nov 6/23 - V12 sent to Province
Oct 27/23 - V11 rec'd; with Cathy/Chris
Oct 25/23 - V10 sent to Province
Oct 24/23 - V9 rec'd from Province
Oct 19/23 - V8.1 submitted to Province
Oct 16/23 - with Cathy
Oct 8/23 - V8.1 with Cathy/Jen
Oct 5/23 - Followed up with Chris
Sept 19/23 - followed up with Chris re: his take-aways from meeting
Sept 11/23 - internal meeting scheduled for Sept 14
Sept 5/23 - V8 send to Province
Aug 22/23 - Question out to Ops again, then back to Cathy
Aug 9/23- V7 back from Province, question with Cathy
Aug 1/23 - V6 sent to Province 
July 17/23 - Emailed group for clarity
July 11/23 - Followed up with Chris again
July 6/23 - Follwed up with Chris/Lori
June 27/23 - Internal question out to Lori and Chris
June 23/23 - V5 back from Province
June 16/23 - V4 sent to Province
June 15/23 - New pricing from Cathy
June 13/23 - Internal meeting scheduled for June 15
June 12/23 - V4 with Lori/Cathy to answer comments
June 8/23 - V3 back from Province
June 5/23 - V2 sent to Province
June 5/23 - With Cathy to format pricing
May 18/23 - V1 sent to Province
May 18/23 - With Sian for approval
May 16/23 - Followed up with Lori
May 10/23 - Sent V1 to Lori for approval
May 3/23 - Followed up with Lori
Apr 26/23 - Sent to Lori for approval
Mar 28/23 - With Cathy
Mar 27/23 - With Cathy/Lori for review
Mar 22/23 - Pricing provided"
MFA for BC SAG,100,project phrase appears,SCO-PROV-516 Amd SCO-443 MFA for BC SAG,59,V3,ADSL,2023-06-05,2023-06-05,1,1,June 5/23 - With Cathy to format pricing,June 5/23 - V2 sent to Province,,"Nov 28/23 - Completed
Nov 27/23 - Final sent to Province 
Nov 27/23 - Province agreed to move to final, with Sian
Nov 6/23 - V12 sent to Province
Oct 27/23 - V11 rec'd; with Cathy/Chris
Oct 25/23 - V10 sent to Province
Oct 24/23 - V9 rec'd from Province
Oct 19/23 - V8.1 submitted to Province
Oct 16/23 - with Cathy
Oct 8/23 - V8.1 with Cathy/Jen
Oct 5/23 - Followed up with Chris
Sept 19/23 - followed up with Chris re: his take-aways from meeting
Sept 11/23 - internal meeting scheduled for Sept 14
Sept 5/23 - V8 send to Province
Aug 22/23 - Question out to Ops again, then back to Cathy
Aug 9/23- V7 back from Province, question with Cathy
Aug 1/23 - V6 sent to Province 
July 17/23 - Emailed group for clarity
July 11/23 - Followed up with Chris again
July 6/23 - Follwed up with Chris/Lori
June 27/23 - Internal question out to Lori and Chris
June 23/23 - V5 back from Province
June 16/23 - V4 sent to Province
June 15/23 - New pricing from Cathy
June 13/23 - Internal meeting scheduled for June 15
June 12/23 - V4 with Lori/Cathy to answer comments
June 8/23 - V3 back from Province
June 5/23 - V2 sent to Province
June 5/23 - With Cathy to format pricing
May 18/23 - V1 sent to Province
May 18/23 - With Sian for approval
May 16/23 - Followed up with Lori
May 10/23 - Sent V1 to Lori for approval
May 3/23 - Followed up with Lori
Apr 26/23 - Sent to Lori for approval
Mar 28/23 - With Cathy
Mar 27/23 - With Cathy/Lori for review
Mar 22/23 - Pricing provided"
MFA for BC SAG,100,project phrase appears,SCO-PROV-516 Amd SCO-443 MFA for BC SAG,59,V3,CSBC,2023-06-06,2023-06-08,3,3,Next day after: June 5/23 - V2 sent to Province,June 8/23 - V3 back from Province,,"Nov 28/23 - Completed
Nov 27/23 - Final sent to Province 
Nov 27/23 - Province agreed to move to final, with Sian
Nov 6/23 - V12 sent to Province
Oct 27/23 - V11 rec'd; with Cathy/Chris
Oct 25/23 - V10 sent to Province
Oct 24/23 - V9 rec'd from Province
Oct 19/23 - V8.1 submitted to Province
Oct 16/23 - with Cathy
Oct 8/23 - V8.1 with Cathy/Jen
Oct 5/23 - Followed up with Chris
Sept 19/23 - followed up with Chris re: his take-aways from meeting
Sept 11/23 - internal meeting scheduled for Sept 14
Sept 5/23 - V8 send to Province
Aug 22/23 - Question out to Ops again, then back to Cathy
Aug 9/23- V7 back from Province, question with Cathy
Aug 1/23 - V6 sent to Province 
July 17/23 - Emailed group for clarity
July 11/23 - Followed up with Chris again
July 6/23 - Follwed up with Chris/Lori
June 27/23 - Internal question out to Lori and Chris
June 23/23 - V5 back from Province
June 16/23 - V4 sent to Province
June 15/23 - New pricing from Cathy
June 13/23 - Internal meeting scheduled for June 15
June 12/23 - V4 with Lori/Cathy to answer comments
June 8/23 - V3 back from Province
June 5/23 - V2 sent to Province
June 5/23 - With Cathy to format pricing
May 18/23 - V1 sent to Province
May 18/23 - With Sian for approval
May 16/23 - Followed up with Lori
May 10/23 - Sent V1 to Lori for approval
May 3/23 - Followed up with Lori
Apr 26/23 - Sent to Lori for approval
Mar 28/23 - With Cathy
Mar 27/23 - With Cathy/Lori for review
Mar 22/23 - Pricing provided"
MFA for BC SAG,100,project phrase appears,SCO-PROV-516 Amd SCO-443 MFA for BC SAG,59,V4,ADSL,2023-06-09,2023-06-16,8,6,Next day after: June 8/23 - V3 back from Province,June 16/23 - V4 sent to Province,,"Nov 28/23 - Completed
Nov 27/23 - Final sent to Province 
Nov 27/23 - Province agreed to move to final, with Sian
Nov 6/23 - V12 sent to Province
Oct 27/23 - V11 rec'd; with Cathy/Chris
Oct 25/23 - V10 sent to Province
Oct 24/23 - V9 rec'd from Province
Oct 19/23 - V8.1 submitted to Province
Oct 16/23 - with Cathy
Oct 8/23 - V8.1 with Cathy/Jen
Oct 5/23 - Followed up with Chris
Sept 19/23 - followed up with Chris re: his take-aways from meeting
Sept 11/23 - internal meeting scheduled for Sept 14
Sept 5/23 - V8 send to Province
Aug 22/23 - Question out to Ops again, then back to Cathy
Aug 9/23- V7 back from Province, question with Cathy
Aug 1/23 - V6 sent to Province 
July 17/23 - Emailed group for clarity
July 11/23 - Followed up with Chris again
July 6/23 - Follwed up with Chris/Lori
June 27/23 - Internal question out to Lori and Chris
June 23/23 - V5 back from Province
June 16/23 - V4 sent to Province
June 15/23 - New pricing from Cathy
June 13/23 - Internal meeting scheduled for June 15
June 12/23 - V4 with Lori/Cathy to answer comments
June 8/23 - V3 back from Province
June 5/23 - V2 sent to Province
June 5/23 - With Cathy to format pricing
May 18/23 - V1 sent to Province
May 18/23 - With Sian for approval
May 16/23 - Followed up with Lori
May 10/23 - Sent V1 to Lori for approval
May 3/23 - Followed up with Lori
Apr 26/23 - Sent to Lori for approval
Mar 28/23 - With Cathy
Mar 27/23 - With Cathy/Lori for review
Mar 22/23 - Pricing provided"
MFA for BC SAG,100,project phrase appears,SCO-PROV-516 Amd SCO-443 MFA for BC SAG,59,V5,CSBC,2023-06-17,2023-06-23,7,5,Next day after: June 16/23 - V4 sent to Province,June 23/23 - V5 back from Province,,"Nov 28/23 - Completed
Nov 27/23 - Final sent to Province 
Nov 27/23 - Province agreed to move to final, with Sian
Nov 6/23 - V12 sent to Province
Oct 27/23 - V11 rec'd; with Cathy/Chris
Oct 25/23 - V10 sent to Province
Oct 24/23 - V9 rec'd from Province
Oct 19/23 - V8.1 submitted to Province
Oct 16/23 - with Cathy
Oct 8/23 - V8.1 with Cathy/Jen
Oct 5/23 - Followed up with Chris
Sept 19/23 - followed up with Chris re: his take-aways from meeting
Sept 11/23 - internal meeting scheduled for Sept 14
Sept 5/23 - V8 send to Province
Aug 22/23 - Question out to Ops again, then back to Cathy
Aug 9/23- V7 back from Province, question with Cathy
Aug 1/23 - V6 sent to Province 
July 17/23 - Emailed group for clarity
July 11/23 - Followed up with Chris again
July 6/23 - Follwed up with Chris/Lori
June 27/23 - Internal question out to Lori and Chris
June 23/23 - V5 back from Province
June 16/23 - V4 sent to Province
June 15/23 - New pricing from Cathy
June 13/23 - Internal meeting scheduled for June 15
June 12/23 - V4 with Lori/Cathy to answer comments
June 8/23 - V3 back from Province
June 5/23 - V2 sent to Province
June 5/23 - With Cathy to format pricing
May 18/23 - V1 sent to Province
May 18/23 - With Sian for approval
May 16/23 - Followed up with Lori
May 10/23 - Sent V1 to Lori for approval
May 3/23 - Followed up with Lori
Apr 26/23 - Sent to Lori for approval
Mar 28/23 - With Cathy
Mar 27/23 - With Cathy/Lori for review
Mar 22/23 - Pricing provided"
MFA for BC SAG,100,project phrase appears,SCO-PROV-516 Amd SCO-443 MFA for BC SAG,59,V6,ADSL,2023-06-24,2023-08-01,39,27,Next day after: June 23/23 - V5 back from Province,Aug 1/23 - V6 sent to Province,,"Nov 28/23 - Completed
Nov 27/23 - Final sent to Province 
Nov 27/23 - Province agreed to move to final, with Sian
Nov 6/23 - V12 sent to Province
Oct 27/23 - V11 rec'd; with Cathy/Chris
Oct 25/23 - V10 sent to Province
Oct 24/23 - V9 rec'd from Province
Oct 19/23 - V8.1 submitted to Province
Oct 16/23 - with Cathy
Oct 8/23 - V8.1 with Cathy/Jen
Oct 5/23 - Followed up with Chris
Sept 19/23 - followed up with Chris re: his take-aways from meeting
Sept 11/23 - internal meeting scheduled for Sept 14
Sept 5/23 - V8 send to Province
Aug 22/23 - Question out to Ops again, then back to Cathy
Aug 9/23- V7 back from Province, question with Cathy
Aug 1/23 - V6 sent to Province 
July 17/23 - Emailed group for clarity
July 11/23 - Followed up with Chris again
July 6/23 - Follwed up with Chris/Lori
June 27/23 - Internal question out to Lori and Chris
June 23/23 - V5 back from Province
June 16/23 - V4 sent to Province
June 15/23 - New pricing from Cathy
June 13/23 - Internal meeting scheduled for June 15
June 12/23 - V4 with Lori/Cathy to answer comments
June 8/23 - V3 back from Province
June 5/23 - V2 sent to Province
June 5/23 - With Cathy to format pricing
May 18/23 - V1 sent to Province
May 18/23 - With Sian for approval
May 16/23 - Followed up with Lori
May 10/23 - Sent V1 to Lori for approval
May 3/23 - Followed up with Lori
Apr 26/23 - Sent to Lori for approval
Mar 28/23 - With Cathy
Mar 27/23 - With Cathy/Lori for review
Mar 22/23 - Pricing provided"
MFA for BC SAG,100,project phrase appears,SCO-PROV-516 Amd SCO-443 MFA for BC SAG,59,V7,CSBC,2023-08-02,2023-08-09,8,6,Next day after: Aug 1/23 - V6 sent to Province,"Aug 9/23- V7 back from Province, question with Cathy",,"Nov 28/23 - Completed
Nov 27/23 - Final sent to Province 
Nov 27/23 - Province agreed to move to final, with Sian
Nov 6/23 - V12 sent to Province
Oct 27/23 - V11 rec'd; with Cathy/Chris
Oct 25/23 - V10 sent to Province
Oct 24/23 - V9 rec'd from Province
Oct 19/23 - V8.1 submitted to Province
Oct 16/23 - with Cathy
Oct 8/23 - V8.1 with Cathy/Jen
Oct 5/23 - Followed up with Chris
Sept 19/23 - followed up with Chris re: his take-aways from meeting
Sept 11/23 - internal meeting scheduled for Sept 14
Sept 5/23 - V8 send to Province
Aug 22/23 - Question out to Ops again, then back to Cathy
Aug 9/23- V7 back from Province, question with Cathy
Aug 1/23 - V6 sent to Province 
July 17/23 - Emailed group for clarity
July 11/23 - Followed up with Chris again
July 6/23 - Follwed up with Chris/Lori
June 27/23 - Internal question out to Lori and Chris
June 23/23 - V5 back from Province
June 16/23 - V4 sent to Province
June 15/23 - New pricing from Cathy
June 13/23 - Internal meeting scheduled for June 15
June 12/23 - V4 with Lori/Cathy to answer comments
June 8/23 - V3 back from Province
June 5/23 - V2 sent to Province
June 5/23 - With Cathy to format pricing
May 18/23 - V1 sent to Province
May 18/23 - With Sian for approval
May 16/23 - Followed up with Lori
May 10/23 - Sent V1 to Lori for approval
May 3/23 - Followed up with Lori
Apr 26/23 - Sent to Lori for approval
Mar 28/23 - With Cathy
Mar 27/23 - With Cathy/Lori for review
Mar 22/23 - Pricing provided"
MFA for BC SAG,100,project phrase appears,SCO-PROV-516 Amd SCO-443 MFA for BC SAG,59,V8,ADSL,2023-08-10,2023-10-08,60,42,"Next day after: Aug 9/23- V7 back from Province, question with Cathy",Oct 8/23 - V8.1 with Cathy/Jen,,"Nov 28/23 - Completed
Nov 27/23 - Final sent to Province 
Nov 27/23 - Province agreed to move to final, with Sian
Nov 6/23 - V12 sent to Province
Oct 27/23 - V11 rec'd; with Cathy/Chris
Oct 25/23 - V10 sent to Province
Oct 24/23 - V9 rec'd from Province
Oct 19/23 - V8.1 submitted to Province
Oct 16/23 - with Cathy
Oct 8/23 - V8.1 with Cathy/Jen
Oct 5/23 - Followed up with Chris
Sept 19/23 - followed up with Chris re: his take-aways from meeting
Sept 11/23 - internal meeting scheduled for Sept 14
Sept 5/23 - V8 send to Province
Aug 22/23 - Question out to Ops again, then back to Cathy
Aug 9/23- V7 back from Province, question with Cathy
Aug 1/23 - V6 sent to Province 
July 17/23 - Emailed group for clarity
July 11/23 - Followed up with Chris again
July 6/23 - Follwed up with Chris/Lori
June 27/23 - Internal question out to Lori and Chris
June 23/23 - V5 back from Province
June 16/23 - V4 sent to Province
June 15/23 - New pricing from Cathy
June 13/23 - Internal meeting scheduled for June 15
June 12/23 - V4 with Lori/Cathy to answer comments
June 8/23 - V3 back from Province
June 5/23 - V2 sent to Province
June 5/23 - With Cathy to format pricing
May 18/23 - V1 sent to Province
May 18/23 - With Sian for approval
May 16/23 - Followed up with Lori
May 10/23 - Sent V1 to Lori for approval
May 3/23 - Followed up with Lori
Apr 26/23 - Sent to Lori for approval
Mar 28/23 - With Cathy
Mar 27/23 - With Cathy/Lori for review
Mar 22/23 - Pricing provided"
MFA for BC SAG,100,project phrase appears,SCO-PROV-516 Amd SCO-443 MFA for BC SAG,59,V8.1,CSBC,2023-10-08,2023-10-08,1,0,Oct 8/23 - V8.1 with Cathy/Jen,Oct 8/23 - V8.1 with Cathy/Jen,Lori: inferred handoff to ADSL from internal ADSL work line; please confirm.,"Nov 28/23 - Completed
Nov 27/23 - Final sent to Province 
Nov 27/23 - Province agreed to move to final, with Sian
Nov 6/23 - V12 sent to Province
Oct 27/23 - V11 rec'd; with Cathy/Chris
Oct 25/23 - V10 sent to Province
Oct 24/23 - V9 rec'd from Province
Oct 19/23 - V8.1 submitted to Province
Oct 16/23 - with Cathy
Oct 8/23 - V8.1 with Cathy/Jen
Oct 5/23 - Followed up with Chris
Sept 19/23 - followed up with Chris re: his take-aways from meeting
Sept 11/23 - internal meeting scheduled for Sept 14
Sept 5/23 - V8 send to Province
Aug 22/23 - Question out to Ops again, then back to Cathy
Aug 9/23- V7 back from Province, question with Cathy
Aug 1/23 - V6 sent to Province 
July 17/23 - Emailed group for clarity
July 11/23 - Followed up with Chris again
July 6/23 - Follwed up with Chris/Lori
June 27/23 - Internal question out to Lori and Chris
June 23/23 - V5 back from Province
June 16/23 - V4 sent to Province
June 15/23 - New pricing from Cathy
June 13/23 - Internal meeting scheduled for June 15
June 12/23 - V4 with Lori/Cathy to answer comments
June 8/23 - V3 back from Province
June 5/23 - V2 sent to Province
June 5/23 - With Cathy to format pricing
May 18/23 - V1 sent to Province
May 18/23 - With Sian for approval
May 16/23 - Followed up with Lori
May 10/23 - Sent V1 to Lori for approval
May 3/23 - Followed up with Lori
Apr 26/23 - Sent to Lori for approval
Mar 28/23 - With Cathy
Mar 27/23 - With Cathy/Lori for review
Mar 22/23 - Pricing provided"
MFA for BC SAG,100,project phrase appears,SCO-PROV-516 Amd SCO-443 MFA for BC SAG,59,V9,ADSL,2023-10-08,2023-10-19,12,9,Oct 8/23 - V8.1 with Cathy/Jen,Oct 19/23 - V8.1 submitted to Province,,"Nov 28/23 - Completed
Nov 27/23 - Final sent to Province 
Nov 27/23 - Province agreed to move to final, with Sian
Nov 6/23 - V12 sent to Province
Oct 27/23 - V11 rec'd; with Cathy/Chris
Oct 25/23 - V10 sent to Province
Oct 24/23 - V9 rec'd from Province
Oct 19/23 - V8.1 submitted to Province
Oct 16/23 - with Cathy
Oct 8/23 - V8.1 with Cathy/Jen
Oct 5/23 - Followed up with Chris
Sept 19/23 - followed up with Chris re: his take-aways from meeting
Sept 11/23 - internal meeting scheduled for Sept 14
Sept 5/23 - V8 send to Province
Aug 22/23 - Question out to Ops again, then back to Cathy
Aug 9/23- V7 back from Province, question with Cathy
Aug 1/23 - V6 sent to Province 
July 17/23 - Emailed group for clarity
July 11/23 - Followed up with Chris again
July 6/23 - Follwed up with Chris/Lori
June 27/23 - Internal question out to Lori and Chris
June 23/23 - V5 back from Province
June 16/23 - V4 sent to Province
June 15/23 - New pricing from Cathy
June 13/23 - Internal meeting scheduled for June 15
June 12/23 - V4 with Lori/Cathy to answer comments
June 8/23 - V3 back from Province
June 5/23 - V2 sent to Province
June 5/23 - With Cathy to format pricing
May 18/23 - V1 sent to Province
May 18/23 - With Sian for approval
May 16/23 - Followed up with Lori
May 10/23 - Sent V1 to Lori for approval
May 3/23 - Followed up with Lori
Apr 26/23 - Sent to Lori for approval
Mar 28/23 - With Cathy
Mar 27/23 - With Cathy/Lori for review
Mar 22/23 - Pricing provided"
MFA for BC SAG,100,project phrase appears,SCO-PROV-516 Amd SCO-443 MFA for BC SAG,59,V8.1,ADSL,2023-10-19,2023-10-19,1,1,Oct 19/23 - V8.1 submitted to Province,Oct 19/23 - V8.1 submitted to Province,,"Nov 28/23 - Completed
Nov 27/23 - Final sent to Province 
Nov 27/23 - Province agreed to move to final, with Sian
Nov 6/23 - V12 sent to Province
Oct 27/23 - V11 rec'd; with Cathy/Chris
Oct 25/23 - V10 sent to Province
Oct 24/23 - V9 rec'd from Province
Oct 19/23 - V8.1 submitted to Province
Oct 16/23 - with Cathy
Oct 8/23 - V8.1 with Cathy/Jen
Oct 5/23 - Followed up with Chris
Sept 19/23 - followed up with Chris re: his take-aways from meeting
Sept 11/23 - internal meeting scheduled for Sept 14
Sept 5/23 - V8 send to Province
Aug 22/23 - Question out to Ops again, then back to Cathy
Aug 9/23- V7 back from Province, question with Cathy
Aug 1/23 - V6 sent to Province 
July 17/23 - Emailed group for clarity
July 11/23 - Followed up with Chris again
July 6/23 - Follwed up with Chris/Lori
June 27/23 - Internal question out to Lori and Chris
June 23/23 - V5 back from Province
June 16/23 - V4 sent to Province
June 15/23 - New pricing from Cathy
June 13/23 - Internal meeting scheduled for June 15
June 12/23 - V4 with Lori/Cathy to answer comments
June 8/23 - V3 back from Province
June 5/23 - V2 sent to Province
June 5/23 - With Cathy to format pricing
May 18/23 - V1 sent to Province
May 18/23 - With Sian for approval
May 16/23 - Followed up with Lori
May 10/23 - Sent V1 to Lori for approval
May 3/23 - Followed up with Lori
Apr 26/23 - Sent to Lori for approval
Mar 28/23 - With Cathy
Mar 27/23 - With Cathy/Lori for review
Mar 22/23 - Pricing provided"
MFA for BC SAG,100,project phrase appears,SCO-PROV-516 Amd SCO-443 MFA for BC SAG,59,V9,CSBC,2023-10-20,2023-10-24,5,3,Next day after: Oct 19/23 - V8.1 submitted to Province,Oct 24/23 - V9 rec'd from Province,,"Nov 28/23 - Completed
Nov 27/23 - Final sent to Province 
Nov 27/23 - Province agreed to move to final, with Sian
Nov 6/23 - V12 sent to Province
Oct 27/23 - V11 rec'd; with Cathy/Chris
Oct 25/23 - V10 sent to Province
Oct 24/23 - V9 rec'd from Province
Oct 19/23 - V8.1 submitted to Province
Oct 16/23 - with Cathy
Oct 8/23 - V8.1 with Cathy/Jen
Oct 5/23 - Followed up with Chris
Sept 19/23 - followed up with Chris re: his take-aways from meeting
Sept 11/23 - internal meeting scheduled for Sept 14
Sept 5/23 - V8 send to Province
Aug 22/23 - Question out to Ops again, then back to Cathy
Aug 9/23- V7 back from Province, question with Cathy
Aug 1/23 - V6 sent to Province 
July 17/23 - Emailed group for clarity
July 11/23 - Followed up with Chris again
July 6/23 - Follwed up with Chris/Lori
June 27/23 - Internal question out to Lori and Chris
June 23/23 - V5 back from Province
June 16/23 - V4 sent to Province
June 15/23 - New pricing from Cathy
June 13/23 - Internal meeting scheduled for June 15
June 12/23 - V4 with Lori/Cathy to answer comments
June 8/23 - V3 back from Province
June 5/23 - V2 sent to Province
June 5/23 - With Cathy to format pricing
May 18/23 - V1 sent to Province
May 18/23 - With Sian for approval
May 16/23 - Followed up with Lori
May 10/23 - Sent V1 to Lori for approval
May 3/23 - Followed up with Lori
Apr 26/23 - Sent to Lori for approval
Mar 28/23 - With Cathy
Mar 27/23 - With Cathy/Lori for review
Mar 22/23 - Pricing provided"
MFA for BC SAG,100,project phrase appears,SCO-PROV-516 Amd SCO-443 MFA for BC SAG,59,V10,ADSL,2023-10-25,2023-10-25,1,1,Next day after: Oct 24/23 - V9 rec'd from Province,Oct 25/23 - V10 sent to Province,,"Nov 28/23 - Completed
Nov 27/23 - Final sent to Province 
Nov 27/23 - Province agreed to move to final, with Sian
Nov 6/23 - V12 sent to Province
Oct 27/23 - V11 rec'd; with Cathy/Chris
Oct 25/23 - V10 sent to Province
Oct 24/23 - V9 rec'd from Province
Oct 19/23 - V8.1 submitted to Province
Oct 16/23 - with Cathy
Oct 8/23 - V8.1 with Cathy/Jen
Oct 5/23 - Followed up with Chris
Sept 19/23 - followed up with Chris re: his take-aways from meeting
Sept 11/23 - internal meeting scheduled for Sept 14
Sept 5/23 - V8 send to Province
Aug 22/23 - Question out to Ops again, then back to Cathy
Aug 9/23- V7 back from Province, question with Cathy
Aug 1/23 - V6 sent to Province 
July 17/23 - Emailed group for clarity
July 11/23 - Followed up with Chris again
July 6/23 - Follwed up with Chris/Lori
June 27/23 - Internal question out to Lori and Chris
June 23/23 - V5 back from Province
June 16/23 - V4 sent to Province
June 15/23 - New pricing from Cathy
June 13/23 - Internal meeting scheduled for June 15
June 12/23 - V4 with Lori/Cathy to answer comments
June 8/23 - V3 back from Province
June 5/23 - V2 sent to Province
June 5/23 - With Cathy to format pricing
May 18/23 - V1 sent to Province
May 18/23 - With Sian for approval
May 16/23 - Followed up with Lori
May 10/23 - Sent V1 to Lori for approval
May 3/23 - Followed up with Lori
Apr 26/23 - Sent to Lori for approval
Mar 28/23 - With Cathy
Mar 27/23 - With Cathy/Lori for review
Mar 22/23 - Pricing provided"
MFA for BC SAG,100,project phrase appears,SCO-PROV-516 Amd SCO-443 MFA for BC SAG,59,V11,CSBC,2023-10-26,2023-10-27,2,2,Next day after: Oct 25/23 - V10 sent to Province,Oct 27/23 - V11 rec'd; with Cathy/Chris,,"Nov 28/23 - Completed
Nov 27/23 - Final sent to Province 
Nov 27/23 - Province agreed to move to final, with Sian
Nov 6/23 - V12 sent to Province
Oct 27/23 - V11 rec'd; with Cathy/Chris
Oct 25/23 - V10 sent to Province
Oct 24/23 - V9 rec'd from Province
Oct 19/23 - V8.1 submitted to Province
Oct 16/23 - with Cathy
Oct 8/23 - V8.1 with Cathy/Jen
Oct 5/23 - Followed up with Chris
Sept 19/23 - followed up with Chris re: his take-aways from meeting
Sept 11/23 - internal meeting scheduled for Sept 14
Sept 5/23 - V8 send to Province
Aug 22/23 - Question out to Ops again, then back to Cathy
Aug 9/23- V7 back from Province, question with Cathy
Aug 1/23 - V6 sent to Province 
July 17/23 - Emailed group for clarity
July 11/23 - Followed up with Chris again
July 6/23 - Follwed up with Chris/Lori
June 27/23 - Internal question out to Lori and Chris
June 23/23 - V5 back from Province
June 16/23 - V4 sent to Province
June 15/23 - New pricing from Cathy
June 13/23 - Internal meeting scheduled for June 15
June 12/23 - V4 with Lori/Cathy to answer comments
June 8/23 - V3 back from Province
June 5/23 - V2 sent to Province
June 5/23 - With Cathy to format pricing
May 18/23 - V1 sent to Province
May 18/23 - With Sian for approval
May 16/23 - Followed up with Lori
May 10/23 - Sent V1 to Lori for approval
May 3/23 - Followed up with Lori
Apr 26/23 - Sent to Lori for approval
Mar 28/23 - With Cathy
Mar 27/23 - With Cathy/Lori for review
Mar 22/23 - Pricing provided"
MFA for BC SAG,100,project phrase appears,SCO-PROV-516 Amd SCO-443 MFA for BC SAG,59,V12,ADSL,2023-10-28,2023-11-06,10,6,Next day after: Oct 27/23 - V11 rec'd; with Cathy/Chris,Nov 6/23 - V12 sent to Province,,"Nov 28/23 - Completed
Nov 27/23 - Final sent to Province 
Nov 27/23 - Province agreed to move to final, with Sian
Nov 6/23 - V12 sent to Province
Oct 27/23 - V11 rec'd; with Cathy/Chris
Oct 25/23 - V10 sent to Province
Oct 24/23 - V9 rec'd from Province
Oct 19/23 - V8.1 submitted to Province
Oct 16/23 - with Cathy
Oct 8/23 - V8.1 with Cathy/Jen
Oct 5/23 - Followed up with Chris
Sept 19/23 - followed up with Chris re: his take-aways from meeting
Sept 11/23 - internal meeting scheduled for Sept 14
Sept 5/23 - V8 send to Province
Aug 22/23 - Question out to Ops again, then back to Cathy
Aug 9/23- V7 back from Province, question with Cathy
Aug 1/23 - V6 sent to Province 
July 17/23 - Emailed group for clarity
July 11/23 - Followed up with Chris again
July 6/23 - Follwed up with Chris/Lori
June 27/23 - Internal question out to Lori and Chris
June 23/23 - V5 back from Province
June 16/23 - V4 sent to Province
June 15/23 - New pricing from Cathy
June 13/23 - Internal meeting scheduled for June 15
June 12/23 - V4 with Lori/Cathy to answer comments
June 8/23 - V3 back from Province
June 5/23 - V2 sent to Province
June 5/23 - With Cathy to format pricing
May 18/23 - V1 sent to Province
May 18/23 - With Sian for approval
May 16/23 - Followed up with Lori
May 10/23 - Sent V1 to Lori for approval
May 3/23 - Followed up with Lori
Apr 26/23 - Sent to Lori for approval
Mar 28/23 - With Cathy
Mar 27/23 - With Cathy/Lori for review
Mar 22/23 - Pricing provided"
MFA for BC SAG,100,project phrase appears,SCO-PROV-516 Amd SCO-443 MFA for BC SAG,59,V12,SIGNINGTIME,2023-11-27,2023-11-28,2,2,Nov 27/23 - Final sent to Province,Nov 28/23 - Completed,,"Nov 28/23 - Completed
Nov 27/23 - Final sent to Province 
Nov 27/23 - Province agreed to move to final, with Sian
Nov 6/23 - V12 sent to Province
Oct 27/23 - V11 rec'd; with Cathy/Chris
Oct 25/23 - V10 sent to Province
Oct 24/23 - V9 rec'd from Province
Oct 19/23 - V8.1 submitted to Province
Oct 16/23 - with Cathy
Oct 8/23 - V8.1 with Cathy/Jen
Oct 5/23 - Followed up with Chris
Sept 19/23 - followed up with Chris re: his take-aways from meeting
Sept 11/23 - internal meeting scheduled for Sept 14
Sept 5/23 - V8 send to Province
Aug 22/23 - Question out to Ops again, then back to Cathy
Aug 9/23- V7 back from Province, question with Cathy
Aug 1/23 - V6 sent to Province 
July 17/23 - Emailed group for clarity
July 11/23 - Followed up with Chris again
July 6/23 - Follwed up with Chris/Lori
June 27/23 - Internal question out to Lori and Chris
June 23/23 - V5 back from Province
June 16/23 - V4 sent to Province
June 15/23 - New pricing from Cathy
June 13/23 - Internal meeting scheduled for June 15
June 12/23 - V4 with Lori/Cathy to answer comments
June 8/23 - V3 back from Province
June 5/23 - V2 sent to Province
June 5/23 - With Cathy to format pricing
May 18/23 - V1 sent to Province
May 18/23 - With Sian for approval
May 16/23 - Followed up with Lori
May 10/23 - Sent V1 to Lori for approval
May 3/23 - Followed up with Lori
Apr 26/23 - Sent to Lori for approval
Mar 28/23 - With Cathy
Mar 27/23 - With Cathy/Lori for review
Mar 22/23 - Pricing provided"
MFA for BC SAG,100,project phrase appears,SCO-PROV-752 Amd SCO-443 MFA for BC SAG,130,V1,ADSL,2025-07-04,2025-07-07,4,2,"July 4/25 - Dan Deane confirmed servers; SCO updated, with Tyler",July 7/25 - V1 sent to Province,,"Sept 22/25 - Cancelled
Sept 16/25 - Carol confirmed it can be cancelled.
July 28/25 - V2.1 rec'd; with Cathy
July 7/25 - V1 sent to Province
July 4/25 - Dan Deane confirmed servers; SCO updated, with Tyler
With Alex Thompson to confirm servers"
MFA for BC SAG,100,project phrase appears,SCO-PROV-752 Amd SCO-443 MFA for BC SAG,130,V2.1,CSBC,2025-07-08,2025-07-28,21,15,Next day after: July 7/25 - V1 sent to Province,July 28/25 - V2.1 rec'd; with Cathy,,"Sept 22/25 - Cancelled
Sept 16/25 - Carol confirmed it can be cancelled.
July 28/25 - V2.1 rec'd; with Cathy
July 7/25 - V1 sent to Province
July 4/25 - Dan Deane confirmed servers; SCO updated, with Tyler
With Alex Thompson to confirm servers"
MFA for BC SAG,100,project phrase appears,SCO-PROV-752 Amd SCO-443 MFA for BC SAG,130,V3,ADSL,2025-07-29,2025-09-22,56,40,Next day after: July 28/25 - V2.1 rec'd; with Cathy,Sept 22/25 - Cancelled,,"Sept 22/25 - Cancelled
Sept 16/25 - Carol confirmed it can be cancelled.
July 28/25 - V2.1 rec'd; with Cathy
July 7/25 - V1 sent to Province
July 4/25 - Dan Deane confirmed servers; SCO updated, with Tyler
With Alex Thompson to confirm servers"
MFA for VDI,100,project phrase appears,SCO-PROV-748 MFA for VDI,126,V1,ADSL,2025-06-16,2025-06-24,9,7,"June 16/25 - with Erwin, Cathy, Joyce",June 24/25 - V1 sent to Province,,"Oct 2/25 - Adobe Sign
Sept 25/25 - V3 sent to Province
Sept 24/25 - V2 rec'd; with Nicole / Erwin
Aug 21/25 - SOW approved; V1.1 sent to Province
July 22/25 - waiting for Emma's approval of revised SOW
June 24/25 - V1 sent to Province
June 19/25 - with Sian
June 17/25 - with Tyler
June 16/25 - with Erwin, Cathy, Joyce"
MFA for VDI,100,project phrase appears,SCO-PROV-748 MFA for VDI,126,V2,CSBC,2025-06-25,2025-09-24,92,66,Next day after: June 24/25 - V1 sent to Province,Sept 24/25 - V2 rec'd; with Nicole / Erwin,,"Oct 2/25 - Adobe Sign
Sept 25/25 - V3 sent to Province
Sept 24/25 - V2 rec'd; with Nicole / Erwin
Aug 21/25 - SOW approved; V1.1 sent to Province
July 22/25 - waiting for Emma's approval of revised SOW
June 24/25 - V1 sent to Province
June 19/25 - with Sian
June 17/25 - with Tyler
June 16/25 - with Erwin, Cathy, Joyce"
MFA for VDI,100,project phrase appears,SCO-PROV-748 MFA for VDI,126,V1.1,ADSL,2025-08-21,2025-08-21,1,1,Aug 21/25 - SOW approved; V1.1 sent to Province,Aug 21/25 - SOW approved; V1.1 sent to Province,,"Oct 2/25 - Adobe Sign
Sept 25/25 - V3 sent to Province
Sept 24/25 - V2 rec'd; with Nicole / Erwin
Aug 21/25 - SOW approved; V1.1 sent to Province
July 22/25 - waiting for Emma's approval of revised SOW
June 24/25 - V1 sent to Province
June 19/25 - with Sian
June 17/25 - with Tyler
June 16/25 - with Erwin, Cathy, Joyce"
MFA for VDI,100,project phrase appears,SCO-PROV-748 MFA for VDI,126,V3,ADSL,2025-09-25,2025-09-25,1,1,Next day after: Sept 24/25 - V2 rec'd; with Nicole / Erwin,Sept 25/25 - V3 sent to Province,,"Oct 2/25 - Adobe Sign
Sept 25/25 - V3 sent to Province
Sept 24/25 - V2 rec'd; with Nicole / Erwin
Aug 21/25 - SOW approved; V1.1 sent to Province
July 22/25 - waiting for Emma's approval of revised SOW
June 24/25 - V1 sent to Province
June 19/25 - with Sian
June 17/25 - with Tyler
June 16/25 - with Erwin, Cathy, Joyce"
MFA for VDI,100,project phrase appears,SCO-PROV-748 MFA for VDI,126,V3,SIGNINGTIME,2025-10-02,2025-10-02,1,1,Oct 2/25 - Adobe Sign,Oct 2/25 - Adobe Sign,,"Oct 2/25 - Adobe Sign
Sept 25/25 - V3 sent to Province
Sept 24/25 - V2 rec'd; with Nicole / Erwin
Aug 21/25 - SOW approved; V1.1 sent to Province
July 22/25 - waiting for Emma's approval of revised SOW
June 24/25 - V1 sent to Province
June 19/25 - with Sian
June 17/25 - with Tyler
June 16/25 - with Erwin, Cathy, Joyce"
MS Defender Proof of Concept,50,token overlap 1/2,SCO-PROV-728 Defender Anti-Virus,106,V1,ADSL,2025-04-14,2025-04-17,4,4,Apr 14/25 - SOW approved,Apr 17/25 - V1 sent to Province,"Lori: please confirm this project/SCO mapping. This is an educated guess: ""MS Defender Proof of Concept"" -> ""SCO-PROV-728 Defender Anti-Virus"" (token overlap 1/2, score 50).","Apr 28/25 - Completed
Apr 28/25 - Move to final, sent via AdobeSign
Apr 25/25 - V2 back from Province
Apr 17/25 - V1 sent to Province
Apr 17/25 - With Tyler, with Sian
Apr 17/25 - With Nicole/Cathy for review
Apr 14/25 - SOW approved"
MS Defender Proof of Concept,50,token overlap 1/2,SCO-PROV-728 Defender Anti-Virus,106,V2,CSBC,2025-04-18,2025-04-25,8,6,Next day after: Apr 17/25 - V1 sent to Province,Apr 25/25 - V2 back from Province,"Lori: please confirm this project/SCO mapping. This is an educated guess: ""MS Defender Proof of Concept"" -> ""SCO-PROV-728 Defender Anti-Virus"" (token overlap 1/2, score 50).","Apr 28/25 - Completed
Apr 28/25 - Move to final, sent via AdobeSign
Apr 25/25 - V2 back from Province
Apr 17/25 - V1 sent to Province
Apr 17/25 - With Tyler, with Sian
Apr 17/25 - With Nicole/Cathy for review
Apr 14/25 - SOW approved"
MS Defender Proof of Concept,50,token overlap 1/2,SCO-PROV-728 Defender Anti-Virus,106,V2,SIGNINGTIME,2025-04-28,2025-04-28,1,1,Apr 28/25 - Completed,"Apr 28/25 - Move to final, sent via AdobeSign","Lori: please confirm this project/SCO mapping. This is an educated guess: ""MS Defender Proof of Concept"" -> ""SCO-PROV-728 Defender Anti-Virus"" (token overlap 1/2, score 50).","Apr 28/25 - Completed
Apr 28/25 - Move to final, sent via AdobeSign
Apr 25/25 - V2 back from Province
Apr 17/25 - V1 sent to Province
Apr 17/25 - With Tyler, with Sian
Apr 17/25 - With Nicole/Cathy for review
Apr 14/25 - SOW approved"
Maestro Firewall Upgrade (Addition),88,token overlap 1/3; hint matched: maestro,CR-CAP-038 Maestro GEN_SEC Refresh,197,V1,ADSL,2025-03-31,2025-07-07,99,71,Mar 31/25 - with Sam,July 7/25 - V1.1 with Cathy/Joyce,"Lori: please confirm this project/SCO mapping. This is an educated guess: ""Maestro Firewall Upgrade (Addition)"" -> ""CR-CAP-038 Maestro GEN_SEC Refresh"" (token overlap 1/3; hint matched: maestro, score 88).","Aug 27/25 - Adobe Sign
Aug 26/25 - approved for signing; Province to confirm signatory
Aug 7/25 - V3 sent to Province
Aug 6/25 - V2.3 rec'd
July 8/25 - V1.1 sent to Province
July 7/25 - V1.1 with Cathy/Joyce
July 4/25 - Joyce updating table
June 27/25 - internal meeting scheduled for July 4
June 24/25 - with Sam / Joyce
June 12/25 - Still waiting on quotes for a few replacement items
May 27/25 - Pending client design approval and final quotes from vendors.
May 15/25 - Brian and Sam discussing
Apr 22/25 - No Tech Stew approval needed, Province has V1
Apr 1/25 - V1 sent to Province, pending tech stew
Mar 31/25 - with Sam"
Maestro Firewall Upgrade (Addition),88,token overlap 1/3; hint matched: maestro,CR-CAP-038 Maestro GEN_SEC Refresh,197,V2,CSBC,2025-04-02,2025-04-22,21,15,"Next day after: Apr 1/25 - V1 sent to Province, pending tech stew","Apr 22/25 - No Tech Stew approval needed, Province has V1","Lori: please confirm this project/SCO mapping. This is an educated guess: ""Maestro Firewall Upgrade (Addition)"" -> ""CR-CAP-038 Maestro GEN_SEC Refresh"" (token overlap 1/3; hint matched: maestro, score 88).","Aug 27/25 - Adobe Sign
Aug 26/25 - approved for signing; Province to confirm signatory
Aug 7/25 - V3 sent to Province
Aug 6/25 - V2.3 rec'd
July 8/25 - V1.1 sent to Province
July 7/25 - V1.1 with Cathy/Joyce
July 4/25 - Joyce updating table
June 27/25 - internal meeting scheduled for July 4
June 24/25 - with Sam / Joyce
June 12/25 - Still waiting on quotes for a few replacement items
May 27/25 - Pending client design approval and final quotes from vendors.
May 15/25 - Brian and Sam discussing
Apr 22/25 - No Tech Stew approval needed, Province has V1
Apr 1/25 - V1 sent to Province, pending tech stew
Mar 31/25 - with Sam"
Maestro Firewall Upgrade (Addition),88,token overlap 1/3; hint matched: maestro,CR-CAP-038 Maestro GEN_SEC Refresh,197,V1.1,ADSL,2025-07-07,2025-07-08,2,2,July 7/25 - V1.1 with Cathy/Joyce,July 8/25 - V1.1 sent to Province,"Lori: please confirm this project/SCO mapping. This is an educated guess: ""Maestro Firewall Upgrade (Addition)"" -> ""CR-CAP-038 Maestro GEN_SEC Refresh"" (token overlap 1/3; hint matched: maestro, score 88).","Aug 27/25 - Adobe Sign
Aug 26/25 - approved for signing; Province to confirm signatory
Aug 7/25 - V3 sent to Province
Aug 6/25 - V2.3 rec'd
July 8/25 - V1.1 sent to Province
July 7/25 - V1.1 with Cathy/Joyce
July 4/25 - Joyce updating table
June 27/25 - internal meeting scheduled for July 4
June 24/25 - with Sam / Joyce
June 12/25 - Still waiting on quotes for a few replacement items
May 27/25 - Pending client design approval and final quotes from vendors.
May 15/25 - Brian and Sam discussing
Apr 22/25 - No Tech Stew approval needed, Province has V1
Apr 1/25 - V1 sent to Province, pending tech stew
Mar 31/25 - with Sam"
Maestro Firewall Upgrade (Addition),88,token overlap 1/3; hint matched: maestro,CR-CAP-038 Maestro GEN_SEC Refresh,197,V2.3,CSBC,2025-07-09,2025-08-06,29,21,Next day after: July 8/25 - V1.1 sent to Province,Aug 6/25 - V2.3 rec'd,"Lori: please confirm this project/SCO mapping. This is an educated guess: ""Maestro Firewall Upgrade (Addition)"" -> ""CR-CAP-038 Maestro GEN_SEC Refresh"" (token overlap 1/3; hint matched: maestro, score 88).","Aug 27/25 - Adobe Sign
Aug 26/25 - approved for signing; Province to confirm signatory
Aug 7/25 - V3 sent to Province
Aug 6/25 - V2.3 rec'd
July 8/25 - V1.1 sent to Province
July 7/25 - V1.1 with Cathy/Joyce
July 4/25 - Joyce updating table
June 27/25 - internal meeting scheduled for July 4
June 24/25 - with Sam / Joyce
June 12/25 - Still waiting on quotes for a few replacement items
May 27/25 - Pending client design approval and final quotes from vendors.
May 15/25 - Brian and Sam discussing
Apr 22/25 - No Tech Stew approval needed, Province has V1
Apr 1/25 - V1 sent to Province, pending tech stew
Mar 31/25 - with Sam"
Maestro Firewall Upgrade (Addition),88,token overlap 1/3; hint matched: maestro,CR-CAP-038 Maestro GEN_SEC Refresh,197,V3,ADSL,2025-08-07,2025-08-07,1,1,Next day after: Aug 6/25 - V2.3 rec'd,Aug 7/25 - V3 sent to Province,"Lori: please confirm this project/SCO mapping. This is an educated guess: ""Maestro Firewall Upgrade (Addition)"" -> ""CR-CAP-038 Maestro GEN_SEC Refresh"" (token overlap 1/3; hint matched: maestro, score 88).","Aug 27/25 - Adobe Sign
Aug 26/25 - approved for signing; Province to confirm signatory
Aug 7/25 - V3 sent to Province
Aug 6/25 - V2.3 rec'd
July 8/25 - V1.1 sent to Province
July 7/25 - V1.1 with Cathy/Joyce
July 4/25 - Joyce updating table
June 27/25 - internal meeting scheduled for July 4
June 24/25 - with Sam / Joyce
June 12/25 - Still waiting on quotes for a few replacement items
May 27/25 - Pending client design approval and final quotes from vendors.
May 15/25 - Brian and Sam discussing
Apr 22/25 - No Tech Stew approval needed, Province has V1
Apr 1/25 - V1 sent to Province, pending tech stew
Mar 31/25 - with Sam"
Maestro Firewall Upgrade (Addition),88,token overlap 1/3; hint matched: maestro,CR-CAP-038 Maestro GEN_SEC Refresh,197,V3,SIGNINGTIME,2025-08-27,2025-08-27,1,1,Aug 27/25 - Adobe Sign,Aug 27/25 - Adobe Sign,"Lori: please confirm this project/SCO mapping. This is an educated guess: ""Maestro Firewall Upgrade (Addition)"" -> ""CR-CAP-038 Maestro GEN_SEC Refresh"" (token overlap 1/3; hint matched: maestro, score 88).","Aug 27/25 - Adobe Sign
Aug 26/25 - approved for signing; Province to confirm signatory
Aug 7/25 - V3 sent to Province
Aug 6/25 - V2.3 rec'd
July 8/25 - V1.1 sent to Province
July 7/25 - V1.1 with Cathy/Joyce
July 4/25 - Joyce updating table
June 27/25 - internal meeting scheduled for July 4
June 24/25 - with Sam / Joyce
June 12/25 - Still waiting on quotes for a few replacement items
May 27/25 - Pending client design approval and final quotes from vendors.
May 15/25 - Brian and Sam discussing
Apr 22/25 - No Tech Stew approval needed, Province has V1
Apr 1/25 - V1 sent to Province, pending tech stew
Mar 31/25 - with Sam"
Maestro Firewall Upgrade (Addition),88,token overlap 1/3; hint matched: firewall,CR-CAP-091 SIS Firewall Maintenance,251,V1,ADSL,2025-11-26,2025-11-27,2,2,Nov 26/25 - with Sian,Nov 27/25 - V1 sent to Province,"Lori: please confirm this project/SCO mapping. This is an educated guess: ""Maestro Firewall Upgrade (Addition)"" -> ""CR-CAP-091 SIS Firewall Maintenance"" (token overlap 1/3; hint matched: firewall, score 88).","Dec 3/25 - Adobe Sign
Nov 27/25 - V1 sent to Province
Nov 26/25 - with Sian"
Maestro Firewall Upgrade (Addition),88,token overlap 1/3; hint matched: firewall,CR-CAP-091 SIS Firewall Maintenance,251,V1,SIGNINGTIME,2025-12-03,2025-12-03,1,1,Dec 3/25 - Adobe Sign,Dec 3/25 - Adobe Sign,"Lori: please confirm this project/SCO mapping. This is an educated guess: ""Maestro Firewall Upgrade (Addition)"" -> ""CR-CAP-091 SIS Firewall Maintenance"" (token overlap 1/3; hint matched: firewall, score 88).","Dec 3/25 - Adobe Sign
Nov 27/25 - V1 sent to Province
Nov 26/25 - with Sian"
Maestro Firewall Upgrade (Addition),88,token overlap 1/3; hint matched: firewall,SCO-PROV-467 SIS Firewall Maintenance (was SCO-363),11,V1,ADSL,2022-11-24,2022-12-05,12,8,"Nov 24/22 - Pricing sent to Sian to send to Province, sent to Province same day",Dec 5/22 - V1 Sent to Province,"Lori: please confirm this project/SCO mapping. This is an educated guess: ""Maestro Firewall Upgrade (Addition)"" -> ""SCO-PROV-467 SIS Firewall Maintenance (was SCO-363)"" (token overlap 1/3; hint matched: firewall, score 88).","Dec 8/22 - Signed
Dec 7/22 - Sent to Province for signing
Dec 7/22 - With Sian for signature approval 
Dec 6/22 - V3 sent to Province
Dec 5/22 - V1 Sent to Province
Dec 2/22 - With Sian
Nov 24/22 - Pricing sent to Sian to send to Province, sent to Province same day"
Maestro Firewall Upgrade (Addition),88,token overlap 1/3; hint matched: firewall,SCO-PROV-467 SIS Firewall Maintenance (was SCO-363),11,V2,CSBC,2022-11-25,2022-12-06,12,8,"Next day after: Nov 24/22 - Pricing sent to Sian to send to Province, sent to Province same day",Dec 6/22 - V3 sent to Province,"Lori: inferred handoff to ADSL from internal ADSL work line; please confirm. Lori: please confirm this project/SCO mapping. This is an educated guess: ""Maestro Firewall Upgrade (Addition)"" -> ""SCO-PROV-467 SIS Firewall Maintenance (was SCO-363)"" (token overlap 1/3; hint matched: firewall, score 88).","Dec 8/22 - Signed
Dec 7/22 - Sent to Province for signing
Dec 7/22 - With Sian for signature approval 
Dec 6/22 - V3 sent to Province
Dec 5/22 - V1 Sent to Province
Dec 2/22 - With Sian
Nov 24/22 - Pricing sent to Sian to send to Province, sent to Province same day"
Maestro Firewall Upgrade (Addition),88,token overlap 1/3; hint matched: firewall,SCO-PROV-467 SIS Firewall Maintenance (was SCO-363),11,V3,ADSL,2022-12-02,2022-12-06,5,3,Dec 2/22 - With Sian,Dec 6/22 - V3 sent to Province,"Lori: please confirm this project/SCO mapping. This is an educated guess: ""Maestro Firewall Upgrade (Addition)"" -> ""SCO-PROV-467 SIS Firewall Maintenance (was SCO-363)"" (token overlap 1/3; hint matched: firewall, score 88).","Dec 8/22 - Signed
Dec 7/22 - Sent to Province for signing
Dec 7/22 - With Sian for signature approval 
Dec 6/22 - V3 sent to Province
Dec 5/22 - V1 Sent to Province
Dec 2/22 - With Sian
Nov 24/22 - Pricing sent to Sian to send to Province, sent to Province same day"
Maestro Firewall Upgrade (Addition),88,token overlap 1/3; hint matched: firewall,SCO-PROV-467 SIS Firewall Maintenance (was SCO-363),11,V4,ADSL,2022-12-07,2022-12-07,1,1,Next day after: Dec 6/22 - V3 sent to Province,Dec 7/22 - Sent to Province for signing,"Lori: please confirm this project/SCO mapping. This is an educated guess: ""Maestro Firewall Upgrade (Addition)"" -> ""SCO-PROV-467 SIS Firewall Maintenance (was SCO-363)"" (token overlap 1/3; hint matched: firewall, score 88).","Dec 8/22 - Signed
Dec 7/22 - Sent to Province for signing
Dec 7/22 - With Sian for signature approval 
Dec 6/22 - V3 sent to Province
Dec 5/22 - V1 Sent to Province
Dec 2/22 - With Sian
Nov 24/22 - Pricing sent to Sian to send to Province, sent to Province same day"
Maestro Firewall Upgrade (Addition),88,token overlap 1/3; hint matched: firewall,SCO-PROV-467 SIS Firewall Maintenance (was SCO-363),11,V4,SIGNINGTIME,2022-12-07,2022-12-08,2,2,Dec 7/22 - With Sian for signature approval,Dec 8/22 - Signed,"Lori: please confirm this project/SCO mapping. This is an educated guess: ""Maestro Firewall Upgrade (Addition)"" -> ""SCO-PROV-467 SIS Firewall Maintenance (was SCO-363)"" (token overlap 1/3; hint matched: firewall, score 88).","Dec 8/22 - Signed
Dec 7/22 - Sent to Province for signing
Dec 7/22 - With Sian for signature approval 
Dec 6/22 - V3 sent to Province
Dec 5/22 - V1 Sent to Province
Dec 2/22 - With Sian
Nov 24/22 - Pricing sent to Sian to send to Province, sent to Province same day"
Maestro Firewall Upgrade (Addition),88,token overlap 1/3; hint matched: maestro,SCO-PROV-772 Amd SCO-720 Maestro FW Impl,153,V1,ADSL,2026-01-14,2026-01-15,2,2,Jan 14/26 - with Sian,Jan 15/26 - V1 sent to Province,"Lori: please confirm this project/SCO mapping. This is an educated guess: ""Maestro Firewall Upgrade (Addition)"" -> ""SCO-PROV-772 Amd SCO-720 Maestro FW Impl"" (token overlap 1/3; hint matched: maestro, score 88).","Feb 3/26 - Adobe Sign
Jan 15/26 - V1 sent to Province
Jan 14/26 - with Sian"
Maestro Firewall Upgrade (Addition),88,token overlap 1/3; hint matched: maestro,SCO-PROV-772 Amd SCO-720 Maestro FW Impl,153,V1,SIGNINGTIME,2026-02-03,2026-02-03,1,1,Feb 3/26 - Adobe Sign,Feb 3/26 - Adobe Sign,"Lori: please confirm this project/SCO mapping. This is an educated guess: ""Maestro Firewall Upgrade (Addition)"" -> ""SCO-PROV-772 Amd SCO-720 Maestro FW Impl"" (token overlap 1/3; hint matched: maestro, score 88).","Feb 3/26 - Adobe Sign
Jan 15/26 - V1 sent to Province
Jan 14/26 - with Sian"
Maestro Firewall Upgrade (Addition),88,token overlap 1/3; hint matched: maestro,SCO-PROV-788 Amd SCO-709 PS ChkPt Maestro FW Imp,167,V1,ADSL,2026-03-02,2026-03-03,2,2,Mar 2/26 - with Michelle C/ Cathy,Mar 3/26 - V1 sent to Province,"Lori: please confirm this project/SCO mapping. This is an educated guess: ""Maestro Firewall Upgrade (Addition)"" -> ""SCO-PROV-788 Amd SCO-709 PS ChkPt Maestro FW Imp"" (token overlap 1/3; hint matched: maestro, score 88).","Mar 20/26 - completed
Mar 19/26 - Adobe Sign
Mar 18/26 - V2 rec'd; V3 sent to Province
Mar 3/26 - V1 sent to Province
Mar 2/26 - with Michelle C/ Cathy"
Maestro Firewall Upgrade (Addition),88,token overlap 1/3; hint matched: maestro,SCO-PROV-788 Amd SCO-709 PS ChkPt Maestro FW Imp,167,V2,CSBC,2026-03-04,2026-03-18,15,11,Next day after: Mar 3/26 - V1 sent to Province,Mar 18/26 - V2 rec'd; V3 sent to Province,"Lori: please confirm this project/SCO mapping. This is an educated guess: ""Maestro Firewall Upgrade (Addition)"" -> ""SCO-PROV-788 Amd SCO-709 PS ChkPt Maestro FW Imp"" (token overlap 1/3; hint matched: maestro, score 88).","Mar 20/26 - completed
Mar 19/26 - Adobe Sign
Mar 18/26 - V2 rec'd; V3 sent to Province
Mar 3/26 - V1 sent to Province
Mar 2/26 - with Michelle C/ Cathy"
Maestro Firewall Upgrade (Addition),88,token overlap 1/3; hint matched: maestro,SCO-PROV-788 Amd SCO-709 PS ChkPt Maestro FW Imp,167,V2,SIGNINGTIME,2026-03-19,2026-03-20,2,2,Mar 19/26 - Adobe Sign,Mar 20/26 - completed,"Lori: please confirm this project/SCO mapping. This is an educated guess: ""Maestro Firewall Upgrade (Addition)"" -> ""SCO-PROV-788 Amd SCO-709 PS ChkPt Maestro FW Imp"" (token overlap 1/3; hint matched: maestro, score 88).","Mar 20/26 - completed
Mar 19/26 - Adobe Sign
Mar 18/26 - V2 rec'd; V3 sent to Province
Mar 3/26 - V1 sent to Province
Mar 2/26 - with Michelle C/ Cathy"
Mainframe Processor Upgrade,88,token overlap 1/3; hint matched: mainframe,SCO-PROV-487 Mainframe Ext Maint (Renew SCO-402),31,V1,ADSL,2023-01-31,2023-02-03,4,4,Jan 31/23 - Pricing added to SCO review agenda,Feb 3/23 - V1 sent to Province,"Lori: please confirm this project/SCO mapping. This is an educated guess: ""Mainframe Processor Upgrade"" -> ""SCO-PROV-487 Mainframe Ext Maint (Renew SCO-402)"" (token overlap 1/3; hint matched: mainframe, score 88).","Feb 27/23 - Completed
Feb 27/23 - Followed up with Province
Feb 23/23 - Final version sent to Province
Feb 23/23 - With Sian for signature approval
Feb 22/23 - Province requested to move to final
Feb 3/23 - V1 sent to Province
Feb 2/23 - With Sian
Feb 2/23 - With Cathy for review
Jan 31/23 - Pricing added to SCO review agenda"
Mainframe Processor Upgrade,88,token overlap 1/3; hint matched: mainframe,SCO-PROV-487 Mainframe Ext Maint (Renew SCO-402),31,V1,SIGNINGTIME,2023-02-22,2023-02-27,6,4,Feb 22/23 - Province requested to move to final,Feb 27/23 - Completed,"Lori: please confirm this project/SCO mapping. This is an educated guess: ""Mainframe Processor Upgrade"" -> ""SCO-PROV-487 Mainframe Ext Maint (Renew SCO-402)"" (token overlap 1/3; hint matched: mainframe, score 88).","Feb 27/23 - Completed
Feb 27/23 - Followed up with Province
Feb 23/23 - Final version sent to Province
Feb 23/23 - With Sian for signature approval
Feb 22/23 - Province requested to move to final
Feb 3/23 - V1 sent to Province
Feb 2/23 - With Sian
Feb 2/23 - With Cathy for review
Jan 31/23 - Pricing added to SCO review agenda"
Mainframe Processor Upgrade,88,token overlap 1/3; hint matched: mainframe,SCO-PROV-559 DASD for Mainframe,79,V1,ADSL,2023-10-05,2023-10-13,9,7,Oct 5/23 - with Rian / Joyce,Oct 13/23 - V1 sent to Province,"Lori: please confirm this project/SCO mapping. This is an educated guess: ""Mainframe Processor Upgrade"" -> ""SCO-PROV-559 DASD for Mainframe"" (token overlap 1/3; hint matched: mainframe, score 88).","Nov 16/23 - Completed
Nov 14/23 - Final sent to Province
Nov 14/23 - Province agreed to move to final, with Sian for signature approval
Nov 7/23 - V3 with Province
Nov 6/23 - Q with Joyce/Rian
Nov 2/23 - Followed up with Joyce/Rian
Oct 24/23 - WIth Joyce/Rian
Oct 24/23 - V2.1 back from Province
Oct 13/23 - V1 sent to Province
Oct 13/23 - With Lori/Rian
Oct 13/23 - Question with Rian prior to sending to Province
Oct 10/23 - With Lori C. for approval
Oct 6/23 - with Tyler for approval
Oct 5/23 - with Rian / Joyce"
Mainframe Processor Upgrade,88,token overlap 1/3; hint matched: mainframe,SCO-PROV-559 DASD for Mainframe,79,V2,CSBC,2023-10-14,2023-10-24,11,7,Next day after: Oct 13/23 - V1 sent to Province,Oct 24/23 - WIth Joyce/Rian,"Lori: inferred handoff to ADSL from internal ADSL work line; please confirm. Lori: please confirm this project/SCO mapping. This is an educated guess: ""Mainframe Processor Upgrade"" -> ""SCO-PROV-559 DASD for Mainframe"" (token overlap 1/3; hint matched: mainframe, score 88).","Nov 16/23 - Completed
Nov 14/23 - Final sent to Province
Nov 14/23 - Province agreed to move to final, with Sian for signature approval
Nov 7/23 - V3 with Province
Nov 6/23 - Q with Joyce/Rian
Nov 2/23 - Followed up with Joyce/Rian
Oct 24/23 - WIth Joyce/Rian
Oct 24/23 - V2.1 back from Province
Oct 13/23 - V1 sent to Province
Oct 13/23 - With Lori/Rian
Oct 13/23 - Question with Rian prior to sending to Province
Oct 10/23 - With Lori C. for approval
Oct 6/23 - with Tyler for approval
Oct 5/23 - with Rian / Joyce"
Mainframe Processor Upgrade,88,token overlap 1/3; hint matched: mainframe,SCO-PROV-559 DASD for Mainframe,79,V2.1,CSBC,2023-10-24,2023-10-24,1,1,Oct 24/23 - WIth Joyce/Rian,Oct 24/23 - V2.1 back from Province,"Lori: please confirm this project/SCO mapping. This is an educated guess: ""Mainframe Processor Upgrade"" -> ""SCO-PROV-559 DASD for Mainframe"" (token overlap 1/3; hint matched: mainframe, score 88).","Nov 16/23 - Completed
Nov 14/23 - Final sent to Province
Nov 14/23 - Province agreed to move to final, with Sian for signature approval
Nov 7/23 - V3 with Province
Nov 6/23 - Q with Joyce/Rian
Nov 2/23 - Followed up with Joyce/Rian
Oct 24/23 - WIth Joyce/Rian
Oct 24/23 - V2.1 back from Province
Oct 13/23 - V1 sent to Province
Oct 13/23 - With Lori/Rian
Oct 13/23 - Question with Rian prior to sending to Province
Oct 10/23 - With Lori C. for approval
Oct 6/23 - with Tyler for approval
Oct 5/23 - with Rian / Joyce"
Mainframe Processor Upgrade,88,token overlap 1/3; hint matched: mainframe,SCO-PROV-559 DASD for Mainframe,79,V2.1,SIGNINGTIME,2023-11-14,2023-11-16,3,3,Nov 14/23 - Final sent to Province,Nov 16/23 - Completed,"Lori: please confirm this project/SCO mapping. This is an educated guess: ""Mainframe Processor Upgrade"" -> ""SCO-PROV-559 DASD for Mainframe"" (token overlap 1/3; hint matched: mainframe, score 88).","Nov 16/23 - Completed
Nov 14/23 - Final sent to Province
Nov 14/23 - Province agreed to move to final, with Sian for signature approval
Nov 7/23 - V3 with Province
Nov 6/23 - Q with Joyce/Rian
Nov 2/23 - Followed up with Joyce/Rian
Oct 24/23 - WIth Joyce/Rian
Oct 24/23 - V2.1 back from Province
Oct 13/23 - V1 sent to Province
Oct 13/23 - With Lori/Rian
Oct 13/23 - Question with Rian prior to sending to Province
Oct 10/23 - With Lori C. for approval
Oct 6/23 - with Tyler for approval
Oct 5/23 - with Rian / Joyce"
Mainframe Processor Upgrade,88,token overlap 1/3; hint matched: mainframe,SCO-PROV-726 Mainframe Non-Standard SW 2025-2026,104,V1,ADSL,2025-03-27,2025-03-28,2,2,Mar 27/25 - with Tyler,Mar 28/25 - V1 sent to Province,"Lori: please confirm this project/SCO mapping. This is an educated guess: ""Mainframe Processor Upgrade"" -> ""SCO-PROV-726 Mainframe Non-Standard SW 2025-2026"" (token overlap 1/3; hint matched: mainframe, score 88).","Apr 7/25 - Completed
Apr 4/25 - Final sent for signature
Apr 2/25 - V3 sent to Province
Apr 1/25 - V2 rec'd
Mar 28/25 - V1 sent to Province
Mar 27/25 - with Tyler
LRS to be removed from Schedule 43"
Mainframe Processor Upgrade,88,token overlap 1/3; hint matched: mainframe,SCO-PROV-726 Mainframe Non-Standard SW 2025-2026,104,V2,CSBC,2025-03-29,2025-04-01,4,2,Next day after: Mar 28/25 - V1 sent to Province,Apr 1/25 - V2 rec'd,"Lori: please confirm this project/SCO mapping. This is an educated guess: ""Mainframe Processor Upgrade"" -> ""SCO-PROV-726 Mainframe Non-Standard SW 2025-2026"" (token overlap 1/3; hint matched: mainframe, score 88).","Apr 7/25 - Completed
Apr 4/25 - Final sent for signature
Apr 2/25 - V3 sent to Province
Apr 1/25 - V2 rec'd
Mar 28/25 - V1 sent to Province
Mar 27/25 - with Tyler
LRS to be removed from Schedule 43"
Mainframe Processor Upgrade,88,token overlap 1/3; hint matched: mainframe,SCO-PROV-726 Mainframe Non-Standard SW 2025-2026,104,V3,ADSL,2025-04-02,2025-04-02,1,1,Next day after: Apr 1/25 - V2 rec'd,Apr 2/25 - V3 sent to Province,"Lori: please confirm this project/SCO mapping. This is an educated guess: ""Mainframe Processor Upgrade"" -> ""SCO-PROV-726 Mainframe Non-Standard SW 2025-2026"" (token overlap 1/3; hint matched: mainframe, score 88).","Apr 7/25 - Completed
Apr 4/25 - Final sent for signature
Apr 2/25 - V3 sent to Province
Apr 1/25 - V2 rec'd
Mar 28/25 - V1 sent to Province
Mar 27/25 - with Tyler
LRS to be removed from Schedule 43"
Mainframe Processor Upgrade,88,token overlap 1/3; hint matched: mainframe,SCO-PROV-726 Mainframe Non-Standard SW 2025-2026,104,V3,SIGNINGTIME,2025-04-04,2025-04-07,4,2,Apr 4/25 - Final sent for signature,Apr 7/25 - Completed,"Lori: please confirm this project/SCO mapping. This is an educated guess: ""Mainframe Processor Upgrade"" -> ""SCO-PROV-726 Mainframe Non-Standard SW 2025-2026"" (token overlap 1/3; hint matched: mainframe, score 88).","Apr 7/25 - Completed
Apr 4/25 - Final sent for signature
Apr 2/25 - V3 sent to Province
Apr 1/25 - V2 rec'd
Mar 28/25 - V1 sent to Province
Mar 27/25 - with Tyler
LRS to be removed from Schedule 43"
Microsoft Azure Arc,74,hint matched: arc,CR-CAP-014 Client Managed Device HW(Hadoop),191,V1,ADSL,2025-01-17,2025-01-23,7,5,Jan 17/25 - with Josh/RM/Joyce,Jan 23/25 - V1 sent to Province,"Lori: please confirm this project/SCO mapping. This is an educated guess: ""Microsoft Azure Arc"" -> ""CR-CAP-014 Client Managed Device HW(Hadoop)"" (hint matched: arc, score 74).","Sept 10/25 - Province cancelled 
July 4/25 - on hold pending technical review.  Will move to Q3.
June 12/25 - Requires a new Options document to be presented to the client which should result in some significant changes to Hardware and cost.  Currently being worked on at a Technical level.
May 27/25 - Still working on a proposal for alternate design and hardware. Waiting for quotes.
Apr 30/25 - WIth Sam to submit PR - Sam informed an architecture review is underway and to hold off on signing or submitting the PR
Apr 29/25 -Province approval to move to final
Apr 22/25 - V3 sent to Province
Apr 16/25 - Province asked for refreshed quote, emailed Glasshouse
Apr 14/25 - Province confirmging with client
Mar 11/25 - Pending Tech Stew
Feb 25/25 - Tyler sent justification to the Province
Jan 29/25 - on hold pending Province Technical Review
Jan 28/25 - V3 with Sam and RM
Jan 27/25 - Province to confirm it has sufficient information to review before new quote is requested.
Jan 23/25 - V1 sent to Province
Jan 17/25 - with Josh/RM/Joyce"
Microsoft Azure Arc,74,hint matched: arc,CR-CAP-014 Client Managed Device HW(Hadoop),191,V2,CSBC,2025-01-24,2025-01-28,5,3,Next day after: Jan 23/25 - V1 sent to Province,Jan 28/25 - V3 with Sam and RM,"Lori: please confirm this project/SCO mapping. This is an educated guess: ""Microsoft Azure Arc"" -> ""CR-CAP-014 Client Managed Device HW(Hadoop)"" (hint matched: arc, score 74).","Sept 10/25 - Province cancelled 
July 4/25 - on hold pending technical review.  Will move to Q3.
June 12/25 - Requires a new Options document to be presented to the client which should result in some significant changes to Hardware and cost.  Currently being worked on at a Technical level.
May 27/25 - Still working on a proposal for alternate design and hardware. Waiting for quotes.
Apr 30/25 - WIth Sam to submit PR - Sam informed an architecture review is underway and to hold off on signing or submitting the PR
Apr 29/25 -Province approval to move to final
Apr 22/25 - V3 sent to Province
Apr 16/25 - Province asked for refreshed quote, emailed Glasshouse
Apr 14/25 - Province confirmging with client
Mar 11/25 - Pending Tech Stew
Feb 25/25 - Tyler sent justification to the Province
Jan 29/25 - on hold pending Province Technical Review
Jan 28/25 - V3 with Sam and RM
Jan 27/25 - Province to confirm it has sufficient information to review before new quote is requested.
Jan 23/25 - V1 sent to Province
Jan 17/25 - with Josh/RM/Joyce"
Microsoft Azure Arc,74,hint matched: arc,CR-CAP-014 Client Managed Device HW(Hadoop),191,V3,ADSL,2025-01-28,2025-04-22,85,61,Jan 28/25 - V3 with Sam and RM,Apr 22/25 - V3 sent to Province,"Lori: please confirm this project/SCO mapping. This is an educated guess: ""Microsoft Azure Arc"" -> ""CR-CAP-014 Client Managed Device HW(Hadoop)"" (hint matched: arc, score 74).","Sept 10/25 - Province cancelled 
July 4/25 - on hold pending technical review.  Will move to Q3.
June 12/25 - Requires a new Options document to be presented to the client which should result in some significant changes to Hardware and cost.  Currently being worked on at a Technical level.
May 27/25 - Still working on a proposal for alternate design and hardware. Waiting for quotes.
Apr 30/25 - WIth Sam to submit PR - Sam informed an architecture review is underway and to hold off on signing or submitting the PR
Apr 29/25 -Province approval to move to final
Apr 22/25 - V3 sent to Province
Apr 16/25 - Province asked for refreshed quote, emailed Glasshouse
Apr 14/25 - Province confirmging with client
Mar 11/25 - Pending Tech Stew
Feb 25/25 - Tyler sent justification to the Province
Jan 29/25 - on hold pending Province Technical Review
Jan 28/25 - V3 with Sam and RM
Jan 27/25 - Province to confirm it has sufficient information to review before new quote is requested.
Jan 23/25 - V1 sent to Province
Jan 17/25 - with Josh/RM/Joyce"
Microsoft Azure Arc,74,hint matched: arc,CR-CAP-014 Client Managed Device HW(Hadoop),191,V4,CSBC,2025-04-23,2025-04-30,8,6,Next day after: Apr 22/25 - V3 sent to Province,Apr 30/25 - WIth Sam to submit PR - Sam informed an architecture review is underway and to hold off on signing or submitting the PR,"Lori: inferred handoff to ADSL from internal ADSL work line; please confirm. Lori: please confirm this project/SCO mapping. This is an educated guess: ""Microsoft Azure Arc"" -> ""CR-CAP-014 Client Managed Device HW(Hadoop)"" (hint matched: arc, score 74).","Sept 10/25 - Province cancelled 
July 4/25 - on hold pending technical review.  Will move to Q3.
June 12/25 - Requires a new Options document to be presented to the client which should result in some significant changes to Hardware and cost.  Currently being worked on at a Technical level.
May 27/25 - Still working on a proposal for alternate design and hardware. Waiting for quotes.
Apr 30/25 - WIth Sam to submit PR - Sam informed an architecture review is underway and to hold off on signing or submitting the PR
Apr 29/25 -Province approval to move to final
Apr 22/25 - V3 sent to Province
Apr 16/25 - Province asked for refreshed quote, emailed Glasshouse
Apr 14/25 - Province confirmging with client
Mar 11/25 - Pending Tech Stew
Feb 25/25 - Tyler sent justification to the Province
Jan 29/25 - on hold pending Province Technical Review
Jan 28/25 - V3 with Sam and RM
Jan 27/25 - Province to confirm it has sufficient information to review before new quote is requested.
Jan 23/25 - V1 sent to Province
Jan 17/25 - with Josh/RM/Joyce"
Microsoft Azure Arc,74,hint matched: arc,CR-CAP-014 Client Managed Device HW(Hadoop),191,V4,SIGNINGTIME,2025-04-29,2025-04-29,1,1,Apr 29/25 -Province approval to move to final,Apr 29/25 -Province approval to move to final,"Lori: please confirm this project/SCO mapping. This is an educated guess: ""Microsoft Azure Arc"" -> ""CR-CAP-014 Client Managed Device HW(Hadoop)"" (hint matched: arc, score 74).","Sept 10/25 - Province cancelled 
July 4/25 - on hold pending technical review.  Will move to Q3.
June 12/25 - Requires a new Options document to be presented to the client which should result in some significant changes to Hardware and cost.  Currently being worked on at a Technical level.
May 27/25 - Still working on a proposal for alternate design and hardware. Waiting for quotes.
Apr 30/25 - WIth Sam to submit PR - Sam informed an architecture review is underway and to hold off on signing or submitting the PR
Apr 29/25 -Province approval to move to final
Apr 22/25 - V3 sent to Province
Apr 16/25 - Province asked for refreshed quote, emailed Glasshouse
Apr 14/25 - Province confirmging with client
Mar 11/25 - Pending Tech Stew
Feb 25/25 - Tyler sent justification to the Province
Jan 29/25 - on hold pending Province Technical Review
Jan 28/25 - V3 with Sam and RM
Jan 27/25 - Province to confirm it has sufficient information to review before new quote is requested.
Jan 23/25 - V1 sent to Province
Jan 17/25 - with Josh/RM/Joyce"
Microsoft Azure Arc,74,hint matched: arc,SCO-PROV-519 Svr Mtc Solaris 23-24 Q1 (was SCO-469),61,V1,ADSL,2023-05-23,2023-06-08,17,13,May 23/23 - With Lori for approval,June 8/23 - V2.1 back from the Province,"Lori: please confirm this project/SCO mapping. This is an educated guess: ""Microsoft Azure Arc"" -> ""SCO-PROV-519 Svr Mtc Solaris 23-24 Q1 (was SCO-469)"" (hint matched: arc, score 74).","Aug 3/23 - Completed
Aug 1/23 - Final with Province
Aug 1/23 - Final with Sian
Aug 1/23 - V5 sent to Province
July 31/23 - Question with Tyler, and also with the Province
July 27/23 - Response to Province, question still with Jon/Cathy
July 24/23 - Questions with Jon and Cathy
July 20/23 - V4 back from Province
June 21/23 - V3 sent to Province
June 20/23 - Asked question internally re cutoff dates
June 14/23 - Province mentioned that Oracle extended their date how will ADSL work this in and what would that look like? Would that go t oMarch 31 2024? or Jan 1 still? what would ADSL Recommend
June 12/23 - Questions with Michelle S. and Cathy
June 8/23 - V2.1 back from the Province
May 25/23 - V1 sent to the Province
May 25/23 - With Sian
May 23/23 - With Lori for approval"
Microsoft Azure Arc,74,hint matched: arc,SCO-PROV-519 Svr Mtc Solaris 23-24 Q1 (was SCO-469),61,V2.1,CSBC,2023-06-08,2023-06-12,5,3,June 8/23 - V2.1 back from the Province,June 12/23 - Questions with Michelle S. and Cathy,"Lori: inferred handoff to ADSL from internal ADSL work line; please confirm. Lori: please confirm this project/SCO mapping. This is an educated guess: ""Microsoft Azure Arc"" -> ""SCO-PROV-519 Svr Mtc Solaris 23-24 Q1 (was SCO-469)"" (hint matched: arc, score 74).","Aug 3/23 - Completed
Aug 1/23 - Final with Province
Aug 1/23 - Final with Sian
Aug 1/23 - V5 sent to Province
July 31/23 - Question with Tyler, and also with the Province
July 27/23 - Response to Province, question still with Jon/Cathy
July 24/23 - Questions with Jon and Cathy
July 20/23 - V4 back from Province
June 21/23 - V3 sent to Province
June 20/23 - Asked question internally re cutoff dates
June 14/23 - Province mentioned that Oracle extended their date how will ADSL work this in and what would that look like? Would that go t oMarch 31 2024? or Jan 1 still? what would ADSL Recommend
June 12/23 - Questions with Michelle S. and Cathy
June 8/23 - V2.1 back from the Province
May 25/23 - V1 sent to the Province
May 25/23 - With Sian
May 23/23 - With Lori for approval"
Microsoft Azure Arc,74,hint matched: arc,SCO-PROV-519 Svr Mtc Solaris 23-24 Q1 (was SCO-469),61,V3,ADSL,2023-06-12,2023-06-21,10,8,June 12/23 - Questions with Michelle S. and Cathy,June 21/23 - V3 sent to Province,"Lori: please confirm this project/SCO mapping. This is an educated guess: ""Microsoft Azure Arc"" -> ""SCO-PROV-519 Svr Mtc Solaris 23-24 Q1 (was SCO-469)"" (hint matched: arc, score 74).","Aug 3/23 - Completed
Aug 1/23 - Final with Province
Aug 1/23 - Final with Sian
Aug 1/23 - V5 sent to Province
July 31/23 - Question with Tyler, and also with the Province
July 27/23 - Response to Province, question still with Jon/Cathy
July 24/23 - Questions with Jon and Cathy
July 20/23 - V4 back from Province
June 21/23 - V3 sent to Province
June 20/23 - Asked question internally re cutoff dates
June 14/23 - Province mentioned that Oracle extended their date how will ADSL work this in and what would that look like? Would that go t oMarch 31 2024? or Jan 1 still? what would ADSL Recommend
June 12/23 - Questions with Michelle S. and Cathy
June 8/23 - V2.1 back from the Province
May 25/23 - V1 sent to the Province
May 25/23 - With Sian
May 23/23 - With Lori for approval"
Microsoft Azure Arc,74,hint matched: arc,SCO-PROV-519 Svr Mtc Solaris 23-24 Q1 (was SCO-469),61,V4,CSBC,2023-06-22,2023-07-20,29,21,Next day after: June 21/23 - V3 sent to Province,July 20/23 - V4 back from Province,"Lori: please confirm this project/SCO mapping. This is an educated guess: ""Microsoft Azure Arc"" -> ""SCO-PROV-519 Svr Mtc Solaris 23-24 Q1 (was SCO-469)"" (hint matched: arc, score 74).","Aug 3/23 - Completed
Aug 1/23 - Final with Province
Aug 1/23 - Final with Sian
Aug 1/23 - V5 sent to Province
July 31/23 - Question with Tyler, and also with the Province
July 27/23 - Response to Province, question still with Jon/Cathy
July 24/23 - Questions with Jon and Cathy
July 20/23 - V4 back from Province
June 21/23 - V3 sent to Province
June 20/23 - Asked question internally re cutoff dates
June 14/23 - Province mentioned that Oracle extended their date how will ADSL work this in and what would that look like? Would that go t oMarch 31 2024? or Jan 1 still? what would ADSL Recommend
June 12/23 - Questions with Michelle S. and Cathy
June 8/23 - V2.1 back from the Province
May 25/23 - V1 sent to the Province
May 25/23 - With Sian
May 23/23 - With Lori for approval"
Microsoft Azure Arc,74,hint matched: arc,SCO-PROV-519 Svr Mtc Solaris 23-24 Q1 (was SCO-469),61,V5,ADSL,2023-07-21,2023-08-01,12,8,Next day after: July 20/23 - V4 back from Province,Aug 1/23 - V5 sent to Province,"Lori: please confirm this project/SCO mapping. This is an educated guess: ""Microsoft Azure Arc"" -> ""SCO-PROV-519 Svr Mtc Solaris 23-24 Q1 (was SCO-469)"" (hint matched: arc, score 74).","Aug 3/23 - Completed
Aug 1/23 - Final with Province
Aug 1/23 - Final with Sian
Aug 1/23 - V5 sent to Province
July 31/23 - Question with Tyler, and also with the Province
July 27/23 - Response to Province, question still with Jon/Cathy
July 24/23 - Questions with Jon and Cathy
July 20/23 - V4 back from Province
June 21/23 - V3 sent to Province
June 20/23 - Asked question internally re cutoff dates
June 14/23 - Province mentioned that Oracle extended their date how will ADSL work this in and what would that look like? Would that go t oMarch 31 2024? or Jan 1 still? what would ADSL Recommend
June 12/23 - Questions with Michelle S. and Cathy
June 8/23 - V2.1 back from the Province
May 25/23 - V1 sent to the Province
May 25/23 - With Sian
May 23/23 - With Lori for approval"
Microsoft Azure Arc,74,hint matched: arc,SCO-PROV-519 Svr Mtc Solaris 23-24 Q1 (was SCO-469),61,V5,SIGNINGTIME,2023-08-03,2023-08-03,1,1,Aug 3/23 - Completed,Aug 3/23 - Completed,"Lori: please confirm this project/SCO mapping. This is an educated guess: ""Microsoft Azure Arc"" -> ""SCO-PROV-519 Svr Mtc Solaris 23-24 Q1 (was SCO-469)"" (hint matched: arc, score 74).","Aug 3/23 - Completed
Aug 1/23 - Final with Province
Aug 1/23 - Final with Sian
Aug 1/23 - V5 sent to Province
July 31/23 - Question with Tyler, and also with the Province
July 27/23 - Response to Province, question still with Jon/Cathy
July 24/23 - Questions with Jon and Cathy
July 20/23 - V4 back from Province
June 21/23 - V3 sent to Province
June 20/23 - Asked question internally re cutoff dates
June 14/23 - Province mentioned that Oracle extended their date how will ADSL work this in and what would that look like? Would that go t oMarch 31 2024? or Jan 1 still? what would ADSL Recommend
June 12/23 - Questions with Michelle S. and Cathy
June 8/23 - V2.1 back from the Province
May 25/23 - V1 sent to the Province
May 25/23 - With Sian
May 23/23 - With Lori for approval"
Microsoft Azure Arc,74,hint matched: arc,SCO-PROV-580 Amd Sch 23 S5.11 MPS Devices,88,V5,SIGNINGTIME,2023-01-10,2023-01-10,1,1,Jan 10/23 - Completed - COs sent to HP,Jan 10/23 - Completed - COs sent to HP,"Lori: please confirm this project/SCO mapping. This is an educated guess: ""Microsoft Azure Arc"" -> ""SCO-PROV-580 Amd Sch 23 S5.11 MPS Devices"" (hint matched: arc, score 74).","Jan 10/23 - Completed - COs sent to HP
Jan 9/24 - signing process
Jan 3/24 - V5 sent to Province
Dec 28/23 - V4.1 rec'd from Province; Sarka to confirm delivery before March 31
Dec 13/23 - V3 sent to Province
Dec 8/23 - V2 rec'd from Province
Dec 7/23 - V1 sent to Province
Dec 7/23 - With Sian
Dec 7/23 - With Tyler
Dec 7/23 - With Alison for review
Dec 7/23 - Drafting SCO"
Microsoft Azure Arc,74,hint matched: arc,SCO-PROV-580 Amd Sch 23 S5.11 MPS Devices,88,V1,ADSL,2023-12-07,2023-12-07,1,1,Dec 7/23 - With Tyler,Dec 7/23 - V1 sent to Province,"Lori: please confirm this project/SCO mapping. This is an educated guess: ""Microsoft Azure Arc"" -> ""SCO-PROV-580 Amd Sch 23 S5.11 MPS Devices"" (hint matched: arc, score 74).","Jan 10/23 - Completed - COs sent to HP
Jan 9/24 - signing process
Jan 3/24 - V5 sent to Province
Dec 28/23 - V4.1 rec'd from Province; Sarka to confirm delivery before March 31
Dec 13/23 - V3 sent to Province
Dec 8/23 - V2 rec'd from Province
Dec 7/23 - V1 sent to Province
Dec 7/23 - With Sian
Dec 7/23 - With Tyler
Dec 7/23 - With Alison for review
Dec 7/23 - Drafting SCO"
Microsoft Azure Arc,74,hint matched: arc,SCO-PROV-580 Amd Sch 23 S5.11 MPS Devices,88,V2,CSBC,2023-12-08,2023-12-08,1,1,Next day after: Dec 7/23 - V1 sent to Province,Dec 8/23 - V2 rec'd from Province,"Lori: please confirm this project/SCO mapping. This is an educated guess: ""Microsoft Azure Arc"" -> ""SCO-PROV-580 Amd Sch 23 S5.11 MPS Devices"" (hint matched: arc, score 74).","Jan 10/23 - Completed - COs sent to HP
Jan 9/24 - signing process
Jan 3/24 - V5 sent to Province
Dec 28/23 - V4.1 rec'd from Province; Sarka to confirm delivery before March 31
Dec 13/23 - V3 sent to Province
Dec 8/23 - V2 rec'd from Province
Dec 7/23 - V1 sent to Province
Dec 7/23 - With Sian
Dec 7/23 - With Tyler
Dec 7/23 - With Alison for review
Dec 7/23 - Drafting SCO"
Microsoft Azure Arc,74,hint matched: arc,SCO-PROV-580 Amd Sch 23 S5.11 MPS Devices,88,V3,ADSL,2023-12-09,2023-12-13,5,3,Next day after: Dec 8/23 - V2 rec'd from Province,Dec 13/23 - V3 sent to Province,"Lori: please confirm this project/SCO mapping. This is an educated guess: ""Microsoft Azure Arc"" -> ""SCO-PROV-580 Amd Sch 23 S5.11 MPS Devices"" (hint matched: arc, score 74).","Jan 10/23 - Completed - COs sent to HP
Jan 9/24 - signing process
Jan 3/24 - V5 sent to Province
Dec 28/23 - V4.1 rec'd from Province; Sarka to confirm delivery before March 31
Dec 13/23 - V3 sent to Province
Dec 8/23 - V2 rec'd from Province
Dec 7/23 - V1 sent to Province
Dec 7/23 - With Sian
Dec 7/23 - With Tyler
Dec 7/23 - With Alison for review
Dec 7/23 - Drafting SCO"
Microsoft Azure Arc,74,hint matched: arc,SCO-PROV-580 Amd Sch 23 S5.11 MPS Devices,88,V4.1,CSBC,2023-12-14,2023-12-28,15,11,Next day after: Dec 13/23 - V3 sent to Province,Dec 28/23 - V4.1 rec'd from Province; Sarka to confirm delivery before March 31,"Lori: please confirm this project/SCO mapping. This is an educated guess: ""Microsoft Azure Arc"" -> ""SCO-PROV-580 Amd Sch 23 S5.11 MPS Devices"" (hint matched: arc, score 74).","Jan 10/23 - Completed - COs sent to HP
Jan 9/24 - signing process
Jan 3/24 - V5 sent to Province
Dec 28/23 - V4.1 rec'd from Province; Sarka to confirm delivery before March 31
Dec 13/23 - V3 sent to Province
Dec 8/23 - V2 rec'd from Province
Dec 7/23 - V1 sent to Province
Dec 7/23 - With Sian
Dec 7/23 - With Tyler
Dec 7/23 - With Alison for review
Dec 7/23 - Drafting SCO"
Microsoft Azure Arc,74,hint matched: arc,SCO-PROV-580 Amd Sch 23 S5.11 MPS Devices,88,V5,ADSL,2023-12-29,2024-01-03,6,4,Next day after: Dec 28/23 - V4.1 rec'd from Province; Sarka to confirm delivery before March 31,Jan 3/24 - V5 sent to Province,"Lori: please confirm this project/SCO mapping. This is an educated guess: ""Microsoft Azure Arc"" -> ""SCO-PROV-580 Amd Sch 23 S5.11 MPS Devices"" (hint matched: arc, score 74).","Jan 10/23 - Completed - COs sent to HP
Jan 9/24 - signing process
Jan 3/24 - V5 sent to Province
Dec 28/23 - V4.1 rec'd from Province; Sarka to confirm delivery before March 31
Dec 13/23 - V3 sent to Province
Dec 8/23 - V2 rec'd from Province
Dec 7/23 - V1 sent to Province
Dec 7/23 - With Sian
Dec 7/23 - With Tyler
Dec 7/23 - With Alison for review
Dec 7/23 - Drafting SCO"
Microsoft Azure Arc,74,hint matched: arc,SCO-PROV-721 Amd SCO-557 Sch23 S5.7.1 BC SAG,102,V1,ADSL,2025-03-18,2025-07-07,112,80,Mar 18/25 - Cathy reviewed; hold submission until after March 31,July 7/25 - V1 sent to Province,"Lori: please confirm this project/SCO mapping. This is an educated guess: ""Microsoft Azure Arc"" -> ""SCO-PROV-721 Amd SCO-557 Sch23 S5.7.1 BC SAG"" (hint matched: arc, score 74).","Oct 2/25 - Adobe Sign
Sept 24/25 - Province confirmed VM will be ordered via SCO
Sept 16/25 - V5 sent to Province - Question with Province: Is Province ok to do iStore orders for virtual servers too? Is so, we can remove all App C charges from this SCO.
Sept 9/25 - V4.1 rec'd; with Cathy
Aug 18/25 - V3 sent to Province
Aug 5/25 - V2 rec'd; with Cathy
July 7/25 - V1 sent to Province
July 4/25 - Dan Deane confirmed servers; SCO updated, with Tyler
Mar 31/25 - With Alex Thompson to confirm servers
Mar 18/25 - Cathy reviewed; hold submission until after March 31"
Microsoft Azure Arc,74,hint matched: arc,SCO-PROV-721 Amd SCO-557 Sch23 S5.7.1 BC SAG,102,V2,CSBC,2025-07-08,2025-08-05,29,21,Next day after: July 7/25 - V1 sent to Province,Aug 5/25 - V2 rec'd; with Cathy,"Lori: please confirm this project/SCO mapping. This is an educated guess: ""Microsoft Azure Arc"" -> ""SCO-PROV-721 Amd SCO-557 Sch23 S5.7.1 BC SAG"" (hint matched: arc, score 74).","Oct 2/25 - Adobe Sign
Sept 24/25 - Province confirmed VM will be ordered via SCO
Sept 16/25 - V5 sent to Province - Question with Province: Is Province ok to do iStore orders for virtual servers too? Is so, we can remove all App C charges from this SCO.
Sept 9/25 - V4.1 rec'd; with Cathy
Aug 18/25 - V3 sent to Province
Aug 5/25 - V2 rec'd; with Cathy
July 7/25 - V1 sent to Province
July 4/25 - Dan Deane confirmed servers; SCO updated, with Tyler
Mar 31/25 - With Alex Thompson to confirm servers
Mar 18/25 - Cathy reviewed; hold submission until after March 31"
Microsoft Azure Arc,74,hint matched: arc,SCO-PROV-721 Amd SCO-557 Sch23 S5.7.1 BC SAG,102,V3,ADSL,2025-08-06,2025-08-18,13,9,Next day after: Aug 5/25 - V2 rec'd; with Cathy,Aug 18/25 - V3 sent to Province,"Lori: please confirm this project/SCO mapping. This is an educated guess: ""Microsoft Azure Arc"" -> ""SCO-PROV-721 Amd SCO-557 Sch23 S5.7.1 BC SAG"" (hint matched: arc, score 74).","Oct 2/25 - Adobe Sign
Sept 24/25 - Province confirmed VM will be ordered via SCO
Sept 16/25 - V5 sent to Province - Question with Province: Is Province ok to do iStore orders for virtual servers too? Is so, we can remove all App C charges from this SCO.
Sept 9/25 - V4.1 rec'd; with Cathy
Aug 18/25 - V3 sent to Province
Aug 5/25 - V2 rec'd; with Cathy
July 7/25 - V1 sent to Province
July 4/25 - Dan Deane confirmed servers; SCO updated, with Tyler
Mar 31/25 - With Alex Thompson to confirm servers
Mar 18/25 - Cathy reviewed; hold submission until after March 31"
Microsoft Azure Arc,74,hint matched: arc,SCO-PROV-721 Amd SCO-557 Sch23 S5.7.1 BC SAG,102,V4.1,CSBC,2025-08-19,2025-09-09,22,16,Next day after: Aug 18/25 - V3 sent to Province,Sept 9/25 - V4.1 rec'd; with Cathy,"Lori: please confirm this project/SCO mapping. This is an educated guess: ""Microsoft Azure Arc"" -> ""SCO-PROV-721 Amd SCO-557 Sch23 S5.7.1 BC SAG"" (hint matched: arc, score 74).","Oct 2/25 - Adobe Sign
Sept 24/25 - Province confirmed VM will be ordered via SCO
Sept 16/25 - V5 sent to Province - Question with Province: Is Province ok to do iStore orders for virtual servers too? Is so, we can remove all App C charges from this SCO.
Sept 9/25 - V4.1 rec'd; with Cathy
Aug 18/25 - V3 sent to Province
Aug 5/25 - V2 rec'd; with Cathy
July 7/25 - V1 sent to Province
July 4/25 - Dan Deane confirmed servers; SCO updated, with Tyler
Mar 31/25 - With Alex Thompson to confirm servers
Mar 18/25 - Cathy reviewed; hold submission until after March 31"
Microsoft Azure Arc,74,hint matched: arc,SCO-PROV-721 Amd SCO-557 Sch23 S5.7.1 BC SAG,102,V5,ADSL,2025-09-10,2025-09-16,7,5,Next day after: Sept 9/25 - V4.1 rec'd; with Cathy,"Sept 16/25 - V5 sent to Province - Question with Province: Is Province ok to do iStore orders for virtual servers too? Is so, we can remove all App C charges from this SCO.","Lori: please confirm this project/SCO mapping. This is an educated guess: ""Microsoft Azure Arc"" -> ""SCO-PROV-721 Amd SCO-557 Sch23 S5.7.1 BC SAG"" (hint matched: arc, score 74).","Oct 2/25 - Adobe Sign
Sept 24/25 - Province confirmed VM will be ordered via SCO
Sept 16/25 - V5 sent to Province - Question with Province: Is Province ok to do iStore orders for virtual servers too? Is so, we can remove all App C charges from this SCO.
Sept 9/25 - V4.1 rec'd; with Cathy
Aug 18/25 - V3 sent to Province
Aug 5/25 - V2 rec'd; with Cathy
July 7/25 - V1 sent to Province
July 4/25 - Dan Deane confirmed servers; SCO updated, with Tyler
Mar 31/25 - With Alex Thompson to confirm servers
Mar 18/25 - Cathy reviewed; hold submission until after March 31"
Microsoft Azure Arc,74,hint matched: arc,SCO-PROV-721 Amd SCO-557 Sch23 S5.7.1 BC SAG,102,V5,SIGNINGTIME,2025-10-02,2025-10-02,1,1,Oct 2/25 - Adobe Sign,Oct 2/25 - Adobe Sign,"Lori: please confirm this project/SCO mapping. This is an educated guess: ""Microsoft Azure Arc"" -> ""SCO-PROV-721 Amd SCO-557 Sch23 S5.7.1 BC SAG"" (hint matched: arc, score 74).","Oct 2/25 - Adobe Sign
Sept 24/25 - Province confirmed VM will be ordered via SCO
Sept 16/25 - V5 sent to Province - Question with Province: Is Province ok to do iStore orders for virtual servers too? Is so, we can remove all App C charges from this SCO.
Sept 9/25 - V4.1 rec'd; with Cathy
Aug 18/25 - V3 sent to Province
Aug 5/25 - V2 rec'd; with Cathy
July 7/25 - V1 sent to Province
July 4/25 - Dan Deane confirmed servers; SCO updated, with Tyler
Mar 31/25 - With Alex Thompson to confirm servers
Mar 18/25 - Cathy reviewed; hold submission until after March 31"
Microsoft Defender for Endpoint (MDE) Expansion,88,token overlap 1/3; hint matched: defender,SCO-PROV-728 Defender Anti-Virus,106,V1,ADSL,2025-04-14,2025-04-17,4,4,Apr 14/25 - SOW approved,Apr 17/25 - V1 sent to Province,"Lori: please confirm this project/SCO mapping. This is an educated guess: ""Microsoft Defender for Endpoint (MDE) Expansion"" -> ""SCO-PROV-728 Defender Anti-Virus"" (token overlap 1/3; hint matched: defender, score 88).","Apr 28/25 - Completed
Apr 28/25 - Move to final, sent via AdobeSign
Apr 25/25 - V2 back from Province
Apr 17/25 - V1 sent to Province
Apr 17/25 - With Tyler, with Sian
Apr 17/25 - With Nicole/Cathy for review
Apr 14/25 - SOW approved"
Microsoft Defender for Endpoint (MDE) Expansion,88,token overlap 1/3; hint matched: defender,SCO-PROV-728 Defender Anti-Virus,106,V2,CSBC,2025-04-18,2025-04-25,8,6,Next day after: Apr 17/25 - V1 sent to Province,Apr 25/25 - V2 back from Province,"Lori: please confirm this project/SCO mapping. This is an educated guess: ""Microsoft Defender for Endpoint (MDE) Expansion"" -> ""SCO-PROV-728 Defender Anti-Virus"" (token overlap 1/3; hint matched: defender, score 88).","Apr 28/25 - Completed
Apr 28/25 - Move to final, sent via AdobeSign
Apr 25/25 - V2 back from Province
Apr 17/25 - V1 sent to Province
Apr 17/25 - With Tyler, with Sian
Apr 17/25 - With Nicole/Cathy for review
Apr 14/25 - SOW approved"
Microsoft Defender for Endpoint (MDE) Expansion,88,token overlap 1/3; hint matched: defender,SCO-PROV-728 Defender Anti-Virus,106,V2,SIGNINGTIME,2025-04-28,2025-04-28,1,1,Apr 28/25 - Completed,"Apr 28/25 - Move to final, sent via AdobeSign","Lori: please confirm this project/SCO mapping. This is an educated guess: ""Microsoft Defender for Endpoint (MDE) Expansion"" -> ""SCO-PROV-728 Defender Anti-Virus"" (token overlap 1/3; hint matched: defender, score 88).","Apr 28/25 - Completed
Apr 28/25 - Move to final, sent via AdobeSign
Apr 25/25 - V2 back from Province
Apr 17/25 - V1 sent to Province
Apr 17/25 - With Tyler, with Sian
Apr 17/25 - With Nicole/Cathy for review
Apr 14/25 - SOW approved"
Microsoft Defender for Endpoint (MDE) Expansion,88,token overlap 1/3; hint matched: defender,SCO-PROV-809 Defender AV for Windows,184,V1,ADSL,2026-04-10,2026-04-17,8,6,Apr 10/26 - with Tyler,Apr 17/26 - V1 sent to Province,"Lori: please confirm this project/SCO mapping. This is an educated guess: ""Microsoft Defender for Endpoint (MDE) Expansion"" -> ""SCO-PROV-809 Defender AV for Windows"" (token overlap 1/3; hint matched: defender, score 88).","May 6/26 - V4 rec'd; Adobe Sign
Apr 23/26 - V3 sent to Province
Apr 21/26 - V2 rec'd; V3 with Cathy
Apr 17/26 - V1 sent to Province
Apr 16/26 - with Sian
Apr 10/26 - with Tyler"
Microsoft Defender for Endpoint (MDE) Expansion,88,token overlap 1/3; hint matched: defender,SCO-PROV-809 Defender AV for Windows,184,V2,CSBC,2026-04-18,2026-04-21,4,2,Next day after: Apr 17/26 - V1 sent to Province,Apr 21/26 - V2 rec'd; V3 with Cathy,"Lori: please confirm this project/SCO mapping. This is an educated guess: ""Microsoft Defender for Endpoint (MDE) Expansion"" -> ""SCO-PROV-809 Defender AV for Windows"" (token overlap 1/3; hint matched: defender, score 88).","May 6/26 - V4 rec'd; Adobe Sign
Apr 23/26 - V3 sent to Province
Apr 21/26 - V2 rec'd; V3 with Cathy
Apr 17/26 - V1 sent to Province
Apr 16/26 - with Sian
Apr 10/26 - with Tyler"
Microsoft Defender for Endpoint (MDE) Expansion,88,token overlap 1/3; hint matched: defender,SCO-PROV-809 Defender AV for Windows,184,V3,ADSL,2026-04-22,2026-04-23,2,2,Next day after: Apr 21/26 - V2 rec'd; V3 with Cathy,Apr 23/26 - V3 sent to Province,"Lori: please confirm this project/SCO mapping. This is an educated guess: ""Microsoft Defender for Endpoint (MDE) Expansion"" -> ""SCO-PROV-809 Defender AV for Windows"" (token overlap 1/3; hint matched: defender, score 88).","May 6/26 - V4 rec'd; Adobe Sign
Apr 23/26 - V3 sent to Province
Apr 21/26 - V2 rec'd; V3 with Cathy
Apr 17/26 - V1 sent to Province
Apr 16/26 - with Sian
Apr 10/26 - with Tyler"
Microsoft Defender for Endpoint (MDE) Expansion,88,token overlap 1/3; hint matched: defender,SCO-PROV-809 Defender AV for Windows,184,V3,SIGNINGTIME,2026-05-06,2026-05-06,1,1,May 6/26 - V4 rec'd; Adobe Sign,May 6/26 - V4 rec'd; Adobe Sign,"Lori: please confirm this project/SCO mapping. This is an educated guess: ""Microsoft Defender for Endpoint (MDE) Expansion"" -> ""SCO-PROV-809 Defender AV for Windows"" (token overlap 1/3; hint matched: defender, score 88).","May 6/26 - V4 rec'd; Adobe Sign
Apr 23/26 - V3 sent to Province
Apr 21/26 - V2 rec'd; V3 with Cathy
Apr 17/26 - V1 sent to Province
Apr 16/26 - with Sian
Apr 10/26 - with Tyler"
Multi Cloud Connectivity,100,project phrase appears,SCO-PROV-739 Multi-Cloud Connectivity Service,116,V1,ADSL,2025-04-11,2025-05-12,32,22,"Apr 11/25 - Lori M drafted SCO from approved Service Design, Jen to continue",May 12/25 - V1 sent to Province,,"July 31/25 - Adobe Sign
July 18/25 - V5 sent to Province
July 9/25 - V4 rec'd; with Killian / Sam
June 13/25 - V3 sent to Province
June 6/25 - Province asked for this to be expedited
May 28/25 - with Sam
May 23/25 - Killians sent responses
May 22/25 - with Killian / Sam
May 21/25 - V2.1 rec'd
May 12/25 - V1 sent to Province
May 9/25 - with Joyce
May 6/25 - with Rian
Apr 30/25 - Back from Killian with comments - to review
Apr 28/25 - With Killian
Apr 11/25 - Lori M drafted SCO from approved Service Design, Jen to continue"
Multi Cloud Connectivity,100,project phrase appears,SCO-PROV-739 Multi-Cloud Connectivity Service,116,V2.1,CSBC,2025-05-13,2025-05-21,9,7,Next day after: May 12/25 - V1 sent to Province,May 21/25 - V2.1 rec'd,,"July 31/25 - Adobe Sign
July 18/25 - V5 sent to Province
July 9/25 - V4 rec'd; with Killian / Sam
June 13/25 - V3 sent to Province
June 6/25 - Province asked for this to be expedited
May 28/25 - with Sam
May 23/25 - Killians sent responses
May 22/25 - with Killian / Sam
May 21/25 - V2.1 rec'd
May 12/25 - V1 sent to Province
May 9/25 - with Joyce
May 6/25 - with Rian
Apr 30/25 - Back from Killian with comments - to review
Apr 28/25 - With Killian
Apr 11/25 - Lori M drafted SCO from approved Service Design, Jen to continue"
Multi Cloud Connectivity,100,project phrase appears,SCO-PROV-739 Multi-Cloud Connectivity Service,116,V3,ADSL,2025-05-22,2025-06-13,23,17,Next day after: May 21/25 - V2.1 rec'd,June 13/25 - V3 sent to Province,,"July 31/25 - Adobe Sign
July 18/25 - V5 sent to Province
July 9/25 - V4 rec'd; with Killian / Sam
June 13/25 - V3 sent to Province
June 6/25 - Province asked for this to be expedited
May 28/25 - with Sam
May 23/25 - Killians sent responses
May 22/25 - with Killian / Sam
May 21/25 - V2.1 rec'd
May 12/25 - V1 sent to Province
May 9/25 - with Joyce
May 6/25 - with Rian
Apr 30/25 - Back from Killian with comments - to review
Apr 28/25 - With Killian
Apr 11/25 - Lori M drafted SCO from approved Service Design, Jen to continue"
Multi Cloud Connectivity,100,project phrase appears,SCO-PROV-739 Multi-Cloud Connectivity Service,116,V4,CSBC,2025-06-14,2025-07-09,26,18,Next day after: June 13/25 - V3 sent to Province,July 9/25 - V4 rec'd; with Killian / Sam,,"July 31/25 - Adobe Sign
July 18/25 - V5 sent to Province
July 9/25 - V4 rec'd; with Killian / Sam
June 13/25 - V3 sent to Province
June 6/25 - Province asked for this to be expedited
May 28/25 - with Sam
May 23/25 - Killians sent responses
May 22/25 - with Killian / Sam
May 21/25 - V2.1 rec'd
May 12/25 - V1 sent to Province
May 9/25 - with Joyce
May 6/25 - with Rian
Apr 30/25 - Back from Killian with comments - to review
Apr 28/25 - With Killian
Apr 11/25 - Lori M drafted SCO from approved Service Design, Jen to continue"
Multi Cloud Connectivity,100,project phrase appears,SCO-PROV-739 Multi-Cloud Connectivity Service,116,V5,ADSL,2025-07-10,2025-07-18,9,7,Next day after: July 9/25 - V4 rec'd; with Killian / Sam,July 18/25 - V5 sent to Province,,"July 31/25 - Adobe Sign
July 18/25 - V5 sent to Province
July 9/25 - V4 rec'd; with Killian / Sam
June 13/25 - V3 sent to Province
June 6/25 - Province asked for this to be expedited
May 28/25 - with Sam
May 23/25 - Killians sent responses
May 22/25 - with Killian / Sam
May 21/25 - V2.1 rec'd
May 12/25 - V1 sent to Province
May 9/25 - with Joyce
May 6/25 - with Rian
Apr 30/25 - Back from Killian with comments - to review
Apr 28/25 - With Killian
Apr 11/25 - Lori M drafted SCO from approved Service Design, Jen to continue"
Multi Cloud Connectivity,100,project phrase appears,SCO-PROV-739 Multi-Cloud Connectivity Service,116,V5,SIGNINGTIME,2025-07-31,2025-07-31,1,1,July 31/25 - Adobe Sign,July 31/25 - Adobe Sign,,"July 31/25 - Adobe Sign
July 18/25 - V5 sent to Province
July 9/25 - V4 rec'd; with Killian / Sam
June 13/25 - V3 sent to Province
June 6/25 - Province asked for this to be expedited
May 28/25 - with Sam
May 23/25 - Killians sent responses
May 22/25 - with Killian / Sam
May 21/25 - V2.1 rec'd
May 12/25 - V1 sent to Province
May 9/25 - with Joyce
May 6/25 - with Rian
Apr 30/25 - Back from Killian with comments - to review
Apr 28/25 - With Killian
Apr 11/25 - Lori M drafted SCO from approved Service Design, Jen to continue"
NRS VDI Service PoC,74,token overlap 1/3; hint matched: vdi,CR-CAP-016 WLRS VDI Servers (3),193,UNKNOWN,UNKNOWN,,,,,,,"Lori: I matched this SCO to the project but could not parse version timing from the status text. Lori: please confirm this project/SCO mapping. This is an educated guess: ""NRS VDI Service PoC"" -> ""CR-CAP-016 WLRS VDI Servers (3)"" (token overlap 1/3; hint matched: vdi, score 74).",With Province for signing
NRS VDI Service PoC,74,token overlap 1/3; hint matched: vdi,CR-CAP-042 Client VDI SW,201,V3.2,SIGNINGTIME,2025-04-28,2025-07-15,79,57,Apr 28/25 - Sian committed to purchasing Horizon licenses from Ingram by May 2 whether CAP is signed or not,July 15/25 - Completed,"Lori: please confirm this project/SCO mapping. This is an educated guess: ""NRS VDI Service PoC"" -> ""CR-CAP-042 Client VDI SW"" (token overlap 1/3; hint matched: vdi, score 74).","July 15/25 - Completed
July 10/25 -Sent via Adobe Sign
July 9/25 - Province agreed to move to final
June 19/25 - V3.2 sent to Province
June 6/25 - V3.1 sent to Province
June 5/25 - Dan K. asked that the Nvidia licenses be in a separate CAP
May 27/25 - Prov wants 200 Horizon licenses. Tyler checking on whether NVidia licenses still required.
May 14/25 - 1 and 3 yr sent to Province - working on an extra 190 Horizon licenses as well
May 8/25 - procurement obtaining 1 and 3 year quotes
May 6/25 - V3 sent to Province
May 2/25 - V2 back from Province
May 2/25 - V1 sent to Province
May 1/25 - With Tyler, with Sian
May 1/25 - awaiting new quote from Dell for Nvidia, V1 with Joyce
Apr 30/25 - For review with Joyce/Chris, with Tyler
Apr 28/25 - Sian committed to purchasing Horizon licenses from Ingram by May 2 whether CAP is signed or not"
NRS VDI Service PoC,74,token overlap 1/3; hint matched: vdi,CR-CAP-042 Client VDI SW,201,V1,ADSL,2025-04-30,2025-05-02,3,3,"Apr 30/25 - For review with Joyce/Chris, with Tyler",May 2/25 - V1 sent to Province,"Lori: please confirm this project/SCO mapping. This is an educated guess: ""NRS VDI Service PoC"" -> ""CR-CAP-042 Client VDI SW"" (token overlap 1/3; hint matched: vdi, score 74).","July 15/25 - Completed
July 10/25 -Sent via Adobe Sign
July 9/25 - Province agreed to move to final
June 19/25 - V3.2 sent to Province
June 6/25 - V3.1 sent to Province
June 5/25 - Dan K. asked that the Nvidia licenses be in a separate CAP
May 27/25 - Prov wants 200 Horizon licenses. Tyler checking on whether NVidia licenses still required.
May 14/25 - 1 and 3 yr sent to Province - working on an extra 190 Horizon licenses as well
May 8/25 - procurement obtaining 1 and 3 year quotes
May 6/25 - V3 sent to Province
May 2/25 - V2 back from Province
May 2/25 - V1 sent to Province
May 1/25 - With Tyler, with Sian
May 1/25 - awaiting new quote from Dell for Nvidia, V1 with Joyce
Apr 30/25 - For review with Joyce/Chris, with Tyler
Apr 28/25 - Sian committed to purchasing Horizon licenses from Ingram by May 2 whether CAP is signed or not"
NRS VDI Service PoC,74,token overlap 1/3; hint matched: vdi,CR-CAP-042 Client VDI SW,201,V3,ADSL,2025-05-03,2025-05-06,4,2,Next day after: May 2/25 - V2 back from Province,May 6/25 - V3 sent to Province,"Lori: please confirm this project/SCO mapping. This is an educated guess: ""NRS VDI Service PoC"" -> ""CR-CAP-042 Client VDI SW"" (token overlap 1/3; hint matched: vdi, score 74).","July 15/25 - Completed
July 10/25 -Sent via Adobe Sign
July 9/25 - Province agreed to move to final
June 19/25 - V3.2 sent to Province
June 6/25 - V3.1 sent to Province
June 5/25 - Dan K. asked that the Nvidia licenses be in a separate CAP
May 27/25 - Prov wants 200 Horizon licenses. Tyler checking on whether NVidia licenses still required.
May 14/25 - 1 and 3 yr sent to Province - working on an extra 190 Horizon licenses as well
May 8/25 - procurement obtaining 1 and 3 year quotes
May 6/25 - V3 sent to Province
May 2/25 - V2 back from Province
May 2/25 - V1 sent to Province
May 1/25 - With Tyler, with Sian
May 1/25 - awaiting new quote from Dell for Nvidia, V1 with Joyce
Apr 30/25 - For review with Joyce/Chris, with Tyler
Apr 28/25 - Sian committed to purchasing Horizon licenses from Ingram by May 2 whether CAP is signed or not"
NRS VDI Service PoC,74,token overlap 1/3; hint matched: vdi,CR-CAP-042 Client VDI SW,201,V4,ADSL,2025-05-07,2025-05-14,8,6,Next day after: May 6/25 - V3 sent to Province,May 14/25 - 1 and 3 yr sent to Province - working on an extra 190 Horizon licenses as well,"Lori: please confirm this project/SCO mapping. This is an educated guess: ""NRS VDI Service PoC"" -> ""CR-CAP-042 Client VDI SW"" (token overlap 1/3; hint matched: vdi, score 74).","July 15/25 - Completed
July 10/25 -Sent via Adobe Sign
July 9/25 - Province agreed to move to final
June 19/25 - V3.2 sent to Province
June 6/25 - V3.1 sent to Province
June 5/25 - Dan K. asked that the Nvidia licenses be in a separate CAP
May 27/25 - Prov wants 200 Horizon licenses. Tyler checking on whether NVidia licenses still required.
May 14/25 - 1 and 3 yr sent to Province - working on an extra 190 Horizon licenses as well
May 8/25 - procurement obtaining 1 and 3 year quotes
May 6/25 - V3 sent to Province
May 2/25 - V2 back from Province
May 2/25 - V1 sent to Province
May 1/25 - With Tyler, with Sian
May 1/25 - awaiting new quote from Dell for Nvidia, V1 with Joyce
Apr 30/25 - For review with Joyce/Chris, with Tyler
Apr 28/25 - Sian committed to purchasing Horizon licenses from Ingram by May 2 whether CAP is signed or not"
NRS VDI Service PoC,74,token overlap 1/3; hint matched: vdi,CR-CAP-042 Client VDI SW,201,V5,CSBC,2025-05-15,2025-05-27,13,9,Next day after: May 14/25 - 1 and 3 yr sent to Province - working on an extra 190 Horizon licenses as well,May 27/25 - Prov wants 200 Horizon licenses. Tyler checking on whether NVidia licenses still required.,"Lori: inferred handoff to ADSL from internal ADSL work line; please confirm. Lori: please confirm this project/SCO mapping. This is an educated guess: ""NRS VDI Service PoC"" -> ""CR-CAP-042 Client VDI SW"" (token overlap 1/3; hint matched: vdi, score 74).","July 15/25 - Completed
July 10/25 -Sent via Adobe Sign
July 9/25 - Province agreed to move to final
June 19/25 - V3.2 sent to Province
June 6/25 - V3.1 sent to Province
June 5/25 - Dan K. asked that the Nvidia licenses be in a separate CAP
May 27/25 - Prov wants 200 Horizon licenses. Tyler checking on whether NVidia licenses still required.
May 14/25 - 1 and 3 yr sent to Province - working on an extra 190 Horizon licenses as well
May 8/25 - procurement obtaining 1 and 3 year quotes
May 6/25 - V3 sent to Province
May 2/25 - V2 back from Province
May 2/25 - V1 sent to Province
May 1/25 - With Tyler, with Sian
May 1/25 - awaiting new quote from Dell for Nvidia, V1 with Joyce
Apr 30/25 - For review with Joyce/Chris, with Tyler
Apr 28/25 - Sian committed to purchasing Horizon licenses from Ingram by May 2 whether CAP is signed or not"
NRS VDI Service PoC,74,token overlap 1/3; hint matched: vdi,CR-CAP-042 Client VDI SW,201,V6,ADSL,2025-05-27,2025-06-06,11,9,May 27/25 - Prov wants 200 Horizon licenses. Tyler checking on whether NVidia licenses still required.,June 6/25 - V3.1 sent to Province,"Lori: please confirm this project/SCO mapping. This is an educated guess: ""NRS VDI Service PoC"" -> ""CR-CAP-042 Client VDI SW"" (token overlap 1/3; hint matched: vdi, score 74).","July 15/25 - Completed
July 10/25 -Sent via Adobe Sign
July 9/25 - Province agreed to move to final
June 19/25 - V3.2 sent to Province
June 6/25 - V3.1 sent to Province
June 5/25 - Dan K. asked that the Nvidia licenses be in a separate CAP
May 27/25 - Prov wants 200 Horizon licenses. Tyler checking on whether NVidia licenses still required.
May 14/25 - 1 and 3 yr sent to Province - working on an extra 190 Horizon licenses as well
May 8/25 - procurement obtaining 1 and 3 year quotes
May 6/25 - V3 sent to Province
May 2/25 - V2 back from Province
May 2/25 - V1 sent to Province
May 1/25 - With Tyler, with Sian
May 1/25 - awaiting new quote from Dell for Nvidia, V1 with Joyce
Apr 30/25 - For review with Joyce/Chris, with Tyler
Apr 28/25 - Sian committed to purchasing Horizon licenses from Ingram by May 2 whether CAP is signed or not"
NRS VDI Service PoC,74,token overlap 1/3; hint matched: vdi,CR-CAP-042 Client VDI SW,201,V3.1,ADSL,2025-06-06,2025-06-06,1,1,June 6/25 - V3.1 sent to Province,June 6/25 - V3.1 sent to Province,"Lori: please confirm this project/SCO mapping. This is an educated guess: ""NRS VDI Service PoC"" -> ""CR-CAP-042 Client VDI SW"" (token overlap 1/3; hint matched: vdi, score 74).","July 15/25 - Completed
July 10/25 -Sent via Adobe Sign
July 9/25 - Province agreed to move to final
June 19/25 - V3.2 sent to Province
June 6/25 - V3.1 sent to Province
June 5/25 - Dan K. asked that the Nvidia licenses be in a separate CAP
May 27/25 - Prov wants 200 Horizon licenses. Tyler checking on whether NVidia licenses still required.
May 14/25 - 1 and 3 yr sent to Province - working on an extra 190 Horizon licenses as well
May 8/25 - procurement obtaining 1 and 3 year quotes
May 6/25 - V3 sent to Province
May 2/25 - V2 back from Province
May 2/25 - V1 sent to Province
May 1/25 - With Tyler, with Sian
May 1/25 - awaiting new quote from Dell for Nvidia, V1 with Joyce
Apr 30/25 - For review with Joyce/Chris, with Tyler
Apr 28/25 - Sian committed to purchasing Horizon licenses from Ingram by May 2 whether CAP is signed or not"
NRS VDI Service PoC,74,token overlap 1/3; hint matched: vdi,CR-CAP-042 Client VDI SW,201,V4,CSBC,2025-06-07,2025-06-19,13,9,Next day after: June 6/25 - V3.1 sent to Province,June 19/25 - V3.2 sent to Province,"Lori: please confirm this project/SCO mapping. This is an educated guess: ""NRS VDI Service PoC"" -> ""CR-CAP-042 Client VDI SW"" (token overlap 1/3; hint matched: vdi, score 74).","July 15/25 - Completed
July 10/25 -Sent via Adobe Sign
July 9/25 - Province agreed to move to final
June 19/25 - V3.2 sent to Province
June 6/25 - V3.1 sent to Province
June 5/25 - Dan K. asked that the Nvidia licenses be in a separate CAP
May 27/25 - Prov wants 200 Horizon licenses. Tyler checking on whether NVidia licenses still required.
May 14/25 - 1 and 3 yr sent to Province - working on an extra 190 Horizon licenses as well
May 8/25 - procurement obtaining 1 and 3 year quotes
May 6/25 - V3 sent to Province
May 2/25 - V2 back from Province
May 2/25 - V1 sent to Province
May 1/25 - With Tyler, with Sian
May 1/25 - awaiting new quote from Dell for Nvidia, V1 with Joyce
Apr 30/25 - For review with Joyce/Chris, with Tyler
Apr 28/25 - Sian committed to purchasing Horizon licenses from Ingram by May 2 whether CAP is signed or not"
NRS VDI Service PoC,74,token overlap 1/3; hint matched: vdi,CR-CAP-042 Client VDI SW,201,V3.2,ADSL,2025-06-19,2025-06-19,1,1,June 19/25 - V3.2 sent to Province,June 19/25 - V3.2 sent to Province,"Lori: please confirm this project/SCO mapping. This is an educated guess: ""NRS VDI Service PoC"" -> ""CR-CAP-042 Client VDI SW"" (token overlap 1/3; hint matched: vdi, score 74).","July 15/25 - Completed
July 10/25 -Sent via Adobe Sign
July 9/25 - Province agreed to move to final
June 19/25 - V3.2 sent to Province
June 6/25 - V3.1 sent to Province
June 5/25 - Dan K. asked that the Nvidia licenses be in a separate CAP
May 27/25 - Prov wants 200 Horizon licenses. Tyler checking on whether NVidia licenses still required.
May 14/25 - 1 and 3 yr sent to Province - working on an extra 190 Horizon licenses as well
May 8/25 - procurement obtaining 1 and 3 year quotes
May 6/25 - V3 sent to Province
May 2/25 - V2 back from Province
May 2/25 - V1 sent to Province
May 1/25 - With Tyler, with Sian
May 1/25 - awaiting new quote from Dell for Nvidia, V1 with Joyce
Apr 30/25 - For review with Joyce/Chris, with Tyler
Apr 28/25 - Sian committed to purchasing Horizon licenses from Ingram by May 2 whether CAP is signed or not"
NRS VDI Service PoC,74,token overlap 1/3; hint matched: vdi,CR-CAP-075 VDI Nvidia Licenses,234,V1,ADSL,2025-06-06,2025-09-23,110,78,June 6/25 - Dan K. asked that the Nvidia licenses be in a separate CAP,Sept 23/25 - V1 sent to Province,"Lori: please confirm this project/SCO mapping. This is an educated guess: ""NRS VDI Service PoC"" -> ""CR-CAP-075 VDI Nvidia Licenses"" (token overlap 1/3; hint matched: vdi, score 74).","Oct 17/25 - Adobe Sign
Oct 16/25 - approved for signing; Chris doing PR
Oct 2/25 - V3 sent to Province
Oct 1/25 - V2 rec'd; with Chris/Dan
Sept 23/25 - V1 sent to Province
Sept 19/25 - approved for submission; waiting for refreshed quote
Sept 18/25 - vendor confirmed licenses transferable; with Joyce
Sept 12/25 - with Dan/Chris to confirm assignability or prorate quote
Sept 11/25 - quote received; with Joyce for pricing
Aug 28/25 - client confirmed 458 licenses for 5 years
Aug 22/25 - on hold until counts come in
July 29/25 - Province said they would follow up for decision on counts to move the CAP forward
June 6/25 - Dan K. asked that the Nvidia licenses be in a separate CAP"
NRS VDI Service PoC,74,token overlap 1/3; hint matched: vdi,CR-CAP-075 VDI Nvidia Licenses,234,V2,CSBC,2025-09-24,2025-10-01,8,6,Next day after: Sept 23/25 - V1 sent to Province,Oct 1/25 - V2 rec'd; with Chris/Dan,"Lori: please confirm this project/SCO mapping. This is an educated guess: ""NRS VDI Service PoC"" -> ""CR-CAP-075 VDI Nvidia Licenses"" (token overlap 1/3; hint matched: vdi, score 74).","Oct 17/25 - Adobe Sign
Oct 16/25 - approved for signing; Chris doing PR
Oct 2/25 - V3 sent to Province
Oct 1/25 - V2 rec'd; with Chris/Dan
Sept 23/25 - V1 sent to Province
Sept 19/25 - approved for submission; waiting for refreshed quote
Sept 18/25 - vendor confirmed licenses transferable; with Joyce
Sept 12/25 - with Dan/Chris to confirm assignability or prorate quote
Sept 11/25 - quote received; with Joyce for pricing
Aug 28/25 - client confirmed 458 licenses for 5 years
Aug 22/25 - on hold until counts come in
July 29/25 - Province said they would follow up for decision on counts to move the CAP forward
June 6/25 - Dan K. asked that the Nvidia licenses be in a separate CAP"
NRS VDI Service PoC,74,token overlap 1/3; hint matched: vdi,CR-CAP-075 VDI Nvidia Licenses,234,V3,ADSL,2025-10-02,2025-10-02,1,1,Next day after: Oct 1/25 - V2 rec'd; with Chris/Dan,Oct 2/25 - V3 sent to Province,"Lori: please confirm this project/SCO mapping. This is an educated guess: ""NRS VDI Service PoC"" -> ""CR-CAP-075 VDI Nvidia Licenses"" (token overlap 1/3; hint matched: vdi, score 74).","Oct 17/25 - Adobe Sign
Oct 16/25 - approved for signing; Chris doing PR
Oct 2/25 - V3 sent to Province
Oct 1/25 - V2 rec'd; with Chris/Dan
Sept 23/25 - V1 sent to Province
Sept 19/25 - approved for submission; waiting for refreshed quote
Sept 18/25 - vendor confirmed licenses transferable; with Joyce
Sept 12/25 - with Dan/Chris to confirm assignability or prorate quote
Sept 11/25 - quote received; with Joyce for pricing
Aug 28/25 - client confirmed 458 licenses for 5 years
Aug 22/25 - on hold until counts come in
July 29/25 - Province said they would follow up for decision on counts to move the CAP forward
June 6/25 - Dan K. asked that the Nvidia licenses be in a separate CAP"
NRS VDI Service PoC,74,token overlap 1/3; hint matched: vdi,CR-CAP-075 VDI Nvidia Licenses,234,V3,SIGNINGTIME,2025-10-17,2025-10-17,1,1,Oct 17/25 - Adobe Sign,Oct 17/25 - Adobe Sign,"Lori: please confirm this project/SCO mapping. This is an educated guess: ""NRS VDI Service PoC"" -> ""CR-CAP-075 VDI Nvidia Licenses"" (token overlap 1/3; hint matched: vdi, score 74).","Oct 17/25 - Adobe Sign
Oct 16/25 - approved for signing; Chris doing PR
Oct 2/25 - V3 sent to Province
Oct 1/25 - V2 rec'd; with Chris/Dan
Sept 23/25 - V1 sent to Province
Sept 19/25 - approved for submission; waiting for refreshed quote
Sept 18/25 - vendor confirmed licenses transferable; with Joyce
Sept 12/25 - with Dan/Chris to confirm assignability or prorate quote
Sept 11/25 - quote received; with Joyce for pricing
Aug 28/25 - client confirmed 458 licenses for 5 years
Aug 22/25 - on hold until counts come in
July 29/25 - Province said they would follow up for decision on counts to move the CAP forward
June 6/25 - Dan K. asked that the Nvidia licenses be in a separate CAP"
NRS VDI Service PoC,74,token overlap 1/3; hint matched: vdi,CR-CAP-126 Client VDI SW (800),283,V1,ADSL,2026-02-27,2026-03-03,5,3,Feb 27/26 - with Tyler,Mar 3/26 - V1 sent to Province,"Lori: please confirm this project/SCO mapping. This is an educated guess: ""NRS VDI Service PoC"" -> ""CR-CAP-126 Client VDI SW (800)"" (token overlap 1/3; hint matched: vdi, score 74).","Mar 9/26 - Adobe Sign
Mar 6/26 - V2 rec'd
Mar 3/26 - V1 sent to Province
Feb 27/26 - with Tyler"
NRS VDI Service PoC,74,token overlap 1/3; hint matched: vdi,CR-CAP-126 Client VDI SW (800),283,V2,CSBC,2026-03-04,2026-03-06,3,3,Next day after: Mar 3/26 - V1 sent to Province,Mar 6/26 - V2 rec'd,"Lori: please confirm this project/SCO mapping. This is an educated guess: ""NRS VDI Service PoC"" -> ""CR-CAP-126 Client VDI SW (800)"" (token overlap 1/3; hint matched: vdi, score 74).","Mar 9/26 - Adobe Sign
Mar 6/26 - V2 rec'd
Mar 3/26 - V1 sent to Province
Feb 27/26 - with Tyler"
NRS VDI Service PoC,74,token overlap 1/3; hint matched: vdi,CR-CAP-126 Client VDI SW (800),283,V2,SIGNINGTIME,2026-03-09,2026-03-09,1,1,Mar 9/26 - Adobe Sign,Mar 9/26 - Adobe Sign,"Lori: please confirm this project/SCO mapping. This is an educated guess: ""NRS VDI Service PoC"" -> ""CR-CAP-126 Client VDI SW (800)"" (token overlap 1/3; hint matched: vdi, score 74).","Mar 9/26 - Adobe Sign
Mar 6/26 - V2 rec'd
Mar 3/26 - V1 sent to Province
Feb 27/26 - with Tyler"
NRS VDI Service PoC,74,token overlap 1/3; hint matched: vdi,SCO-PROV-683 Client VDI Service,97,V9,ADSL,2015-02-24,2025-03-13,3671,2623,Feb 24/15 - V9 updated; Nicole reviewing differences between Service Design doc and SCO,Mar 13/25 - V9 sent to Province,"Lori: please confirm this project/SCO mapping. This is an educated guess: ""NRS VDI Service PoC"" -> ""SCO-PROV-683 Client VDI Service"" (token overlap 1/3; hint matched: vdi, score 74).","Apr 14/25 - Completed
Apr 14/25 - Out via Adobe Sign for signatures, final Word copy sent to Province
Apr 11/25 - V16 approved
Apr 4/25 - V15 sent to Province
Apr 2/25 - V14.2 rec'd
Mar 20/25 - V11 sent to Province
Mar 19/25 - V10 rec'd
Mar 13/25 - V9 sent to Province
Feb 24/15 - V9 updated; Nicole reviewing differences between Service Design doc and SCO
Feb 19/25 - V8.1 rec'd; requested Service Design doc from Nicole
Dec 19/24 - V7.1 sent to Province
Dec 9/24 - V7.1 with Chris and Jen for review
Nov 5/24 - V7 sent to Province 
Oct 29/24 - V6.1 rec'd
Oct 28/24 - V5 sent to Province
Oct 25/24 - V4 rec'd
Oct 25/24 - V3 sent to Province
Oct 23/24 - V2.1 rec'd
Oct 22/24 - V1 sent to Province
Oct 17/24 - with Nicole/Chris/Cathy for review
Sept 12/24 - pricing sent to Emma and Brian
Aug 13/24 - Chris to provide license volume across ADSL to possibly obtain better pricing from vendor
July 9/24 - followed up with Broadcom for quote
June 10/24 - email sent to VMware to confirm licensing"
NRS VDI Service PoC,74,token overlap 1/3; hint matched: vdi,SCO-PROV-683 Client VDI Service,97,V1,ADSL,2024-10-22,2024-10-22,1,1,Oct 22/24 - V1 sent to Province,Oct 22/24 - V1 sent to Province,"Lori: please confirm this project/SCO mapping. This is an educated guess: ""NRS VDI Service PoC"" -> ""SCO-PROV-683 Client VDI Service"" (token overlap 1/3; hint matched: vdi, score 74).","Apr 14/25 - Completed
Apr 14/25 - Out via Adobe Sign for signatures, final Word copy sent to Province
Apr 11/25 - V16 approved
Apr 4/25 - V15 sent to Province
Apr 2/25 - V14.2 rec'd
Mar 20/25 - V11 sent to Province
Mar 19/25 - V10 rec'd
Mar 13/25 - V9 sent to Province
Feb 24/15 - V9 updated; Nicole reviewing differences between Service Design doc and SCO
Feb 19/25 - V8.1 rec'd; requested Service Design doc from Nicole
Dec 19/24 - V7.1 sent to Province
Dec 9/24 - V7.1 with Chris and Jen for review
Nov 5/24 - V7 sent to Province 
Oct 29/24 - V6.1 rec'd
Oct 28/24 - V5 sent to Province
Oct 25/24 - V4 rec'd
Oct 25/24 - V3 sent to Province
Oct 23/24 - V2.1 rec'd
Oct 22/24 - V1 sent to Province
Oct 17/24 - with Nicole/Chris/Cathy for review
Sept 12/24 - pricing sent to Emma and Brian
Aug 13/24 - Chris to provide license volume across ADSL to possibly obtain better pricing from vendor
July 9/24 - followed up with Broadcom for quote
June 10/24 - email sent to VMware to confirm licensing"
NRS VDI Service PoC,74,token overlap 1/3; hint matched: vdi,SCO-PROV-683 Client VDI Service,97,V2.1,CSBC,2024-10-23,2024-10-23,1,1,Next day after: Oct 22/24 - V1 sent to Province,Oct 23/24 - V2.1 rec'd,"Lori: please confirm this project/SCO mapping. This is an educated guess: ""NRS VDI Service PoC"" -> ""SCO-PROV-683 Client VDI Service"" (token overlap 1/3; hint matched: vdi, score 74).","Apr 14/25 - Completed
Apr 14/25 - Out via Adobe Sign for signatures, final Word copy sent to Province
Apr 11/25 - V16 approved
Apr 4/25 - V15 sent to Province
Apr 2/25 - V14.2 rec'd
Mar 20/25 - V11 sent to Province
Mar 19/25 - V10 rec'd
Mar 13/25 - V9 sent to Province
Feb 24/15 - V9 updated; Nicole reviewing differences between Service Design doc and SCO
Feb 19/25 - V8.1 rec'd; requested Service Design doc from Nicole
Dec 19/24 - V7.1 sent to Province
Dec 9/24 - V7.1 with Chris and Jen for review
Nov 5/24 - V7 sent to Province 
Oct 29/24 - V6.1 rec'd
Oct 28/24 - V5 sent to Province
Oct 25/24 - V4 rec'd
Oct 25/24 - V3 sent to Province
Oct 23/24 - V2.1 rec'd
Oct 22/24 - V1 sent to Province
Oct 17/24 - with Nicole/Chris/Cathy for review
Sept 12/24 - pricing sent to Emma and Brian
Aug 13/24 - Chris to provide license volume across ADSL to possibly obtain better pricing from vendor
July 9/24 - followed up with Broadcom for quote
June 10/24 - email sent to VMware to confirm licensing"
NRS VDI Service PoC,74,token overlap 1/3; hint matched: vdi,SCO-PROV-683 Client VDI Service,97,V3,ADSL,2024-10-24,2024-10-25,2,2,Next day after: Oct 23/24 - V2.1 rec'd,Oct 25/24 - V3 sent to Province,"Lori: please confirm this project/SCO mapping. This is an educated guess: ""NRS VDI Service PoC"" -> ""SCO-PROV-683 Client VDI Service"" (token overlap 1/3; hint matched: vdi, score 74).","Apr 14/25 - Completed
Apr 14/25 - Out via Adobe Sign for signatures, final Word copy sent to Province
Apr 11/25 - V16 approved
Apr 4/25 - V15 sent to Province
Apr 2/25 - V14.2 rec'd
Mar 20/25 - V11 sent to Province
Mar 19/25 - V10 rec'd
Mar 13/25 - V9 sent to Province
Feb 24/15 - V9 updated; Nicole reviewing differences between Service Design doc and SCO
Feb 19/25 - V8.1 rec'd; requested Service Design doc from Nicole
Dec 19/24 - V7.1 sent to Province
Dec 9/24 - V7.1 with Chris and Jen for review
Nov 5/24 - V7 sent to Province 
Oct 29/24 - V6.1 rec'd
Oct 28/24 - V5 sent to Province
Oct 25/24 - V4 rec'd
Oct 25/24 - V3 sent to Province
Oct 23/24 - V2.1 rec'd
Oct 22/24 - V1 sent to Province
Oct 17/24 - with Nicole/Chris/Cathy for review
Sept 12/24 - pricing sent to Emma and Brian
Aug 13/24 - Chris to provide license volume across ADSL to possibly obtain better pricing from vendor
July 9/24 - followed up with Broadcom for quote
June 10/24 - email sent to VMware to confirm licensing"
NRS VDI Service PoC,74,token overlap 1/3; hint matched: vdi,SCO-PROV-683 Client VDI Service,97,V5,ADSL,2024-10-26,2024-10-28,3,1,Next day after: Oct 25/24 - V4 rec'd,Oct 28/24 - V5 sent to Province,"Lori: please confirm this project/SCO mapping. This is an educated guess: ""NRS VDI Service PoC"" -> ""SCO-PROV-683 Client VDI Service"" (token overlap 1/3; hint matched: vdi, score 74).","Apr 14/25 - Completed
Apr 14/25 - Out via Adobe Sign for signatures, final Word copy sent to Province
Apr 11/25 - V16 approved
Apr 4/25 - V15 sent to Province
Apr 2/25 - V14.2 rec'd
Mar 20/25 - V11 sent to Province
Mar 19/25 - V10 rec'd
Mar 13/25 - V9 sent to Province
Feb 24/15 - V9 updated; Nicole reviewing differences between Service Design doc and SCO
Feb 19/25 - V8.1 rec'd; requested Service Design doc from Nicole
Dec 19/24 - V7.1 sent to Province
Dec 9/24 - V7.1 with Chris and Jen for review
Nov 5/24 - V7 sent to Province 
Oct 29/24 - V6.1 rec'd
Oct 28/24 - V5 sent to Province
Oct 25/24 - V4 rec'd
Oct 25/24 - V3 sent to Province
Oct 23/24 - V2.1 rec'd
Oct 22/24 - V1 sent to Province
Oct 17/24 - with Nicole/Chris/Cathy for review
Sept 12/24 - pricing sent to Emma and Brian
Aug 13/24 - Chris to provide license volume across ADSL to possibly obtain better pricing from vendor
July 9/24 - followed up with Broadcom for quote
June 10/24 - email sent to VMware to confirm licensing"
NRS VDI Service PoC,74,token overlap 1/3; hint matched: vdi,SCO-PROV-683 Client VDI Service,97,V6.1,CSBC,2024-10-29,2024-10-29,1,1,Next day after: Oct 28/24 - V5 sent to Province,Oct 29/24 - V6.1 rec'd,"Lori: please confirm this project/SCO mapping. This is an educated guess: ""NRS VDI Service PoC"" -> ""SCO-PROV-683 Client VDI Service"" (token overlap 1/3; hint matched: vdi, score 74).","Apr 14/25 - Completed
Apr 14/25 - Out via Adobe Sign for signatures, final Word copy sent to Province
Apr 11/25 - V16 approved
Apr 4/25 - V15 sent to Province
Apr 2/25 - V14.2 rec'd
Mar 20/25 - V11 sent to Province
Mar 19/25 - V10 rec'd
Mar 13/25 - V9 sent to Province
Feb 24/15 - V9 updated; Nicole reviewing differences between Service Design doc and SCO
Feb 19/25 - V8.1 rec'd; requested Service Design doc from Nicole
Dec 19/24 - V7.1 sent to Province
Dec 9/24 - V7.1 with Chris and Jen for review
Nov 5/24 - V7 sent to Province 
Oct 29/24 - V6.1 rec'd
Oct 28/24 - V5 sent to Province
Oct 25/24 - V4 rec'd
Oct 25/24 - V3 sent to Province
Oct 23/24 - V2.1 rec'd
Oct 22/24 - V1 sent to Province
Oct 17/24 - with Nicole/Chris/Cathy for review
Sept 12/24 - pricing sent to Emma and Brian
Aug 13/24 - Chris to provide license volume across ADSL to possibly obtain better pricing from vendor
July 9/24 - followed up with Broadcom for quote
June 10/24 - email sent to VMware to confirm licensing"
NRS VDI Service PoC,74,token overlap 1/3; hint matched: vdi,SCO-PROV-683 Client VDI Service,97,V7,ADSL,2024-10-30,2024-11-05,7,5,Next day after: Oct 29/24 - V6.1 rec'd,Nov 5/24 - V7 sent to Province,"Lori: please confirm this project/SCO mapping. This is an educated guess: ""NRS VDI Service PoC"" -> ""SCO-PROV-683 Client VDI Service"" (token overlap 1/3; hint matched: vdi, score 74).","Apr 14/25 - Completed
Apr 14/25 - Out via Adobe Sign for signatures, final Word copy sent to Province
Apr 11/25 - V16 approved
Apr 4/25 - V15 sent to Province
Apr 2/25 - V14.2 rec'd
Mar 20/25 - V11 sent to Province
Mar 19/25 - V10 rec'd
Mar 13/25 - V9 sent to Province
Feb 24/15 - V9 updated; Nicole reviewing differences between Service Design doc and SCO
Feb 19/25 - V8.1 rec'd; requested Service Design doc from Nicole
Dec 19/24 - V7.1 sent to Province
Dec 9/24 - V7.1 with Chris and Jen for review
Nov 5/24 - V7 sent to Province 
Oct 29/24 - V6.1 rec'd
Oct 28/24 - V5 sent to Province
Oct 25/24 - V4 rec'd
Oct 25/24 - V3 sent to Province
Oct 23/24 - V2.1 rec'd
Oct 22/24 - V1 sent to Province
Oct 17/24 - with Nicole/Chris/Cathy for review
Sept 12/24 - pricing sent to Emma and Brian
Aug 13/24 - Chris to provide license volume across ADSL to possibly obtain better pricing from vendor
July 9/24 - followed up with Broadcom for quote
June 10/24 - email sent to VMware to confirm licensing"
NRS VDI Service PoC,74,token overlap 1/3; hint matched: vdi,SCO-PROV-683 Client VDI Service,97,V8,CSBC,2024-11-06,2024-12-09,34,24,Next day after: Nov 5/24 - V7 sent to Province,Dec 9/24 - V7.1 with Chris and Jen for review,"Lori: please confirm this project/SCO mapping. This is an educated guess: ""NRS VDI Service PoC"" -> ""SCO-PROV-683 Client VDI Service"" (token overlap 1/3; hint matched: vdi, score 74).","Apr 14/25 - Completed
Apr 14/25 - Out via Adobe Sign for signatures, final Word copy sent to Province
Apr 11/25 - V16 approved
Apr 4/25 - V15 sent to Province
Apr 2/25 - V14.2 rec'd
Mar 20/25 - V11 sent to Province
Mar 19/25 - V10 rec'd
Mar 13/25 - V9 sent to Province
Feb 24/15 - V9 updated; Nicole reviewing differences between Service Design doc and SCO
Feb 19/25 - V8.1 rec'd; requested Service Design doc from Nicole
Dec 19/24 - V7.1 sent to Province
Dec 9/24 - V7.1 with Chris and Jen for review
Nov 5/24 - V7 sent to Province 
Oct 29/24 - V6.1 rec'd
Oct 28/24 - V5 sent to Province
Oct 25/24 - V4 rec'd
Oct 25/24 - V3 sent to Province
Oct 23/24 - V2.1 rec'd
Oct 22/24 - V1 sent to Province
Oct 17/24 - with Nicole/Chris/Cathy for review
Sept 12/24 - pricing sent to Emma and Brian
Aug 13/24 - Chris to provide license volume across ADSL to possibly obtain better pricing from vendor
July 9/24 - followed up with Broadcom for quote
June 10/24 - email sent to VMware to confirm licensing"
NRS VDI Service PoC,74,token overlap 1/3; hint matched: vdi,SCO-PROV-683 Client VDI Service,97,V7.1,ADSL,2024-12-09,2024-12-19,11,9,Dec 9/24 - V7.1 with Chris and Jen for review,Dec 19/24 - V7.1 sent to Province,"Lori: please confirm this project/SCO mapping. This is an educated guess: ""NRS VDI Service PoC"" -> ""SCO-PROV-683 Client VDI Service"" (token overlap 1/3; hint matched: vdi, score 74).","Apr 14/25 - Completed
Apr 14/25 - Out via Adobe Sign for signatures, final Word copy sent to Province
Apr 11/25 - V16 approved
Apr 4/25 - V15 sent to Province
Apr 2/25 - V14.2 rec'd
Mar 20/25 - V11 sent to Province
Mar 19/25 - V10 rec'd
Mar 13/25 - V9 sent to Province
Feb 24/15 - V9 updated; Nicole reviewing differences between Service Design doc and SCO
Feb 19/25 - V8.1 rec'd; requested Service Design doc from Nicole
Dec 19/24 - V7.1 sent to Province
Dec 9/24 - V7.1 with Chris and Jen for review
Nov 5/24 - V7 sent to Province 
Oct 29/24 - V6.1 rec'd
Oct 28/24 - V5 sent to Province
Oct 25/24 - V4 rec'd
Oct 25/24 - V3 sent to Province
Oct 23/24 - V2.1 rec'd
Oct 22/24 - V1 sent to Province
Oct 17/24 - with Nicole/Chris/Cathy for review
Sept 12/24 - pricing sent to Emma and Brian
Aug 13/24 - Chris to provide license volume across ADSL to possibly obtain better pricing from vendor
July 9/24 - followed up with Broadcom for quote
June 10/24 - email sent to VMware to confirm licensing"
NRS VDI Service PoC,74,token overlap 1/3; hint matched: vdi,SCO-PROV-683 Client VDI Service,97,V8.1,CSBC,2024-12-20,2025-02-19,62,44,Next day after: Dec 19/24 - V7.1 sent to Province,Feb 19/25 - V8.1 rec'd; requested Service Design doc from Nicole,"Lori: please confirm this project/SCO mapping. This is an educated guess: ""NRS VDI Service PoC"" -> ""SCO-PROV-683 Client VDI Service"" (token overlap 1/3; hint matched: vdi, score 74).","Apr 14/25 - Completed
Apr 14/25 - Out via Adobe Sign for signatures, final Word copy sent to Province
Apr 11/25 - V16 approved
Apr 4/25 - V15 sent to Province
Apr 2/25 - V14.2 rec'd
Mar 20/25 - V11 sent to Province
Mar 19/25 - V10 rec'd
Mar 13/25 - V9 sent to Province
Feb 24/15 - V9 updated; Nicole reviewing differences between Service Design doc and SCO
Feb 19/25 - V8.1 rec'd; requested Service Design doc from Nicole
Dec 19/24 - V7.1 sent to Province
Dec 9/24 - V7.1 with Chris and Jen for review
Nov 5/24 - V7 sent to Province 
Oct 29/24 - V6.1 rec'd
Oct 28/24 - V5 sent to Province
Oct 25/24 - V4 rec'd
Oct 25/24 - V3 sent to Province
Oct 23/24 - V2.1 rec'd
Oct 22/24 - V1 sent to Province
Oct 17/24 - with Nicole/Chris/Cathy for review
Sept 12/24 - pricing sent to Emma and Brian
Aug 13/24 - Chris to provide license volume across ADSL to possibly obtain better pricing from vendor
July 9/24 - followed up with Broadcom for quote
June 10/24 - email sent to VMware to confirm licensing"
NRS VDI Service PoC,74,token overlap 1/3; hint matched: vdi,SCO-PROV-683 Client VDI Service,97,V10,CSBC,2025-03-14,2025-03-19,6,4,Next day after: Mar 13/25 - V9 sent to Province,Mar 19/25 - V10 rec'd,"Lori: please confirm this project/SCO mapping. This is an educated guess: ""NRS VDI Service PoC"" -> ""SCO-PROV-683 Client VDI Service"" (token overlap 1/3; hint matched: vdi, score 74).","Apr 14/25 - Completed
Apr 14/25 - Out via Adobe Sign for signatures, final Word copy sent to Province
Apr 11/25 - V16 approved
Apr 4/25 - V15 sent to Province
Apr 2/25 - V14.2 rec'd
Mar 20/25 - V11 sent to Province
Mar 19/25 - V10 rec'd
Mar 13/25 - V9 sent to Province
Feb 24/15 - V9 updated; Nicole reviewing differences between Service Design doc and SCO
Feb 19/25 - V8.1 rec'd; requested Service Design doc from Nicole
Dec 19/24 - V7.1 sent to Province
Dec 9/24 - V7.1 with Chris and Jen for review
Nov 5/24 - V7 sent to Province 
Oct 29/24 - V6.1 rec'd
Oct 28/24 - V5 sent to Province
Oct 25/24 - V4 rec'd
Oct 25/24 - V3 sent to Province
Oct 23/24 - V2.1 rec'd
Oct 22/24 - V1 sent to Province
Oct 17/24 - with Nicole/Chris/Cathy for review
Sept 12/24 - pricing sent to Emma and Brian
Aug 13/24 - Chris to provide license volume across ADSL to possibly obtain better pricing from vendor
July 9/24 - followed up with Broadcom for quote
June 10/24 - email sent to VMware to confirm licensing"
NRS VDI Service PoC,74,token overlap 1/3; hint matched: vdi,SCO-PROV-683 Client VDI Service,97,V11,ADSL,2025-03-20,2025-03-20,1,1,Next day after: Mar 19/25 - V10 rec'd,Mar 20/25 - V11 sent to Province,"Lori: please confirm this project/SCO mapping. This is an educated guess: ""NRS VDI Service PoC"" -> ""SCO-PROV-683 Client VDI Service"" (token overlap 1/3; hint matched: vdi, score 74).","Apr 14/25 - Completed
Apr 14/25 - Out via Adobe Sign for signatures, final Word copy sent to Province
Apr 11/25 - V16 approved
Apr 4/25 - V15 sent to Province
Apr 2/25 - V14.2 rec'd
Mar 20/25 - V11 sent to Province
Mar 19/25 - V10 rec'd
Mar 13/25 - V9 sent to Province
Feb 24/15 - V9 updated; Nicole reviewing differences between Service Design doc and SCO
Feb 19/25 - V8.1 rec'd; requested Service Design doc from Nicole
Dec 19/24 - V7.1 sent to Province
Dec 9/24 - V7.1 with Chris and Jen for review
Nov 5/24 - V7 sent to Province 
Oct 29/24 - V6.1 rec'd
Oct 28/24 - V5 sent to Province
Oct 25/24 - V4 rec'd
Oct 25/24 - V3 sent to Province
Oct 23/24 - V2.1 rec'd
Oct 22/24 - V1 sent to Province
Oct 17/24 - with Nicole/Chris/Cathy for review
Sept 12/24 - pricing sent to Emma and Brian
Aug 13/24 - Chris to provide license volume across ADSL to possibly obtain better pricing from vendor
July 9/24 - followed up with Broadcom for quote
June 10/24 - email sent to VMware to confirm licensing"
NRS VDI Service PoC,74,token overlap 1/3; hint matched: vdi,SCO-PROV-683 Client VDI Service,97,V14.2,CSBC,2025-03-21,2025-04-02,13,9,Next day after: Mar 20/25 - V11 sent to Province,Apr 2/25 - V14.2 rec'd,"Lori: please confirm this project/SCO mapping. This is an educated guess: ""NRS VDI Service PoC"" -> ""SCO-PROV-683 Client VDI Service"" (token overlap 1/3; hint matched: vdi, score 74).","Apr 14/25 - Completed
Apr 14/25 - Out via Adobe Sign for signatures, final Word copy sent to Province
Apr 11/25 - V16 approved
Apr 4/25 - V15 sent to Province
Apr 2/25 - V14.2 rec'd
Mar 20/25 - V11 sent to Province
Mar 19/25 - V10 rec'd
Mar 13/25 - V9 sent to Province
Feb 24/15 - V9 updated; Nicole reviewing differences between Service Design doc and SCO
Feb 19/25 - V8.1 rec'd; requested Service Design doc from Nicole
Dec 19/24 - V7.1 sent to Province
Dec 9/24 - V7.1 with Chris and Jen for review
Nov 5/24 - V7 sent to Province 
Oct 29/24 - V6.1 rec'd
Oct 28/24 - V5 sent to Province
Oct 25/24 - V4 rec'd
Oct 25/24 - V3 sent to Province
Oct 23/24 - V2.1 rec'd
Oct 22/24 - V1 sent to Province
Oct 17/24 - with Nicole/Chris/Cathy for review
Sept 12/24 - pricing sent to Emma and Brian
Aug 13/24 - Chris to provide license volume across ADSL to possibly obtain better pricing from vendor
July 9/24 - followed up with Broadcom for quote
June 10/24 - email sent to VMware to confirm licensing"
NRS VDI Service PoC,74,token overlap 1/3; hint matched: vdi,SCO-PROV-683 Client VDI Service,97,V15,ADSL,2025-04-03,2025-04-04,2,2,Next day after: Apr 2/25 - V14.2 rec'd,Apr 4/25 - V15 sent to Province,"Lori: please confirm this project/SCO mapping. This is an educated guess: ""NRS VDI Service PoC"" -> ""SCO-PROV-683 Client VDI Service"" (token overlap 1/3; hint matched: vdi, score 74).","Apr 14/25 - Completed
Apr 14/25 - Out via Adobe Sign for signatures, final Word copy sent to Province
Apr 11/25 - V16 approved
Apr 4/25 - V15 sent to Province
Apr 2/25 - V14.2 rec'd
Mar 20/25 - V11 sent to Province
Mar 19/25 - V10 rec'd
Mar 13/25 - V9 sent to Province
Feb 24/15 - V9 updated; Nicole reviewing differences between Service Design doc and SCO
Feb 19/25 - V8.1 rec'd; requested Service Design doc from Nicole
Dec 19/24 - V7.1 sent to Province
Dec 9/24 - V7.1 with Chris and Jen for review
Nov 5/24 - V7 sent to Province 
Oct 29/24 - V6.1 rec'd
Oct 28/24 - V5 sent to Province
Oct 25/24 - V4 rec'd
Oct 25/24 - V3 sent to Province
Oct 23/24 - V2.1 rec'd
Oct 22/24 - V1 sent to Province
Oct 17/24 - with Nicole/Chris/Cathy for review
Sept 12/24 - pricing sent to Emma and Brian
Aug 13/24 - Chris to provide license volume across ADSL to possibly obtain better pricing from vendor
July 9/24 - followed up with Broadcom for quote
June 10/24 - email sent to VMware to confirm licensing"
NRS VDI Service PoC,74,token overlap 1/3; hint matched: vdi,SCO-PROV-683 Client VDI Service,97,V15,SIGNINGTIME,2025-04-14,2025-04-14,1,1,Apr 14/25 - Completed,"Apr 14/25 - Out via Adobe Sign for signatures, final Word copy sent to Province","Lori: please confirm this project/SCO mapping. This is an educated guess: ""NRS VDI Service PoC"" -> ""SCO-PROV-683 Client VDI Service"" (token overlap 1/3; hint matched: vdi, score 74).","Apr 14/25 - Completed
Apr 14/25 - Out via Adobe Sign for signatures, final Word copy sent to Province
Apr 11/25 - V16 approved
Apr 4/25 - V15 sent to Province
Apr 2/25 - V14.2 rec'd
Mar 20/25 - V11 sent to Province
Mar 19/25 - V10 rec'd
Mar 13/25 - V9 sent to Province
Feb 24/15 - V9 updated; Nicole reviewing differences between Service Design doc and SCO
Feb 19/25 - V8.1 rec'd; requested Service Design doc from Nicole
Dec 19/24 - V7.1 sent to Province
Dec 9/24 - V7.1 with Chris and Jen for review
Nov 5/24 - V7 sent to Province 
Oct 29/24 - V6.1 rec'd
Oct 28/24 - V5 sent to Province
Oct 25/24 - V4 rec'd
Oct 25/24 - V3 sent to Province
Oct 23/24 - V2.1 rec'd
Oct 22/24 - V1 sent to Province
Oct 17/24 - with Nicole/Chris/Cathy for review
Sept 12/24 - pricing sent to Emma and Brian
Aug 13/24 - Chris to provide license volume across ADSL to possibly obtain better pricing from vendor
July 9/24 - followed up with Broadcom for quote
June 10/24 - email sent to VMware to confirm licensing"
NRS VDI Service PoC,74,token overlap 1/3; hint matched: vdi,"SCO-PROV-732 HostSrvr SW(VMware)
(formerly Licensing_Dedicated Hosts)",110,V1,ADSL,2025-04-03,2025-06-02,61,43,Apr 3/25 - with Cathy/Craig,June 2/25 - V1 sent to Province,"Lori: please confirm this project/SCO mapping. This is an educated guess: ""NRS VDI Service PoC"" -> ""SCO-PROV-732 HostSrvr SW(VMware)
(formerly Licensing_Dedicated Hosts)"" (token overlap 1/3; hint matched: vdi, score 74).","Sept 23/25 - Adobe Sign
Sept 18/25 - V4.3 sent to Province; V4.4 sent to Province
Sept 17/25 - V4.2 sent to Province, with responses to questions
Sept 11/25 - V4.1 sent to Province
Sept 10/25 - updated; with Cathy
Sept 5/25 - V4 sent to Province; meeting held with Lina/Carol; with ADSL to update
Aug 26/25 - V3 rec'd; V4 with Cathy, Jessica, Craig
July 31/25 - Jessica sent email to Lina; waiting for direction from Lina
July 30/25 - RM to get info from Lina re requirements 
July 11/25 - Internal meeting scheduled today - With Maria U. and Jess H. to provide info from HUB to give to Province re: iStore PI info, and further discussion on VDI host servers
July 9/25 - V2 rec'd; V3 with Cathy/Craig
June 27/25 - V 1.1 sent to Ptovince
June 2/25 - V1 sent to Province
May 26/25 - Cathy updated SW fee; with Craig
Apr 28/25 - Followed up with Sian, she has a few questions before it can be sent
Apr 15/25 - Follow up with Sian
Apr 9/25 - With Sian
Apr 8/25 - With Tyler
Apr 3/25 - with Cathy/Craig"
NRS VDI Service PoC,74,token overlap 1/3; hint matched: vdi,"SCO-PROV-732 HostSrvr SW(VMware)
(formerly Licensing_Dedicated Hosts)",110,V2,CSBC,2025-06-03,2025-07-09,37,27,Next day after: June 2/25 - V1 sent to Province,July 9/25 - V2 rec'd; V3 with Cathy/Craig,"Lori: please confirm this project/SCO mapping. This is an educated guess: ""NRS VDI Service PoC"" -> ""SCO-PROV-732 HostSrvr SW(VMware)
(formerly Licensing_Dedicated Hosts)"" (token overlap 1/3; hint matched: vdi, score 74).","Sept 23/25 - Adobe Sign
Sept 18/25 - V4.3 sent to Province; V4.4 sent to Province
Sept 17/25 - V4.2 sent to Province, with responses to questions
Sept 11/25 - V4.1 sent to Province
Sept 10/25 - updated; with Cathy
Sept 5/25 - V4 sent to Province; meeting held with Lina/Carol; with ADSL to update
Aug 26/25 - V3 rec'd; V4 with Cathy, Jessica, Craig
July 31/25 - Jessica sent email to Lina; waiting for direction from Lina
July 30/25 - RM to get info from Lina re requirements 
July 11/25 - Internal meeting scheduled today - With Maria U. and Jess H. to provide info from HUB to give to Province re: iStore PI info, and further discussion on VDI host servers
July 9/25 - V2 rec'd; V3 with Cathy/Craig
June 27/25 - V 1.1 sent to Ptovince
June 2/25 - V1 sent to Province
May 26/25 - Cathy updated SW fee; with Craig
Apr 28/25 - Followed up with Sian, she has a few questions before it can be sent
Apr 15/25 - Follow up with Sian
Apr 9/25 - With Sian
Apr 8/25 - With Tyler
Apr 3/25 - with Cathy/Craig"
NRS VDI Service PoC,74,token overlap 1/3; hint matched: vdi,"SCO-PROV-732 HostSrvr SW(VMware)
(formerly Licensing_Dedicated Hosts)",110,V3,CSBC,2025-07-10,2025-08-26,48,34,Next day after: July 9/25 - V2 rec'd; V3 with Cathy/Craig,"Aug 26/25 - V3 rec'd; V4 with Cathy, Jessica, Craig","Lori: please confirm this project/SCO mapping. This is an educated guess: ""NRS VDI Service PoC"" -> ""SCO-PROV-732 HostSrvr SW(VMware)
(formerly Licensing_Dedicated Hosts)"" (token overlap 1/3; hint matched: vdi, score 74).","Sept 23/25 - Adobe Sign
Sept 18/25 - V4.3 sent to Province; V4.4 sent to Province
Sept 17/25 - V4.2 sent to Province, with responses to questions
Sept 11/25 - V4.1 sent to Province
Sept 10/25 - updated; with Cathy
Sept 5/25 - V4 sent to Province; meeting held with Lina/Carol; with ADSL to update
Aug 26/25 - V3 rec'd; V4 with Cathy, Jessica, Craig
July 31/25 - Jessica sent email to Lina; waiting for direction from Lina
July 30/25 - RM to get info from Lina re requirements 
July 11/25 - Internal meeting scheduled today - With Maria U. and Jess H. to provide info from HUB to give to Province re: iStore PI info, and further discussion on VDI host servers
July 9/25 - V2 rec'd; V3 with Cathy/Craig
June 27/25 - V 1.1 sent to Ptovince
June 2/25 - V1 sent to Province
May 26/25 - Cathy updated SW fee; with Craig
Apr 28/25 - Followed up with Sian, she has a few questions before it can be sent
Apr 15/25 - Follow up with Sian
Apr 9/25 - With Sian
Apr 8/25 - With Tyler
Apr 3/25 - with Cathy/Craig"
NRS VDI Service PoC,74,token overlap 1/3; hint matched: vdi,"SCO-PROV-732 HostSrvr SW(VMware)
(formerly Licensing_Dedicated Hosts)",110,V4,ADSL,2025-08-27,2025-09-05,10,8,"Next day after: Aug 26/25 - V3 rec'd; V4 with Cathy, Jessica, Craig",Sept 5/25 - V4 sent to Province; meeting held with Lina/Carol; with ADSL to update,"Lori: please confirm this project/SCO mapping. This is an educated guess: ""NRS VDI Service PoC"" -> ""SCO-PROV-732 HostSrvr SW(VMware)
(formerly Licensing_Dedicated Hosts)"" (token overlap 1/3; hint matched: vdi, score 74).","Sept 23/25 - Adobe Sign
Sept 18/25 - V4.3 sent to Province; V4.4 sent to Province
Sept 17/25 - V4.2 sent to Province, with responses to questions
Sept 11/25 - V4.1 sent to Province
Sept 10/25 - updated; with Cathy
Sept 5/25 - V4 sent to Province; meeting held with Lina/Carol; with ADSL to update
Aug 26/25 - V3 rec'd; V4 with Cathy, Jessica, Craig
July 31/25 - Jessica sent email to Lina; waiting for direction from Lina
July 30/25 - RM to get info from Lina re requirements 
July 11/25 - Internal meeting scheduled today - With Maria U. and Jess H. to provide info from HUB to give to Province re: iStore PI info, and further discussion on VDI host servers
July 9/25 - V2 rec'd; V3 with Cathy/Craig
June 27/25 - V 1.1 sent to Ptovince
June 2/25 - V1 sent to Province
May 26/25 - Cathy updated SW fee; with Craig
Apr 28/25 - Followed up with Sian, she has a few questions before it can be sent
Apr 15/25 - Follow up with Sian
Apr 9/25 - With Sian
Apr 8/25 - With Tyler
Apr 3/25 - with Cathy/Craig"
NRS VDI Service PoC,74,token overlap 1/3; hint matched: vdi,"SCO-PROV-732 HostSrvr SW(VMware)
(formerly Licensing_Dedicated Hosts)",110,V5,CSBC,2025-09-06,2025-09-18,13,9,Next day after: Sept 5/25 - V4 sent to Province; meeting held with Lina/Carol; with ADSL to update,Sept 18/25 - V4.3 sent to Province; V4.4 sent to Province,"Lori: inferred handoff to ADSL from internal ADSL work line; please confirm. Lori: please confirm this project/SCO mapping. This is an educated guess: ""NRS VDI Service PoC"" -> ""SCO-PROV-732 HostSrvr SW(VMware)
(formerly Licensing_Dedicated Hosts)"" (token overlap 1/3; hint matched: vdi, score 74).","Sept 23/25 - Adobe Sign
Sept 18/25 - V4.3 sent to Province; V4.4 sent to Province
Sept 17/25 - V4.2 sent to Province, with responses to questions
Sept 11/25 - V4.1 sent to Province
Sept 10/25 - updated; with Cathy
Sept 5/25 - V4 sent to Province; meeting held with Lina/Carol; with ADSL to update
Aug 26/25 - V3 rec'd; V4 with Cathy, Jessica, Craig
July 31/25 - Jessica sent email to Lina; waiting for direction from Lina
July 30/25 - RM to get info from Lina re requirements 
July 11/25 - Internal meeting scheduled today - With Maria U. and Jess H. to provide info from HUB to give to Province re: iStore PI info, and further discussion on VDI host servers
July 9/25 - V2 rec'd; V3 with Cathy/Craig
June 27/25 - V 1.1 sent to Ptovince
June 2/25 - V1 sent to Province
May 26/25 - Cathy updated SW fee; with Craig
Apr 28/25 - Followed up with Sian, she has a few questions before it can be sent
Apr 15/25 - Follow up with Sian
Apr 9/25 - With Sian
Apr 8/25 - With Tyler
Apr 3/25 - with Cathy/Craig"
NRS VDI Service PoC,74,token overlap 1/3; hint matched: vdi,"SCO-PROV-732 HostSrvr SW(VMware)
(formerly Licensing_Dedicated Hosts)",110,V6,ADSL,2025-09-10,2025-09-11,2,2,Sept 10/25 - updated; with Cathy,Sept 11/25 - V4.1 sent to Province,"Lori: please confirm this project/SCO mapping. This is an educated guess: ""NRS VDI Service PoC"" -> ""SCO-PROV-732 HostSrvr SW(VMware)
(formerly Licensing_Dedicated Hosts)"" (token overlap 1/3; hint matched: vdi, score 74).","Sept 23/25 - Adobe Sign
Sept 18/25 - V4.3 sent to Province; V4.4 sent to Province
Sept 17/25 - V4.2 sent to Province, with responses to questions
Sept 11/25 - V4.1 sent to Province
Sept 10/25 - updated; with Cathy
Sept 5/25 - V4 sent to Province; meeting held with Lina/Carol; with ADSL to update
Aug 26/25 - V3 rec'd; V4 with Cathy, Jessica, Craig
July 31/25 - Jessica sent email to Lina; waiting for direction from Lina
July 30/25 - RM to get info from Lina re requirements 
July 11/25 - Internal meeting scheduled today - With Maria U. and Jess H. to provide info from HUB to give to Province re: iStore PI info, and further discussion on VDI host servers
July 9/25 - V2 rec'd; V3 with Cathy/Craig
June 27/25 - V 1.1 sent to Ptovince
June 2/25 - V1 sent to Province
May 26/25 - Cathy updated SW fee; with Craig
Apr 28/25 - Followed up with Sian, she has a few questions before it can be sent
Apr 15/25 - Follow up with Sian
Apr 9/25 - With Sian
Apr 8/25 - With Tyler
Apr 3/25 - with Cathy/Craig"
NRS VDI Service PoC,74,token overlap 1/3; hint matched: vdi,"SCO-PROV-732 HostSrvr SW(VMware)
(formerly Licensing_Dedicated Hosts)",110,V4.1,ADSL,2025-09-11,2025-09-11,1,1,Sept 11/25 - V4.1 sent to Province,Sept 11/25 - V4.1 sent to Province,"Lori: please confirm this project/SCO mapping. This is an educated guess: ""NRS VDI Service PoC"" -> ""SCO-PROV-732 HostSrvr SW(VMware)
(formerly Licensing_Dedicated Hosts)"" (token overlap 1/3; hint matched: vdi, score 74).","Sept 23/25 - Adobe Sign
Sept 18/25 - V4.3 sent to Province; V4.4 sent to Province
Sept 17/25 - V4.2 sent to Province, with responses to questions
Sept 11/25 - V4.1 sent to Province
Sept 10/25 - updated; with Cathy
Sept 5/25 - V4 sent to Province; meeting held with Lina/Carol; with ADSL to update
Aug 26/25 - V3 rec'd; V4 with Cathy, Jessica, Craig
July 31/25 - Jessica sent email to Lina; waiting for direction from Lina
July 30/25 - RM to get info from Lina re requirements 
July 11/25 - Internal meeting scheduled today - With Maria U. and Jess H. to provide info from HUB to give to Province re: iStore PI info, and further discussion on VDI host servers
July 9/25 - V2 rec'd; V3 with Cathy/Craig
June 27/25 - V 1.1 sent to Ptovince
June 2/25 - V1 sent to Province
May 26/25 - Cathy updated SW fee; with Craig
Apr 28/25 - Followed up with Sian, she has a few questions before it can be sent
Apr 15/25 - Follow up with Sian
Apr 9/25 - With Sian
Apr 8/25 - With Tyler
Apr 3/25 - with Cathy/Craig"
NRS VDI Service PoC,74,token overlap 1/3; hint matched: vdi,"SCO-PROV-732 HostSrvr SW(VMware)
(formerly Licensing_Dedicated Hosts)",110,V4.2,ADSL,2025-09-17,2025-09-17,1,1,"Sept 17/25 - V4.2 sent to Province, with responses to questions","Sept 17/25 - V4.2 sent to Province, with responses to questions","Lori: please confirm this project/SCO mapping. This is an educated guess: ""NRS VDI Service PoC"" -> ""SCO-PROV-732 HostSrvr SW(VMware)
(formerly Licensing_Dedicated Hosts)"" (token overlap 1/3; hint matched: vdi, score 74).","Sept 23/25 - Adobe Sign
Sept 18/25 - V4.3 sent to Province; V4.4 sent to Province
Sept 17/25 - V4.2 sent to Province, with responses to questions
Sept 11/25 - V4.1 sent to Province
Sept 10/25 - updated; with Cathy
Sept 5/25 - V4 sent to Province; meeting held with Lina/Carol; with ADSL to update
Aug 26/25 - V3 rec'd; V4 with Cathy, Jessica, Craig
July 31/25 - Jessica sent email to Lina; waiting for direction from Lina
July 30/25 - RM to get info from Lina re requirements 
July 11/25 - Internal meeting scheduled today - With Maria U. and Jess H. to provide info from HUB to give to Province re: iStore PI info, and further discussion on VDI host servers
July 9/25 - V2 rec'd; V3 with Cathy/Craig
June 27/25 - V 1.1 sent to Ptovince
June 2/25 - V1 sent to Province
May 26/25 - Cathy updated SW fee; with Craig
Apr 28/25 - Followed up with Sian, she has a few questions before it can be sent
Apr 15/25 - Follow up with Sian
Apr 9/25 - With Sian
Apr 8/25 - With Tyler
Apr 3/25 - with Cathy/Craig"
NRS VDI Service PoC,74,token overlap 1/3; hint matched: vdi,"SCO-PROV-732 HostSrvr SW(VMware)
(formerly Licensing_Dedicated Hosts)",110,V4.3,ADSL,2025-09-18,2025-09-18,1,1,Sept 18/25 - V4.3 sent to Province; V4.4 sent to Province,Sept 18/25 - V4.3 sent to Province; V4.4 sent to Province,"Lori: please confirm this project/SCO mapping. This is an educated guess: ""NRS VDI Service PoC"" -> ""SCO-PROV-732 HostSrvr SW(VMware)
(formerly Licensing_Dedicated Hosts)"" (token overlap 1/3; hint matched: vdi, score 74).","Sept 23/25 - Adobe Sign
Sept 18/25 - V4.3 sent to Province; V4.4 sent to Province
Sept 17/25 - V4.2 sent to Province, with responses to questions
Sept 11/25 - V4.1 sent to Province
Sept 10/25 - updated; with Cathy
Sept 5/25 - V4 sent to Province; meeting held with Lina/Carol; with ADSL to update
Aug 26/25 - V3 rec'd; V4 with Cathy, Jessica, Craig
July 31/25 - Jessica sent email to Lina; waiting for direction from Lina
July 30/25 - RM to get info from Lina re requirements 
July 11/25 - Internal meeting scheduled today - With Maria U. and Jess H. to provide info from HUB to give to Province re: iStore PI info, and further discussion on VDI host servers
July 9/25 - V2 rec'd; V3 with Cathy/Craig
June 27/25 - V 1.1 sent to Ptovince
June 2/25 - V1 sent to Province
May 26/25 - Cathy updated SW fee; with Craig
Apr 28/25 - Followed up with Sian, she has a few questions before it can be sent
Apr 15/25 - Follow up with Sian
Apr 9/25 - With Sian
Apr 8/25 - With Tyler
Apr 3/25 - with Cathy/Craig"
NRS VDI Service PoC,74,token overlap 1/3; hint matched: vdi,"SCO-PROV-732 HostSrvr SW(VMware)
(formerly Licensing_Dedicated Hosts)",110,V4.3,SIGNINGTIME,2025-09-23,2025-09-23,1,1,Sept 23/25 - Adobe Sign,Sept 23/25 - Adobe Sign,"Lori: please confirm this project/SCO mapping. This is an educated guess: ""NRS VDI Service PoC"" -> ""SCO-PROV-732 HostSrvr SW(VMware)
(formerly Licensing_Dedicated Hosts)"" (token overlap 1/3; hint matched: vdi, score 74).","Sept 23/25 - Adobe Sign
Sept 18/25 - V4.3 sent to Province; V4.4 sent to Province
Sept 17/25 - V4.2 sent to Province, with responses to questions
Sept 11/25 - V4.1 sent to Province
Sept 10/25 - updated; with Cathy
Sept 5/25 - V4 sent to Province; meeting held with Lina/Carol; with ADSL to update
Aug 26/25 - V3 rec'd; V4 with Cathy, Jessica, Craig
July 31/25 - Jessica sent email to Lina; waiting for direction from Lina
July 30/25 - RM to get info from Lina re requirements 
July 11/25 - Internal meeting scheduled today - With Maria U. and Jess H. to provide info from HUB to give to Province re: iStore PI info, and further discussion on VDI host servers
July 9/25 - V2 rec'd; V3 with Cathy/Craig
June 27/25 - V 1.1 sent to Ptovince
June 2/25 - V1 sent to Province
May 26/25 - Cathy updated SW fee; with Craig
Apr 28/25 - Followed up with Sian, she has a few questions before it can be sent
Apr 15/25 - Follow up with Sian
Apr 9/25 - With Sian
Apr 8/25 - With Tyler
Apr 3/25 - with Cathy/Craig"
NRS VDI Service PoC,74,token overlap 1/3; hint matched: vdi,SCO-PROV-744 Client VDI Published Apps,122,V1,ADSL,2025-05-21,2025-05-22,2,2,May 21/25 - with Sian,May 22/25 - V1 sent to Province,"Lori: please confirm this project/SCO mapping. This is an educated guess: ""NRS VDI Service PoC"" -> ""SCO-PROV-744 Client VDI Published Apps"" (token overlap 1/3; hint matched: vdi, score 74).","June 6/25 - Adobe Sign
May 28/25 - V3 sent to Province
May 27/25 - V2 rec'd
May 22/25 - V1 sent to Province
May 21/25 - with Sian"
NRS VDI Service PoC,74,token overlap 1/3; hint matched: vdi,SCO-PROV-744 Client VDI Published Apps,122,V2,CSBC,2025-05-23,2025-05-27,5,3,Next day after: May 22/25 - V1 sent to Province,May 27/25 - V2 rec'd,"Lori: please confirm this project/SCO mapping. This is an educated guess: ""NRS VDI Service PoC"" -> ""SCO-PROV-744 Client VDI Published Apps"" (token overlap 1/3; hint matched: vdi, score 74).","June 6/25 - Adobe Sign
May 28/25 - V3 sent to Province
May 27/25 - V2 rec'd
May 22/25 - V1 sent to Province
May 21/25 - with Sian"
NRS VDI Service PoC,74,token overlap 1/3; hint matched: vdi,SCO-PROV-744 Client VDI Published Apps,122,V3,ADSL,2025-05-28,2025-05-28,1,1,Next day after: May 27/25 - V2 rec'd,May 28/25 - V3 sent to Province,"Lori: please confirm this project/SCO mapping. This is an educated guess: ""NRS VDI Service PoC"" -> ""SCO-PROV-744 Client VDI Published Apps"" (token overlap 1/3; hint matched: vdi, score 74).","June 6/25 - Adobe Sign
May 28/25 - V3 sent to Province
May 27/25 - V2 rec'd
May 22/25 - V1 sent to Province
May 21/25 - with Sian"
NRS VDI Service PoC,74,token overlap 1/3; hint matched: vdi,SCO-PROV-744 Client VDI Published Apps,122,V3,SIGNINGTIME,2025-06-06,2025-06-06,1,1,June 6/25 - Adobe Sign,June 6/25 - Adobe Sign,"Lori: please confirm this project/SCO mapping. This is an educated guess: ""NRS VDI Service PoC"" -> ""SCO-PROV-744 Client VDI Published Apps"" (token overlap 1/3; hint matched: vdi, score 74).","June 6/25 - Adobe Sign
May 28/25 - V3 sent to Province
May 27/25 - V2 rec'd
May 22/25 - V1 sent to Province
May 21/25 - with Sian"
NRS VDI Service PoC,74,token overlap 1/3; hint matched: vdi,SCO-PROV-748 MFA for VDI,126,V1,ADSL,2025-06-16,2025-06-24,9,7,"June 16/25 - with Erwin, Cathy, Joyce",June 24/25 - V1 sent to Province,"Lori: please confirm this project/SCO mapping. This is an educated guess: ""NRS VDI Service PoC"" -> ""SCO-PROV-748 MFA for VDI"" (token overlap 1/3; hint matched: vdi, score 74).","Oct 2/25 - Adobe Sign
Sept 25/25 - V3 sent to Province
Sept 24/25 - V2 rec'd; with Nicole / Erwin
Aug 21/25 - SOW approved; V1.1 sent to Province
July 22/25 - waiting for Emma's approval of revised SOW
June 24/25 - V1 sent to Province
June 19/25 - with Sian
June 17/25 - with Tyler
June 16/25 - with Erwin, Cathy, Joyce"
NRS VDI Service PoC,74,token overlap 1/3; hint matched: vdi,SCO-PROV-748 MFA for VDI,126,V2,CSBC,2025-06-25,2025-09-24,92,66,Next day after: June 24/25 - V1 sent to Province,Sept 24/25 - V2 rec'd; with Nicole / Erwin,"Lori: please confirm this project/SCO mapping. This is an educated guess: ""NRS VDI Service PoC"" -> ""SCO-PROV-748 MFA for VDI"" (token overlap 1/3; hint matched: vdi, score 74).","Oct 2/25 - Adobe Sign
Sept 25/25 - V3 sent to Province
Sept 24/25 - V2 rec'd; with Nicole / Erwin
Aug 21/25 - SOW approved; V1.1 sent to Province
July 22/25 - waiting for Emma's approval of revised SOW
June 24/25 - V1 sent to Province
June 19/25 - with Sian
June 17/25 - with Tyler
June 16/25 - with Erwin, Cathy, Joyce"
NRS VDI Service PoC,74,token overlap 1/3; hint matched: vdi,SCO-PROV-748 MFA for VDI,126,V1.1,ADSL,2025-08-21,2025-08-21,1,1,Aug 21/25 - SOW approved; V1.1 sent to Province,Aug 21/25 - SOW approved; V1.1 sent to Province,"Lori: please confirm this project/SCO mapping. This is an educated guess: ""NRS VDI Service PoC"" -> ""SCO-PROV-748 MFA for VDI"" (token overlap 1/3; hint matched: vdi, score 74).","Oct 2/25 - Adobe Sign
Sept 25/25 - V3 sent to Province
Sept 24/25 - V2 rec'd; with Nicole / Erwin
Aug 21/25 - SOW approved; V1.1 sent to Province
July 22/25 - waiting for Emma's approval of revised SOW
June 24/25 - V1 sent to Province
June 19/25 - with Sian
June 17/25 - with Tyler
June 16/25 - with Erwin, Cathy, Joyce"
NRS VDI Service PoC,74,token overlap 1/3; hint matched: vdi,SCO-PROV-748 MFA for VDI,126,V3,ADSL,2025-09-25,2025-09-25,1,1,Next day after: Sept 24/25 - V2 rec'd; with Nicole / Erwin,Sept 25/25 - V3 sent to Province,"Lori: please confirm this project/SCO mapping. This is an educated guess: ""NRS VDI Service PoC"" -> ""SCO-PROV-748 MFA for VDI"" (token overlap 1/3; hint matched: vdi, score 74).","Oct 2/25 - Adobe Sign
Sept 25/25 - V3 sent to Province
Sept 24/25 - V2 rec'd; with Nicole / Erwin
Aug 21/25 - SOW approved; V1.1 sent to Province
July 22/25 - waiting for Emma's approval of revised SOW
June 24/25 - V1 sent to Province
June 19/25 - with Sian
June 17/25 - with Tyler
June 16/25 - with Erwin, Cathy, Joyce"
NRS VDI Service PoC,74,token overlap 1/3; hint matched: vdi,SCO-PROV-748 MFA for VDI,126,V3,SIGNINGTIME,2025-10-02,2025-10-02,1,1,Oct 2/25 - Adobe Sign,Oct 2/25 - Adobe Sign,"Lori: please confirm this project/SCO mapping. This is an educated guess: ""NRS VDI Service PoC"" -> ""SCO-PROV-748 MFA for VDI"" (token overlap 1/3; hint matched: vdi, score 74).","Oct 2/25 - Adobe Sign
Sept 25/25 - V3 sent to Province
Sept 24/25 - V2 rec'd; with Nicole / Erwin
Aug 21/25 - SOW approved; V1.1 sent to Province
July 22/25 - waiting for Emma's approval of revised SOW
June 24/25 - V1 sent to Province
June 19/25 - with Sian
June 17/25 - with Tyler
June 16/25 - with Erwin, Cathy, Joyce"
NRS VDI Service PoC,74,token overlap 1/3; hint matched: vdi,SCO-PROV-753 Amd SCO-744 Client VDI Published Apps,131,V1,ADSL,2025-07-17,2025-07-17,1,1,July 17/25 - with Tyler,July 17/25 - V1 sent to Province,"Lori: please confirm this project/SCO mapping. This is an educated guess: ""NRS VDI Service PoC"" -> ""SCO-PROV-753 Amd SCO-744 Client VDI Published Apps"" (token overlap 1/3; hint matched: vdi, score 74).","Sept 24/25 - Cancelled
July 17/25 - V1 sent to Province
July 17/25 - with Tyler"
NRS VDI Service PoC,74,token overlap 1/3; hint matched: vdi,SCO-PROV-753 Amd SCO-744 Client VDI Published Apps,131,V2,CSBC,2025-07-18,2025-09-24,69,49,Next day after: July 17/25 - V1 sent to Province,Sept 24/25 - Cancelled,"Lori: please confirm this project/SCO mapping. This is an educated guess: ""NRS VDI Service PoC"" -> ""SCO-PROV-753 Amd SCO-744 Client VDI Published Apps"" (token overlap 1/3; hint matched: vdi, score 74).","Sept 24/25 - Cancelled
July 17/25 - V1 sent to Province
July 17/25 - with Tyler"
NRS VDI Service PoC,74,token overlap 1/3; hint matched: vdi,SCO-PROV-766 VDI Published Applications Service,147,V1,ADSL,2025-10-09,2025-11-17,40,28,"Oct 9/25 - with Nicole, Chris",Nov 17/25 - V1 sent to Province,"Lori: please confirm this project/SCO mapping. This is an educated guess: ""NRS VDI Service PoC"" -> ""SCO-PROV-766 VDI Published Applications Service"" (token overlap 1/3; hint matched: vdi, score 74).","Dec 8/25 - V5 sent to Province; Adobe Sign
Dec 5/25 - V4 rec'd
Dec 4/25 - V3.2 sent to Province
Dec 1/25 - V3.1 sent to Province
Nov 25/25 - V2 rec'd; with Nicole; V3 sent to Province
Nov 17/25 - V1 sent to Province
Nov 7/25 - with Cathy
Nov 3/25 - weekly meetings booked for Prov/ADSL to discuss
Oct 28/25 - Lina sent questions to Nicole
Oct 24/25 - V1.5 of Service Design Doc with Emma
Oct 9/25 - with Nicole, Chris"
NRS VDI Service PoC,74,token overlap 1/3; hint matched: vdi,SCO-PROV-766 VDI Published Applications Service,147,V1.5,ADSL,2025-10-24,2025-11-17,25,17,Oct 24/25 - V1.5 of Service Design Doc with Emma,Nov 17/25 - V1 sent to Province,"Lori: please confirm this project/SCO mapping. This is an educated guess: ""NRS VDI Service PoC"" -> ""SCO-PROV-766 VDI Published Applications Service"" (token overlap 1/3; hint matched: vdi, score 74).","Dec 8/25 - V5 sent to Province; Adobe Sign
Dec 5/25 - V4 rec'd
Dec 4/25 - V3.2 sent to Province
Dec 1/25 - V3.1 sent to Province
Nov 25/25 - V2 rec'd; with Nicole; V3 sent to Province
Nov 17/25 - V1 sent to Province
Nov 7/25 - with Cathy
Nov 3/25 - weekly meetings booked for Prov/ADSL to discuss
Oct 28/25 - Lina sent questions to Nicole
Oct 24/25 - V1.5 of Service Design Doc with Emma
Oct 9/25 - with Nicole, Chris"
NRS VDI Service PoC,74,token overlap 1/3; hint matched: vdi,SCO-PROV-766 VDI Published Applications Service,147,V2,CSBC,2025-11-18,2025-11-25,8,6,Next day after: Nov 17/25 - V1 sent to Province,Nov 25/25 - V2 rec'd; with Nicole; V3 sent to Province,"Lori: please confirm this project/SCO mapping. This is an educated guess: ""NRS VDI Service PoC"" -> ""SCO-PROV-766 VDI Published Applications Service"" (token overlap 1/3; hint matched: vdi, score 74).","Dec 8/25 - V5 sent to Province; Adobe Sign
Dec 5/25 - V4 rec'd
Dec 4/25 - V3.2 sent to Province
Dec 1/25 - V3.1 sent to Province
Nov 25/25 - V2 rec'd; with Nicole; V3 sent to Province
Nov 17/25 - V1 sent to Province
Nov 7/25 - with Cathy
Nov 3/25 - weekly meetings booked for Prov/ADSL to discuss
Oct 28/25 - Lina sent questions to Nicole
Oct 24/25 - V1.5 of Service Design Doc with Emma
Oct 9/25 - with Nicole, Chris"
NRS VDI Service PoC,74,token overlap 1/3; hint matched: vdi,SCO-PROV-766 VDI Published Applications Service,147,V3,ADSL,2025-11-26,2025-12-01,6,4,Next day after: Nov 25/25 - V2 rec'd; with Nicole; V3 sent to Province,Dec 1/25 - V3.1 sent to Province,"Lori: please confirm this project/SCO mapping. This is an educated guess: ""NRS VDI Service PoC"" -> ""SCO-PROV-766 VDI Published Applications Service"" (token overlap 1/3; hint matched: vdi, score 74).","Dec 8/25 - V5 sent to Province; Adobe Sign
Dec 5/25 - V4 rec'd
Dec 4/25 - V3.2 sent to Province
Dec 1/25 - V3.1 sent to Province
Nov 25/25 - V2 rec'd; with Nicole; V3 sent to Province
Nov 17/25 - V1 sent to Province
Nov 7/25 - with Cathy
Nov 3/25 - weekly meetings booked for Prov/ADSL to discuss
Oct 28/25 - Lina sent questions to Nicole
Oct 24/25 - V1.5 of Service Design Doc with Emma
Oct 9/25 - with Nicole, Chris"
NRS VDI Service PoC,74,token overlap 1/3; hint matched: vdi,SCO-PROV-766 VDI Published Applications Service,147,V3.1,ADSL,2025-12-01,2025-12-01,1,1,Dec 1/25 - V3.1 sent to Province,Dec 1/25 - V3.1 sent to Province,"Lori: please confirm this project/SCO mapping. This is an educated guess: ""NRS VDI Service PoC"" -> ""SCO-PROV-766 VDI Published Applications Service"" (token overlap 1/3; hint matched: vdi, score 74).","Dec 8/25 - V5 sent to Province; Adobe Sign
Dec 5/25 - V4 rec'd
Dec 4/25 - V3.2 sent to Province
Dec 1/25 - V3.1 sent to Province
Nov 25/25 - V2 rec'd; with Nicole; V3 sent to Province
Nov 17/25 - V1 sent to Province
Nov 7/25 - with Cathy
Nov 3/25 - weekly meetings booked for Prov/ADSL to discuss
Oct 28/25 - Lina sent questions to Nicole
Oct 24/25 - V1.5 of Service Design Doc with Emma
Oct 9/25 - with Nicole, Chris"
NRS VDI Service PoC,74,token overlap 1/3; hint matched: vdi,SCO-PROV-766 VDI Published Applications Service,147,V4,CSBC,2025-12-02,2025-12-05,4,4,Next day after: Dec 1/25 - V3.1 sent to Province,Dec 5/25 - V4 rec'd,"Lori: please confirm this project/SCO mapping. This is an educated guess: ""NRS VDI Service PoC"" -> ""SCO-PROV-766 VDI Published Applications Service"" (token overlap 1/3; hint matched: vdi, score 74).","Dec 8/25 - V5 sent to Province; Adobe Sign
Dec 5/25 - V4 rec'd
Dec 4/25 - V3.2 sent to Province
Dec 1/25 - V3.1 sent to Province
Nov 25/25 - V2 rec'd; with Nicole; V3 sent to Province
Nov 17/25 - V1 sent to Province
Nov 7/25 - with Cathy
Nov 3/25 - weekly meetings booked for Prov/ADSL to discuss
Oct 28/25 - Lina sent questions to Nicole
Oct 24/25 - V1.5 of Service Design Doc with Emma
Oct 9/25 - with Nicole, Chris"
NRS VDI Service PoC,74,token overlap 1/3; hint matched: vdi,SCO-PROV-766 VDI Published Applications Service,147,V3.2,ADSL,2025-12-04,2025-12-04,1,1,Dec 4/25 - V3.2 sent to Province,Dec 4/25 - V3.2 sent to Province,"Lori: please confirm this project/SCO mapping. This is an educated guess: ""NRS VDI Service PoC"" -> ""SCO-PROV-766 VDI Published Applications Service"" (token overlap 1/3; hint matched: vdi, score 74).","Dec 8/25 - V5 sent to Province; Adobe Sign
Dec 5/25 - V4 rec'd
Dec 4/25 - V3.2 sent to Province
Dec 1/25 - V3.1 sent to Province
Nov 25/25 - V2 rec'd; with Nicole; V3 sent to Province
Nov 17/25 - V1 sent to Province
Nov 7/25 - with Cathy
Nov 3/25 - weekly meetings booked for Prov/ADSL to discuss
Oct 28/25 - Lina sent questions to Nicole
Oct 24/25 - V1.5 of Service Design Doc with Emma
Oct 9/25 - with Nicole, Chris"
NRS VDI Service PoC,74,token overlap 1/3; hint matched: vdi,SCO-PROV-766 VDI Published Applications Service,147,V4,SIGNINGTIME,2025-12-08,2025-12-08,1,1,Dec 8/25 - V5 sent to Province; Adobe Sign,Dec 8/25 - V5 sent to Province; Adobe Sign,"Lori: please confirm this project/SCO mapping. This is an educated guess: ""NRS VDI Service PoC"" -> ""SCO-PROV-766 VDI Published Applications Service"" (token overlap 1/3; hint matched: vdi, score 74).","Dec 8/25 - V5 sent to Province; Adobe Sign
Dec 5/25 - V4 rec'd
Dec 4/25 - V3.2 sent to Province
Dec 1/25 - V3.1 sent to Province
Nov 25/25 - V2 rec'd; with Nicole; V3 sent to Province
Nov 17/25 - V1 sent to Province
Nov 7/25 - with Cathy
Nov 3/25 - weekly meetings booked for Prov/ADSL to discuss
Oct 28/25 - Lina sent questions to Nicole
Oct 24/25 - V1.5 of Service Design Doc with Emma
Oct 9/25 - with Nicole, Chris"
Next Gen Shared File Phase 5,100,project phrase appears; hint matched: next gen shared file; hint matched: phase 5; hint matched: shared file,SCO-PROV-463 Next Gen Shared File Phase 5,7,V1,ADSL,2022-11-22,2022-11-22,1,1,Nov 22/22 - submitted to Province,Nov 22/22 - submitted to Province,,"June 30/23 - Final version sent - completed
June 27/23 - V5 sent to Province
June 27/23 - V4 back from Province - would like sign off prior to June 30
June 20/23 - V3 sent to Province
June 19/23 - SCO out for review internally
June 19/23 - SOW approved, SCO in draft
June 6/23 - During BN/BA meeting Brian asked to have the SCO ready to go so that once the BA is approved we can proceed right away
Apr 27/23 - SOW sent to Province
Mar 27/23 - Province approved to move forward to SOW/SCO, awaiting internal SOW creation
Dec 2/22 - Lori C. advised this will be reverting back to BA 
Nov 24/22 - V2 submitted to Province
Nov 23/22 - V2 with Sian for approval
Nov 22/22 - submitted to Province"
Next Gen Shared File Phase 5,100,project phrase appears; hint matched: next gen shared file; hint matched: phase 5; hint matched: shared file,SCO-PROV-463 Next Gen Shared File Phase 5,7,V2,CSBC,2022-11-23,2022-11-23,1,1,Next day after: Nov 22/22 - submitted to Province,Nov 23/22 - V2 with Sian for approval,Lori: inferred handoff to ADSL from internal ADSL work line; please confirm.,"June 30/23 - Final version sent - completed
June 27/23 - V5 sent to Province
June 27/23 - V4 back from Province - would like sign off prior to June 30
June 20/23 - V3 sent to Province
June 19/23 - SCO out for review internally
June 19/23 - SOW approved, SCO in draft
June 6/23 - During BN/BA meeting Brian asked to have the SCO ready to go so that once the BA is approved we can proceed right away
Apr 27/23 - SOW sent to Province
Mar 27/23 - Province approved to move forward to SOW/SCO, awaiting internal SOW creation
Dec 2/22 - Lori C. advised this will be reverting back to BA 
Nov 24/22 - V2 submitted to Province
Nov 23/22 - V2 with Sian for approval
Nov 22/22 - submitted to Province"
Next Gen Shared File Phase 5,100,project phrase appears; hint matched: next gen shared file; hint matched: phase 5; hint matched: shared file,SCO-PROV-463 Next Gen Shared File Phase 5,7,V3,ADSL,2022-11-23,2023-06-20,210,150,Nov 23/22 - V2 with Sian for approval,June 20/23 - V3 sent to Province,,"June 30/23 - Final version sent - completed
June 27/23 - V5 sent to Province
June 27/23 - V4 back from Province - would like sign off prior to June 30
June 20/23 - V3 sent to Province
June 19/23 - SCO out for review internally
June 19/23 - SOW approved, SCO in draft
June 6/23 - During BN/BA meeting Brian asked to have the SCO ready to go so that once the BA is approved we can proceed right away
Apr 27/23 - SOW sent to Province
Mar 27/23 - Province approved to move forward to SOW/SCO, awaiting internal SOW creation
Dec 2/22 - Lori C. advised this will be reverting back to BA 
Nov 24/22 - V2 submitted to Province
Nov 23/22 - V2 with Sian for approval
Nov 22/22 - submitted to Province"
Next Gen Shared File Phase 5,100,project phrase appears; hint matched: next gen shared file; hint matched: phase 5; hint matched: shared file,SCO-PROV-463 Next Gen Shared File Phase 5,7,V2,ADSL,2022-11-24,2022-11-24,1,1,Nov 24/22 - V2 submitted to Province,Nov 24/22 - V2 submitted to Province,,"June 30/23 - Final version sent - completed
June 27/23 - V5 sent to Province
June 27/23 - V4 back from Province - would like sign off prior to June 30
June 20/23 - V3 sent to Province
June 19/23 - SCO out for review internally
June 19/23 - SOW approved, SCO in draft
June 6/23 - During BN/BA meeting Brian asked to have the SCO ready to go so that once the BA is approved we can proceed right away
Apr 27/23 - SOW sent to Province
Mar 27/23 - Province approved to move forward to SOW/SCO, awaiting internal SOW creation
Dec 2/22 - Lori C. advised this will be reverting back to BA 
Nov 24/22 - V2 submitted to Province
Nov 23/22 - V2 with Sian for approval
Nov 22/22 - submitted to Province"
Next Gen Shared File Phase 5,100,project phrase appears; hint matched: next gen shared file; hint matched: phase 5; hint matched: shared file,SCO-PROV-463 Next Gen Shared File Phase 5,7,V3,CSBC,2022-11-25,2022-12-02,8,6,Next day after: Nov 24/22 - V2 submitted to Province,Dec 2/22 - Lori C. advised this will be reverting back to BA,Lori: inferred handoff to ADSL from internal ADSL work line; please confirm.,"June 30/23 - Final version sent - completed
June 27/23 - V5 sent to Province
June 27/23 - V4 back from Province - would like sign off prior to June 30
June 20/23 - V3 sent to Province
June 19/23 - SCO out for review internally
June 19/23 - SOW approved, SCO in draft
June 6/23 - During BN/BA meeting Brian asked to have the SCO ready to go so that once the BA is approved we can proceed right away
Apr 27/23 - SOW sent to Province
Mar 27/23 - Province approved to move forward to SOW/SCO, awaiting internal SOW creation
Dec 2/22 - Lori C. advised this will be reverting back to BA 
Nov 24/22 - V2 submitted to Province
Nov 23/22 - V2 with Sian for approval
Nov 22/22 - submitted to Province"
Next Gen Shared File Phase 5,100,project phrase appears; hint matched: next gen shared file; hint matched: phase 5; hint matched: shared file,SCO-PROV-463 Next Gen Shared File Phase 5,7,V4,ADSL,2022-12-02,2023-04-27,147,105,Dec 2/22 - Lori C. advised this will be reverting back to BA,Apr 27/23 - SOW sent to Province,,"June 30/23 - Final version sent - completed
June 27/23 - V5 sent to Province
June 27/23 - V4 back from Province - would like sign off prior to June 30
June 20/23 - V3 sent to Province
June 19/23 - SCO out for review internally
June 19/23 - SOW approved, SCO in draft
June 6/23 - During BN/BA meeting Brian asked to have the SCO ready to go so that once the BA is approved we can proceed right away
Apr 27/23 - SOW sent to Province
Mar 27/23 - Province approved to move forward to SOW/SCO, awaiting internal SOW creation
Dec 2/22 - Lori C. advised this will be reverting back to BA 
Nov 24/22 - V2 submitted to Province
Nov 23/22 - V2 with Sian for approval
Nov 22/22 - submitted to Province"
Next Gen Shared File Phase 5,100,project phrase appears; hint matched: next gen shared file; hint matched: phase 5; hint matched: shared file,SCO-PROV-463 Next Gen Shared File Phase 5,7,V5,CSBC,2023-04-28,2023-06-19,53,37,Next day after: Apr 27/23 - SOW sent to Province,"June 19/23 - SOW approved, SCO in draft",Lori: inferred handoff to ADSL from internal ADSL work line; please confirm.,"June 30/23 - Final version sent - completed
June 27/23 - V5 sent to Province
June 27/23 - V4 back from Province - would like sign off prior to June 30
June 20/23 - V3 sent to Province
June 19/23 - SCO out for review internally
June 19/23 - SOW approved, SCO in draft
June 6/23 - During BN/BA meeting Brian asked to have the SCO ready to go so that once the BA is approved we can proceed right away
Apr 27/23 - SOW sent to Province
Mar 27/23 - Province approved to move forward to SOW/SCO, awaiting internal SOW creation
Dec 2/22 - Lori C. advised this will be reverting back to BA 
Nov 24/22 - V2 submitted to Province
Nov 23/22 - V2 with Sian for approval
Nov 22/22 - submitted to Province"
Next Gen Shared File Phase 5,100,project phrase appears; hint matched: next gen shared file; hint matched: phase 5; hint matched: shared file,SCO-PROV-463 Next Gen Shared File Phase 5,7,V6,ADSL,2023-06-19,2023-06-20,2,2,"June 19/23 - SOW approved, SCO in draft",June 20/23 - V3 sent to Province,,"June 30/23 - Final version sent - completed
June 27/23 - V5 sent to Province
June 27/23 - V4 back from Province - would like sign off prior to June 30
June 20/23 - V3 sent to Province
June 19/23 - SCO out for review internally
June 19/23 - SOW approved, SCO in draft
June 6/23 - During BN/BA meeting Brian asked to have the SCO ready to go so that once the BA is approved we can proceed right away
Apr 27/23 - SOW sent to Province
Mar 27/23 - Province approved to move forward to SOW/SCO, awaiting internal SOW creation
Dec 2/22 - Lori C. advised this will be reverting back to BA 
Nov 24/22 - V2 submitted to Province
Nov 23/22 - V2 with Sian for approval
Nov 22/22 - submitted to Province"
Next Gen Shared File Phase 5,100,project phrase appears; hint matched: next gen shared file; hint matched: phase 5; hint matched: shared file,SCO-PROV-463 Next Gen Shared File Phase 5,7,V4,CSBC,2023-06-21,2023-06-27,7,5,Next day after: June 20/23 - V3 sent to Province,June 27/23 - V5 sent to Province,,"June 30/23 - Final version sent - completed
June 27/23 - V5 sent to Province
June 27/23 - V4 back from Province - would like sign off prior to June 30
June 20/23 - V3 sent to Province
June 19/23 - SCO out for review internally
June 19/23 - SOW approved, SCO in draft
June 6/23 - During BN/BA meeting Brian asked to have the SCO ready to go so that once the BA is approved we can proceed right away
Apr 27/23 - SOW sent to Province
Mar 27/23 - Province approved to move forward to SOW/SCO, awaiting internal SOW creation
Dec 2/22 - Lori C. advised this will be reverting back to BA 
Nov 24/22 - V2 submitted to Province
Nov 23/22 - V2 with Sian for approval
Nov 22/22 - submitted to Province"
Next Gen Shared File Phase 5,100,project phrase appears; hint matched: next gen shared file; hint matched: phase 5; hint matched: shared file,SCO-PROV-463 Next Gen Shared File Phase 5,7,V5,ADSL,2023-06-27,2023-06-27,1,1,June 27/23 - V5 sent to Province,June 27/23 - V5 sent to Province,,"June 30/23 - Final version sent - completed
June 27/23 - V5 sent to Province
June 27/23 - V4 back from Province - would like sign off prior to June 30
June 20/23 - V3 sent to Province
June 19/23 - SCO out for review internally
June 19/23 - SOW approved, SCO in draft
June 6/23 - During BN/BA meeting Brian asked to have the SCO ready to go so that once the BA is approved we can proceed right away
Apr 27/23 - SOW sent to Province
Mar 27/23 - Province approved to move forward to SOW/SCO, awaiting internal SOW creation
Dec 2/22 - Lori C. advised this will be reverting back to BA 
Nov 24/22 - V2 submitted to Province
Nov 23/22 - V2 with Sian for approval
Nov 22/22 - submitted to Province"
Next Gen Shared File Phase 5,100,project phrase appears; hint matched: next gen shared file; hint matched: phase 5; hint matched: shared file,SCO-PROV-463 Next Gen Shared File Phase 5,7,V4,SIGNINGTIME,2023-06-30,2023-06-30,1,1,June 30/23 - Final version sent - completed,June 30/23 - Final version sent - completed,,"June 30/23 - Final version sent - completed
June 27/23 - V5 sent to Province
June 27/23 - V4 back from Province - would like sign off prior to June 30
June 20/23 - V3 sent to Province
June 19/23 - SCO out for review internally
June 19/23 - SOW approved, SCO in draft
June 6/23 - During BN/BA meeting Brian asked to have the SCO ready to go so that once the BA is approved we can proceed right away
Apr 27/23 - SOW sent to Province
Mar 27/23 - Province approved to move forward to SOW/SCO, awaiting internal SOW creation
Dec 2/22 - Lori C. advised this will be reverting back to BA 
Nov 24/22 - V2 submitted to Province
Nov 23/22 - V2 with Sian for approval
Nov 22/22 - submitted to Province"
Next Gen Shared File Phase 6,88,hint matched: next gen shared file; hint matched: shared file,SCO-PROV-463 Next Gen Shared File Phase 5,7,V1,ADSL,2022-11-22,2022-11-22,1,1,Nov 22/22 - submitted to Province,Nov 22/22 - submitted to Province,"Lori: please confirm this project/SCO mapping. This is an educated guess: ""Next Gen Shared File Phase 6"" -> ""SCO-PROV-463 Next Gen Shared File Phase 5"" (hint matched: next gen shared file; hint matched: shared file, score 88).","June 30/23 - Final version sent - completed
June 27/23 - V5 sent to Province
June 27/23 - V4 back from Province - would like sign off prior to June 30
June 20/23 - V3 sent to Province
June 19/23 - SCO out for review internally
June 19/23 - SOW approved, SCO in draft
June 6/23 - During BN/BA meeting Brian asked to have the SCO ready to go so that once the BA is approved we can proceed right away
Apr 27/23 - SOW sent to Province
Mar 27/23 - Province approved to move forward to SOW/SCO, awaiting internal SOW creation
Dec 2/22 - Lori C. advised this will be reverting back to BA 
Nov 24/22 - V2 submitted to Province
Nov 23/22 - V2 with Sian for approval
Nov 22/22 - submitted to Province"
Next Gen Shared File Phase 6,88,hint matched: next gen shared file; hint matched: shared file,SCO-PROV-463 Next Gen Shared File Phase 5,7,V2,CSBC,2022-11-23,2022-11-23,1,1,Next day after: Nov 22/22 - submitted to Province,Nov 23/22 - V2 with Sian for approval,"Lori: inferred handoff to ADSL from internal ADSL work line; please confirm. Lori: please confirm this project/SCO mapping. This is an educated guess: ""Next Gen Shared File Phase 6"" -> ""SCO-PROV-463 Next Gen Shared File Phase 5"" (hint matched: next gen shared file; hint matched: shared file, score 88).","June 30/23 - Final version sent - completed
June 27/23 - V5 sent to Province
June 27/23 - V4 back from Province - would like sign off prior to June 30
June 20/23 - V3 sent to Province
June 19/23 - SCO out for review internally
June 19/23 - SOW approved, SCO in draft
June 6/23 - During BN/BA meeting Brian asked to have the SCO ready to go so that once the BA is approved we can proceed right away
Apr 27/23 - SOW sent to Province
Mar 27/23 - Province approved to move forward to SOW/SCO, awaiting internal SOW creation
Dec 2/22 - Lori C. advised this will be reverting back to BA 
Nov 24/22 - V2 submitted to Province
Nov 23/22 - V2 with Sian for approval
Nov 22/22 - submitted to Province"
Next Gen Shared File Phase 6,88,hint matched: next gen shared file; hint matched: shared file,SCO-PROV-463 Next Gen Shared File Phase 5,7,V3,ADSL,2022-11-23,2023-06-20,210,150,Nov 23/22 - V2 with Sian for approval,June 20/23 - V3 sent to Province,"Lori: please confirm this project/SCO mapping. This is an educated guess: ""Next Gen Shared File Phase 6"" -> ""SCO-PROV-463 Next Gen Shared File Phase 5"" (hint matched: next gen shared file; hint matched: shared file, score 88).","June 30/23 - Final version sent - completed
June 27/23 - V5 sent to Province
June 27/23 - V4 back from Province - would like sign off prior to June 30
June 20/23 - V3 sent to Province
June 19/23 - SCO out for review internally
June 19/23 - SOW approved, SCO in draft
June 6/23 - During BN/BA meeting Brian asked to have the SCO ready to go so that once the BA is approved we can proceed right away
Apr 27/23 - SOW sent to Province
Mar 27/23 - Province approved to move forward to SOW/SCO, awaiting internal SOW creation
Dec 2/22 - Lori C. advised this will be reverting back to BA 
Nov 24/22 - V2 submitted to Province
Nov 23/22 - V2 with Sian for approval
Nov 22/22 - submitted to Province"
Next Gen Shared File Phase 6,88,hint matched: next gen shared file; hint matched: shared file,SCO-PROV-463 Next Gen Shared File Phase 5,7,V2,ADSL,2022-11-24,2022-11-24,1,1,Nov 24/22 - V2 submitted to Province,Nov 24/22 - V2 submitted to Province,"Lori: please confirm this project/SCO mapping. This is an educated guess: ""Next Gen Shared File Phase 6"" -> ""SCO-PROV-463 Next Gen Shared File Phase 5"" (hint matched: next gen shared file; hint matched: shared file, score 88).","June 30/23 - Final version sent - completed
June 27/23 - V5 sent to Province
June 27/23 - V4 back from Province - would like sign off prior to June 30
June 20/23 - V3 sent to Province
June 19/23 - SCO out for review internally
June 19/23 - SOW approved, SCO in draft
June 6/23 - During BN/BA meeting Brian asked to have the SCO ready to go so that once the BA is approved we can proceed right away
Apr 27/23 - SOW sent to Province
Mar 27/23 - Province approved to move forward to SOW/SCO, awaiting internal SOW creation
Dec 2/22 - Lori C. advised this will be reverting back to BA 
Nov 24/22 - V2 submitted to Province
Nov 23/22 - V2 with Sian for approval
Nov 22/22 - submitted to Province"
Next Gen Shared File Phase 6,88,hint matched: next gen shared file; hint matched: shared file,SCO-PROV-463 Next Gen Shared File Phase 5,7,V3,CSBC,2022-11-25,2022-12-02,8,6,Next day after: Nov 24/22 - V2 submitted to Province,Dec 2/22 - Lori C. advised this will be reverting back to BA,"Lori: inferred handoff to ADSL from internal ADSL work line; please confirm. Lori: please confirm this project/SCO mapping. This is an educated guess: ""Next Gen Shared File Phase 6"" -> ""SCO-PROV-463 Next Gen Shared File Phase 5"" (hint matched: next gen shared file; hint matched: shared file, score 88).","June 30/23 - Final version sent - completed
June 27/23 - V5 sent to Province
June 27/23 - V4 back from Province - would like sign off prior to June 30
June 20/23 - V3 sent to Province
June 19/23 - SCO out for review internally
June 19/23 - SOW approved, SCO in draft
June 6/23 - During BN/BA meeting Brian asked to have the SCO ready to go so that once the BA is approved we can proceed right away
Apr 27/23 - SOW sent to Province
Mar 27/23 - Province approved to move forward to SOW/SCO, awaiting internal SOW creation
Dec 2/22 - Lori C. advised this will be reverting back to BA 
Nov 24/22 - V2 submitted to Province
Nov 23/22 - V2 with Sian for approval
Nov 22/22 - submitted to Province"
Next Gen Shared File Phase 6,88,hint matched: next gen shared file; hint matched: shared file,SCO-PROV-463 Next Gen Shared File Phase 5,7,V4,ADSL,2022-12-02,2023-04-27,147,105,Dec 2/22 - Lori C. advised this will be reverting back to BA,Apr 27/23 - SOW sent to Province,"Lori: please confirm this project/SCO mapping. This is an educated guess: ""Next Gen Shared File Phase 6"" -> ""SCO-PROV-463 Next Gen Shared File Phase 5"" (hint matched: next gen shared file; hint matched: shared file, score 88).","June 30/23 - Final version sent - completed
June 27/23 - V5 sent to Province
June 27/23 - V4 back from Province - would like sign off prior to June 30
June 20/23 - V3 sent to Province
June 19/23 - SCO out for review internally
June 19/23 - SOW approved, SCO in draft
June 6/23 - During BN/BA meeting Brian asked to have the SCO ready to go so that once the BA is approved we can proceed right away
Apr 27/23 - SOW sent to Province
Mar 27/23 - Province approved to move forward to SOW/SCO, awaiting internal SOW creation
Dec 2/22 - Lori C. advised this will be reverting back to BA 
Nov 24/22 - V2 submitted to Province
Nov 23/22 - V2 with Sian for approval
Nov 22/22 - submitted to Province"
Next Gen Shared File Phase 6,88,hint matched: next gen shared file; hint matched: shared file,SCO-PROV-463 Next Gen Shared File Phase 5,7,V5,CSBC,2023-04-28,2023-06-19,53,37,Next day after: Apr 27/23 - SOW sent to Province,"June 19/23 - SOW approved, SCO in draft","Lori: inferred handoff to ADSL from internal ADSL work line; please confirm. Lori: please confirm this project/SCO mapping. This is an educated guess: ""Next Gen Shared File Phase 6"" -> ""SCO-PROV-463 Next Gen Shared File Phase 5"" (hint matched: next gen shared file; hint matched: shared file, score 88).","June 30/23 - Final version sent - completed
June 27/23 - V5 sent to Province
June 27/23 - V4 back from Province - would like sign off prior to June 30
June 20/23 - V3 sent to Province
June 19/23 - SCO out for review internally
June 19/23 - SOW approved, SCO in draft
June 6/23 - During BN/BA meeting Brian asked to have the SCO ready to go so that once the BA is approved we can proceed right away
Apr 27/23 - SOW sent to Province
Mar 27/23 - Province approved to move forward to SOW/SCO, awaiting internal SOW creation
Dec 2/22 - Lori C. advised this will be reverting back to BA 
Nov 24/22 - V2 submitted to Province
Nov 23/22 - V2 with Sian for approval
Nov 22/22 - submitted to Province"
Next Gen Shared File Phase 6,88,hint matched: next gen shared file; hint matched: shared file,SCO-PROV-463 Next Gen Shared File Phase 5,7,V6,ADSL,2023-06-19,2023-06-20,2,2,"June 19/23 - SOW approved, SCO in draft",June 20/23 - V3 sent to Province,"Lori: please confirm this project/SCO mapping. This is an educated guess: ""Next Gen Shared File Phase 6"" -> ""SCO-PROV-463 Next Gen Shared File Phase 5"" (hint matched: next gen shared file; hint matched: shared file, score 88).","June 30/23 - Final version sent - completed
June 27/23 - V5 sent to Province
June 27/23 - V4 back from Province - would like sign off prior to June 30
June 20/23 - V3 sent to Province
June 19/23 - SCO out for review internally
June 19/23 - SOW approved, SCO in draft
June 6/23 - During BN/BA meeting Brian asked to have the SCO ready to go so that once the BA is approved we can proceed right away
Apr 27/23 - SOW sent to Province
Mar 27/23 - Province approved to move forward to SOW/SCO, awaiting internal SOW creation
Dec 2/22 - Lori C. advised this will be reverting back to BA 
Nov 24/22 - V2 submitted to Province
Nov 23/22 - V2 with Sian for approval
Nov 22/22 - submitted to Province"
Next Gen Shared File Phase 6,88,hint matched: next gen shared file; hint matched: shared file,SCO-PROV-463 Next Gen Shared File Phase 5,7,V4,CSBC,2023-06-21,2023-06-27,7,5,Next day after: June 20/23 - V3 sent to Province,June 27/23 - V5 sent to Province,"Lori: please confirm this project/SCO mapping. This is an educated guess: ""Next Gen Shared File Phase 6"" -> ""SCO-PROV-463 Next Gen Shared File Phase 5"" (hint matched: next gen shared file; hint matched: shared file, score 88).","June 30/23 - Final version sent - completed
June 27/23 - V5 sent to Province
June 27/23 - V4 back from Province - would like sign off prior to June 30
June 20/23 - V3 sent to Province
June 19/23 - SCO out for review internally
June 19/23 - SOW approved, SCO in draft
June 6/23 - During BN/BA meeting Brian asked to have the SCO ready to go so that once the BA is approved we can proceed right away
Apr 27/23 - SOW sent to Province
Mar 27/23 - Province approved to move forward to SOW/SCO, awaiting internal SOW creation
Dec 2/22 - Lori C. advised this will be reverting back to BA 
Nov 24/22 - V2 submitted to Province
Nov 23/22 - V2 with Sian for approval
Nov 22/22 - submitted to Province"
Next Gen Shared File Phase 6,88,hint matched: next gen shared file; hint matched: shared file,SCO-PROV-463 Next Gen Shared File Phase 5,7,V5,ADSL,2023-06-27,2023-06-27,1,1,June 27/23 - V5 sent to Province,June 27/23 - V5 sent to Province,"Lori: please confirm this project/SCO mapping. This is an educated guess: ""Next Gen Shared File Phase 6"" -> ""SCO-PROV-463 Next Gen Shared File Phase 5"" (hint matched: next gen shared file; hint matched: shared file, score 88).","June 30/23 - Final version sent - completed
June 27/23 - V5 sent to Province
June 27/23 - V4 back from Province - would like sign off prior to June 30
June 20/23 - V3 sent to Province
June 19/23 - SCO out for review internally
June 19/23 - SOW approved, SCO in draft
June 6/23 - During BN/BA meeting Brian asked to have the SCO ready to go so that once the BA is approved we can proceed right away
Apr 27/23 - SOW sent to Province
Mar 27/23 - Province approved to move forward to SOW/SCO, awaiting internal SOW creation
Dec 2/22 - Lori C. advised this will be reverting back to BA 
Nov 24/22 - V2 submitted to Province
Nov 23/22 - V2 with Sian for approval
Nov 22/22 - submitted to Province"
Next Gen Shared File Phase 6,88,hint matched: next gen shared file; hint matched: shared file,SCO-PROV-463 Next Gen Shared File Phase 5,7,V4,SIGNINGTIME,2023-06-30,2023-06-30,1,1,June 30/23 - Final version sent - completed,June 30/23 - Final version sent - completed,"Lori: please confirm this project/SCO mapping. This is an educated guess: ""Next Gen Shared File Phase 6"" -> ""SCO-PROV-463 Next Gen Shared File Phase 5"" (hint matched: next gen shared file; hint matched: shared file, score 88).","June 30/23 - Final version sent - completed
June 27/23 - V5 sent to Province
June 27/23 - V4 back from Province - would like sign off prior to June 30
June 20/23 - V3 sent to Province
June 19/23 - SCO out for review internally
June 19/23 - SOW approved, SCO in draft
June 6/23 - During BN/BA meeting Brian asked to have the SCO ready to go so that once the BA is approved we can proceed right away
Apr 27/23 - SOW sent to Province
Mar 27/23 - Province approved to move forward to SOW/SCO, awaiting internal SOW creation
Dec 2/22 - Lori C. advised this will be reverting back to BA 
Nov 24/22 - V2 submitted to Province
Nov 23/22 - V2 with Sian for approval
Nov 22/22 - submitted to Province"
Next Gen Shared File Phase 6,88,hint matched: shared file,SCO-PROV-526 BCPS Shared File Solution Ph 1,67,V1,ADSL,2023-06-16,2023-06-20,5,3,"June 16/23 - Get started on SCO, pending answer from Province",June 20/23 - V1 sent to Province for review,"Lori: please confirm this project/SCO mapping. This is an educated guess: ""Next Gen Shared File Phase 6"" -> ""SCO-PROV-526 BCPS Shared File Solution Ph 1"" (hint matched: shared file, score 88).","June 30/23 - completed
June 20/23 - V1 sent to Province for review
June 19/23 - V1 sent to Sian for approval
June 19/23 - Draft SCO with Rian for review
June 16/23 - Get started on SCO, pending answer from Province"
Next Gen Shared File Phase 6,88,hint matched: shared file,SCO-PROV-526 BCPS Shared File Solution Ph 1,67,V1,SIGNINGTIME,2023-06-30,2023-06-30,1,1,June 30/23 - completed,June 30/23 - completed,"Lori: please confirm this project/SCO mapping. This is an educated guess: ""Next Gen Shared File Phase 6"" -> ""SCO-PROV-526 BCPS Shared File Solution Ph 1"" (hint matched: shared file, score 88).","June 30/23 - completed
June 20/23 - V1 sent to Province for review
June 19/23 - V1 sent to Sian for approval
June 19/23 - Draft SCO with Rian for review
June 16/23 - Get started on SCO, pending answer from Province"
Next Gen Shared File Phase 6,88,hint matched: phase 6,SCO-PROV-777 Amd SCO-PROV-710 PS for Next Gen SF Phase 6,158,V1,ADSL,2026-01-22,2026-01-28,7,5,Jan 22/26 - with Yale Ashraff,Jan 28/26 - V1 sent to Province,"Lori: please confirm this project/SCO mapping. This is an educated guess: ""Next Gen Shared File Phase 6"" -> ""SCO-PROV-777 Amd SCO-PROV-710 PS for Next Gen SF Phase 6"" (hint matched: phase 6, score 88).","Feb 4/26 - Completed
Feb 4/26 - Adobe Sign
Feb 4/26 - V2 sent to ESIT- AS
Jan 28/26 - V1 sent to Province
Jan 26/26 -  with Tyler
Jan 22/26 - with Yale Ashraff"
Next Gen Shared File Phase 6,88,hint matched: phase 6,SCO-PROV-777 Amd SCO-PROV-710 PS for Next Gen SF Phase 6,158,V1,SIGNINGTIME,2026-02-04,2026-02-04,1,1,Feb 4/26 - Completed,Feb 4/26 - Adobe Sign,"Lori: please confirm this project/SCO mapping. This is an educated guess: ""Next Gen Shared File Phase 6"" -> ""SCO-PROV-777 Amd SCO-PROV-710 PS for Next Gen SF Phase 6"" (hint matched: phase 6, score 88).","Feb 4/26 - Completed
Feb 4/26 - Adobe Sign
Feb 4/26 - V2 sent to ESIT- AS
Jan 28/26 - V1 sent to Province
Jan 26/26 -  with Tyler
Jan 22/26 - with Yale Ashraff"
OpenShift GPU Enablement,100,token overlap 3/3,SCO-PROV-765 GPU Enablement on Openshift Pilot,146,V1,ADSL,2025-11-03,2025-11-24,22,16,Nov 3/25 - hold for further changes to SOW,Nov 24/25 - V1 sent to Province,,"Dec 10/25 - Adobe Sign
Dec 9/25 - V2 rec'd; V3 sent to Province
Nov 24/25 - V1 sent to Province
Nov 13/25 - with Rian / Cathy
Nov 4/25 - early start approved by Emma 
Nov 3/25 - hold for further changes to SOW"
OpenShift GPU Enablement,100,token overlap 3/3,SCO-PROV-765 GPU Enablement on Openshift Pilot,146,V2,CSBC,2025-11-25,2025-12-09,15,11,Next day after: Nov 24/25 - V1 sent to Province,Dec 9/25 - V2 rec'd; V3 sent to Province,,"Dec 10/25 - Adobe Sign
Dec 9/25 - V2 rec'd; V3 sent to Province
Nov 24/25 - V1 sent to Province
Nov 13/25 - with Rian / Cathy
Nov 4/25 - early start approved by Emma 
Nov 3/25 - hold for further changes to SOW"
OpenShift GPU Enablement,100,token overlap 3/3,SCO-PROV-765 GPU Enablement on Openshift Pilot,146,V2,SIGNINGTIME,2025-12-10,2025-12-10,1,1,Dec 10/25 - Adobe Sign,Dec 10/25 - Adobe Sign,,"Dec 10/25 - Adobe Sign
Dec 9/25 - V2 rec'd; V3 sent to Province
Nov 24/25 - V1 sent to Province
Nov 13/25 - with Rian / Cathy
Nov 4/25 - early start approved by Emma 
Nov 3/25 - hold for further changes to SOW"
OpenVMS Hardware Upgrade,67,token overlap 2/3,SCO-PROV-466 OpenVMS Custom Servers,10,V1,ADSL,2022-11-22,2022-11-28,7,5,Nov 22/22 - with Jen and Cathy for review,Nov 28/22 - SCO submitted to Province,"Lori: please confirm this project/SCO mapping. This is an educated guess: ""OpenVMS Hardware Upgrade"" -> ""SCO-PROV-466 OpenVMS Custom Servers"" (token overlap 2/3, score 67).","Dec 6/22 - Signed
Dec 5/22 - Final version sent to Province
Dec 3/22 - Moved to FINAL and sent to Sian/Serge for approval
Dec 3/22 - V4 recevied back from the Province
Dec 3/22 - V3 sent to Province
Dec 2/22 - Edits made, back with Lori/Cathy
Dec 1/22 - V2 back from Province, with Cathy/Lori C. for review
Nov 28/22 - SCO submitted to Province
Nov 28/22 with Sian for approval to submit to Province
Nov 25/22 - Followed up with vendor re: hardware availability, vendor confirmed
Nov 23/22 - hold on sending OpenVMS refresh to the Province, waiting to hear from vendor
Nov 22/22 - with Jen and Cathy for review"
OpenVMS Hardware Upgrade,67,token overlap 2/3,SCO-PROV-466 OpenVMS Custom Servers,10,V2,CSBC,2022-11-29,2022-12-01,3,3,Next day after: Nov 28/22 - SCO submitted to Province,"Dec 1/22 - V2 back from Province, with Cathy/Lori C. for review","Lori: please confirm this project/SCO mapping. This is an educated guess: ""OpenVMS Hardware Upgrade"" -> ""SCO-PROV-466 OpenVMS Custom Servers"" (token overlap 2/3, score 67).","Dec 6/22 - Signed
Dec 5/22 - Final version sent to Province
Dec 3/22 - Moved to FINAL and sent to Sian/Serge for approval
Dec 3/22 - V4 recevied back from the Province
Dec 3/22 - V3 sent to Province
Dec 2/22 - Edits made, back with Lori/Cathy
Dec 1/22 - V2 back from Province, with Cathy/Lori C. for review
Nov 28/22 - SCO submitted to Province
Nov 28/22 with Sian for approval to submit to Province
Nov 25/22 - Followed up with vendor re: hardware availability, vendor confirmed
Nov 23/22 - hold on sending OpenVMS refresh to the Province, waiting to hear from vendor
Nov 22/22 - with Jen and Cathy for review"
OpenVMS Hardware Upgrade,67,token overlap 2/3,SCO-PROV-466 OpenVMS Custom Servers,10,V3,ADSL,2022-12-02,2022-12-03,2,1,"Next day after: Dec 1/22 - V2 back from Province, with Cathy/Lori C. for review",Dec 3/22 - V3 sent to Province,"Lori: please confirm this project/SCO mapping. This is an educated guess: ""OpenVMS Hardware Upgrade"" -> ""SCO-PROV-466 OpenVMS Custom Servers"" (token overlap 2/3, score 67).","Dec 6/22 - Signed
Dec 5/22 - Final version sent to Province
Dec 3/22 - Moved to FINAL and sent to Sian/Serge for approval
Dec 3/22 - V4 recevied back from the Province
Dec 3/22 - V3 sent to Province
Dec 2/22 - Edits made, back with Lori/Cathy
Dec 1/22 - V2 back from Province, with Cathy/Lori C. for review
Nov 28/22 - SCO submitted to Province
Nov 28/22 with Sian for approval to submit to Province
Nov 25/22 - Followed up with vendor re: hardware availability, vendor confirmed
Nov 23/22 - hold on sending OpenVMS refresh to the Province, waiting to hear from vendor
Nov 22/22 - with Jen and Cathy for review"
OpenVMS Hardware Upgrade,67,token overlap 2/3,SCO-PROV-466 OpenVMS Custom Servers,10,V3,SIGNINGTIME,2022-12-03,2022-12-06,4,2,Dec 3/22 - Moved to FINAL and sent to Sian/Serge for approval,Dec 6/22 - Signed,"Lori: please confirm this project/SCO mapping. This is an educated guess: ""OpenVMS Hardware Upgrade"" -> ""SCO-PROV-466 OpenVMS Custom Servers"" (token overlap 2/3, score 67).","Dec 6/22 - Signed
Dec 5/22 - Final version sent to Province
Dec 3/22 - Moved to FINAL and sent to Sian/Serge for approval
Dec 3/22 - V4 recevied back from the Province
Dec 3/22 - V3 sent to Province
Dec 2/22 - Edits made, back with Lori/Cathy
Dec 1/22 - V2 back from Province, with Cathy/Lori C. for review
Nov 28/22 - SCO submitted to Province
Nov 28/22 with Sian for approval to submit to Province
Nov 25/22 - Followed up with vendor re: hardware availability, vendor confirmed
Nov 23/22 - hold on sending OpenVMS refresh to the Province, waiting to hear from vendor
Nov 22/22 - with Jen and Cathy for review"
PAW Implementation Phase 1,100,token overlap 1/1; hint matched: paw,SCO-PROV-729 PAW Phase 2b,107,V1,ADSL,2025-04-14,2025-04-17,4,4,Apr 14/25 - SOW approved,Apr 17/25 - V1 sent to Province,,"Apr 24/25 - Completed
Apr 24/25 - Province sent back V2, moved to Final, sent via AdobeSign
Apr 17/25 - V1 sent to Province
Apr 17/25 - With Tyler, with Sian
Apr 17/25 - With Nicole/Cathy for review
Apr 14/25 - SOW approved"
PAW Implementation Phase 1,100,token overlap 1/1; hint matched: paw,SCO-PROV-729 PAW Phase 2b,107,V1,SIGNINGTIME,2025-04-24,2025-04-24,1,1,Apr 24/25 - Completed,"Apr 24/25 - Province sent back V2, moved to Final, sent via AdobeSign",,"Apr 24/25 - Completed
Apr 24/25 - Province sent back V2, moved to Final, sent via AdobeSign
Apr 17/25 - V1 sent to Province
Apr 17/25 - With Tyler, with Sian
Apr 17/25 - With Nicole/Cathy for review
Apr 14/25 - SOW approved"
PAW Implementation Phase 2B,100,token overlap 2/2,SCO-PROV-729 PAW Phase 2b,107,V1,ADSL,2025-04-14,2025-04-17,4,4,Apr 14/25 - SOW approved,Apr 17/25 - V1 sent to Province,,"Apr 24/25 - Completed
Apr 24/25 - Province sent back V2, moved to Final, sent via AdobeSign
Apr 17/25 - V1 sent to Province
Apr 17/25 - With Tyler, with Sian
Apr 17/25 - With Nicole/Cathy for review
Apr 14/25 - SOW approved"
PAW Implementation Phase 2B,100,token overlap 2/2,SCO-PROV-729 PAW Phase 2b,107,V1,SIGNINGTIME,2025-04-24,2025-04-24,1,1,Apr 24/25 - Completed,"Apr 24/25 - Province sent back V2, moved to Final, sent via AdobeSign",,"Apr 24/25 - Completed
Apr 24/25 - Province sent back V2, moved to Final, sent via AdobeSign
Apr 17/25 - V1 sent to Province
Apr 17/25 - With Tyler, with Sian
Apr 17/25 - With Nicole/Cathy for review
Apr 14/25 - SOW approved"
PAW Implementation Phase 2a,74,token overlap 1/2; hint matched: paw,SCO-PROV-729 PAW Phase 2b,107,V1,ADSL,2025-04-14,2025-04-17,4,4,Apr 14/25 - SOW approved,Apr 17/25 - V1 sent to Province,"Lori: please confirm this project/SCO mapping. This is an educated guess: ""PAW Implementation Phase 2a"" -> ""SCO-PROV-729 PAW Phase 2b"" (token overlap 1/2; hint matched: paw, score 74).","Apr 24/25 - Completed
Apr 24/25 - Province sent back V2, moved to Final, sent via AdobeSign
Apr 17/25 - V1 sent to Province
Apr 17/25 - With Tyler, with Sian
Apr 17/25 - With Nicole/Cathy for review
Apr 14/25 - SOW approved"
PAW Implementation Phase 2a,74,token overlap 1/2; hint matched: paw,SCO-PROV-729 PAW Phase 2b,107,V1,SIGNINGTIME,2025-04-24,2025-04-24,1,1,Apr 24/25 - Completed,"Apr 24/25 - Province sent back V2, moved to Final, sent via AdobeSign","Lori: please confirm this project/SCO mapping. This is an educated guess: ""PAW Implementation Phase 2a"" -> ""SCO-PROV-729 PAW Phase 2b"" (token overlap 1/2; hint matched: paw, score 74).","Apr 24/25 - Completed
Apr 24/25 - Province sent back V2, moved to Final, sent via AdobeSign
Apr 17/25 - V1 sent to Province
Apr 17/25 - With Tyler, with Sian
Apr 17/25 - With Nicole/Cathy for review
Apr 14/25 - SOW approved"
Patch Management Phase 2,100,token overlap 2/2,SCO-PROV-472 Patch Management Phase 1b,16,V1,ADSL,2022-11-30,2022-12-13,14,10,Nov 30/22 - SOW with Sian,Dec 13/22 - Sent to Province,,"Feb 9/23 - Signed
Feb 8/23 - WIth Province for signature
Feb 7/23 - With Sian
Feb 6/23 - Province agreed to move to signature
Jan 31/23 - V5 sent to Province
Jan 25/23 - With Cathy
Jan 20/23 - V4 received from the Province
Jan 4/23 - V3 sent to Province
Jan 3/23 - V3 in Draft with Jen
Dec 22/22 - V2 received from Province 
Dec 13/22 - Sent to Province
Dec 6/22 - with Sian for review
Dec 6/22 - with Cathy for review
Nov 30/22 - SOW with Sian"
Patch Management Phase 2,100,token overlap 2/2,SCO-PROV-472 Patch Management Phase 1b,16,V2,CSBC,2022-12-14,2023-01-03,21,15,Next day after: Dec 13/22 - Sent to Province,Jan 3/23 - V3 in Draft with Jen,,"Feb 9/23 - Signed
Feb 8/23 - WIth Province for signature
Feb 7/23 - With Sian
Feb 6/23 - Province agreed to move to signature
Jan 31/23 - V5 sent to Province
Jan 25/23 - With Cathy
Jan 20/23 - V4 received from the Province
Jan 4/23 - V3 sent to Province
Jan 3/23 - V3 in Draft with Jen
Dec 22/22 - V2 received from Province 
Dec 13/22 - Sent to Province
Dec 6/22 - with Sian for review
Dec 6/22 - with Cathy for review
Nov 30/22 - SOW with Sian"
Patch Management Phase 2,100,token overlap 2/2,SCO-PROV-472 Patch Management Phase 1b,16,V3,ADSL,2023-01-03,2023-01-04,2,2,Jan 3/23 - V3 in Draft with Jen,Jan 4/23 - V3 sent to Province,,"Feb 9/23 - Signed
Feb 8/23 - WIth Province for signature
Feb 7/23 - With Sian
Feb 6/23 - Province agreed to move to signature
Jan 31/23 - V5 sent to Province
Jan 25/23 - With Cathy
Jan 20/23 - V4 received from the Province
Jan 4/23 - V3 sent to Province
Jan 3/23 - V3 in Draft with Jen
Dec 22/22 - V2 received from Province 
Dec 13/22 - Sent to Province
Dec 6/22 - with Sian for review
Dec 6/22 - with Cathy for review
Nov 30/22 - SOW with Sian"
Patch Management Phase 2,100,token overlap 2/2,SCO-PROV-472 Patch Management Phase 1b,16,V4,CSBC,2023-01-05,2023-01-25,21,15,Next day after: Jan 4/23 - V3 sent to Province,Jan 25/23 - With Cathy,Lori: inferred handoff to ADSL from internal ADSL work line; please confirm.,"Feb 9/23 - Signed
Feb 8/23 - WIth Province for signature
Feb 7/23 - With Sian
Feb 6/23 - Province agreed to move to signature
Jan 31/23 - V5 sent to Province
Jan 25/23 - With Cathy
Jan 20/23 - V4 received from the Province
Jan 4/23 - V3 sent to Province
Jan 3/23 - V3 in Draft with Jen
Dec 22/22 - V2 received from Province 
Dec 13/22 - Sent to Province
Dec 6/22 - with Sian for review
Dec 6/22 - with Cathy for review
Nov 30/22 - SOW with Sian"
Patch Management Phase 2,100,token overlap 2/2,SCO-PROV-472 Patch Management Phase 1b,16,V5,ADSL,2023-01-25,2023-01-31,7,5,Jan 25/23 - With Cathy,Jan 31/23 - V5 sent to Province,,"Feb 9/23 - Signed
Feb 8/23 - WIth Province for signature
Feb 7/23 - With Sian
Feb 6/23 - Province agreed to move to signature
Jan 31/23 - V5 sent to Province
Jan 25/23 - With Cathy
Jan 20/23 - V4 received from the Province
Jan 4/23 - V3 sent to Province
Jan 3/23 - V3 in Draft with Jen
Dec 22/22 - V2 received from Province 
Dec 13/22 - Sent to Province
Dec 6/22 - with Sian for review
Dec 6/22 - with Cathy for review
Nov 30/22 - SOW with Sian"
Patch Management Phase 2,100,token overlap 2/2,SCO-PROV-472 Patch Management Phase 1b,16,V6,CSBC,2023-02-01,2023-02-07,7,5,Next day after: Jan 31/23 - V5 sent to Province,Feb 7/23 - With Sian,Lori: inferred handoff to ADSL from internal ADSL work line; please confirm.,"Feb 9/23 - Signed
Feb 8/23 - WIth Province for signature
Feb 7/23 - With Sian
Feb 6/23 - Province agreed to move to signature
Jan 31/23 - V5 sent to Province
Jan 25/23 - With Cathy
Jan 20/23 - V4 received from the Province
Jan 4/23 - V3 sent to Province
Jan 3/23 - V3 in Draft with Jen
Dec 22/22 - V2 received from Province 
Dec 13/22 - Sent to Province
Dec 6/22 - with Sian for review
Dec 6/22 - with Cathy for review
Nov 30/22 - SOW with Sian"
Patch Management Phase 2,100,token overlap 2/2,SCO-PROV-472 Patch Management Phase 1b,16,V6,SIGNINGTIME,2023-02-06,2023-02-09,4,4,Feb 6/23 - Province agreed to move to signature,Feb 9/23 - Signed,,"Feb 9/23 - Signed
Feb 8/23 - WIth Province for signature
Feb 7/23 - With Sian
Feb 6/23 - Province agreed to move to signature
Jan 31/23 - V5 sent to Province
Jan 25/23 - With Cathy
Jan 20/23 - V4 received from the Province
Jan 4/23 - V3 sent to Province
Jan 3/23 - V3 in Draft with Jen
Dec 22/22 - V2 received from Province 
Dec 13/22 - Sent to Province
Dec 6/22 - with Sian for review
Dec 6/22 - with Cathy for review
Nov 30/22 - SOW with Sian"
Patch Management Phase 2,100,project phrase appears,SCO-PROV-482 Patch Management Phase 2,26,V1,ADSL,2023-01-25,2023-01-27,3,3,Jan 25/23 - With Jen to draft,Jan 27/23 - Sent to Province,,"Feb 16/23 - Completed
Feb 16/23 - Final sent to Province for signature
Feb 15/23 - With Sian for signature approval
Feb 13/23 - Province requested to move to Final
Feb 8/23 - V3 Sent to Province
Feb 8/23 - With Cathy/Lori
Feb 3/23 - V2 back from Province with comments
Jan 27/23 - Sent to Province
Jan 27/23 - With Sian
Jan 26/23 - With Lori/Cathy for review
Jan 26/23 - Requested pricing table from Cathy
Jan 25/23 - With Jen to draft"
Patch Management Phase 2,100,project phrase appears,SCO-PROV-482 Patch Management Phase 2,26,V2,CSBC,2023-01-28,2023-02-03,7,5,Next day after: Jan 27/23 - Sent to Province,Feb 3/23 - V2 back from Province with comments,,"Feb 16/23 - Completed
Feb 16/23 - Final sent to Province for signature
Feb 15/23 - With Sian for signature approval
Feb 13/23 - Province requested to move to Final
Feb 8/23 - V3 Sent to Province
Feb 8/23 - With Cathy/Lori
Feb 3/23 - V2 back from Province with comments
Jan 27/23 - Sent to Province
Jan 27/23 - With Sian
Jan 26/23 - With Lori/Cathy for review
Jan 26/23 - Requested pricing table from Cathy
Jan 25/23 - With Jen to draft"
Patch Management Phase 2,100,project phrase appears,SCO-PROV-482 Patch Management Phase 2,26,V3,ADSL,2023-02-04,2023-02-08,5,3,Next day after: Feb 3/23 - V2 back from Province with comments,Feb 8/23 - V3 Sent to Province,,"Feb 16/23 - Completed
Feb 16/23 - Final sent to Province for signature
Feb 15/23 - With Sian for signature approval
Feb 13/23 - Province requested to move to Final
Feb 8/23 - V3 Sent to Province
Feb 8/23 - With Cathy/Lori
Feb 3/23 - V2 back from Province with comments
Jan 27/23 - Sent to Province
Jan 27/23 - With Sian
Jan 26/23 - With Lori/Cathy for review
Jan 26/23 - Requested pricing table from Cathy
Jan 25/23 - With Jen to draft"
Patch Management Phase 2,100,project phrase appears,SCO-PROV-482 Patch Management Phase 2,26,V3,SIGNINGTIME,2023-02-13,2023-02-16,4,4,Feb 13/23 - Province requested to move to Final,Feb 16/23 - Final sent to Province for signature,,"Feb 16/23 - Completed
Feb 16/23 - Final sent to Province for signature
Feb 15/23 - With Sian for signature approval
Feb 13/23 - Province requested to move to Final
Feb 8/23 - V3 Sent to Province
Feb 8/23 - With Cathy/Lori
Feb 3/23 - V2 back from Province with comments
Jan 27/23 - Sent to Province
Jan 27/23 - With Sian
Jan 26/23 - With Lori/Cathy for review
Jan 26/23 - Requested pricing table from Cathy
Jan 25/23 - With Jen to draft"
Patch Management Phase 3A,88,token overlap 2/3; hint matched: patch,SCO-PROV-472 Patch Management Phase 1b,16,V1,ADSL,2022-11-30,2022-12-13,14,10,Nov 30/22 - SOW with Sian,Dec 13/22 - Sent to Province,"Lori: please confirm this project/SCO mapping. This is an educated guess: ""Patch Management Phase 3A"" -> ""SCO-PROV-472 Patch Management Phase 1b"" (token overlap 2/3; hint matched: patch, score 88).","Feb 9/23 - Signed
Feb 8/23 - WIth Province for signature
Feb 7/23 - With Sian
Feb 6/23 - Province agreed to move to signature
Jan 31/23 - V5 sent to Province
Jan 25/23 - With Cathy
Jan 20/23 - V4 received from the Province
Jan 4/23 - V3 sent to Province
Jan 3/23 - V3 in Draft with Jen
Dec 22/22 - V2 received from Province 
Dec 13/22 - Sent to Province
Dec 6/22 - with Sian for review
Dec 6/22 - with Cathy for review
Nov 30/22 - SOW with Sian"
Patch Management Phase 3A,88,token overlap 2/3; hint matched: patch,SCO-PROV-472 Patch Management Phase 1b,16,V2,CSBC,2022-12-14,2023-01-03,21,15,Next day after: Dec 13/22 - Sent to Province,Jan 3/23 - V3 in Draft with Jen,"Lori: please confirm this project/SCO mapping. This is an educated guess: ""Patch Management Phase 3A"" -> ""SCO-PROV-472 Patch Management Phase 1b"" (token overlap 2/3; hint matched: patch, score 88).","Feb 9/23 - Signed
Feb 8/23 - WIth Province for signature
Feb 7/23 - With Sian
Feb 6/23 - Province agreed to move to signature
Jan 31/23 - V5 sent to Province
Jan 25/23 - With Cathy
Jan 20/23 - V4 received from the Province
Jan 4/23 - V3 sent to Province
Jan 3/23 - V3 in Draft with Jen
Dec 22/22 - V2 received from Province 
Dec 13/22 - Sent to Province
Dec 6/22 - with Sian for review
Dec 6/22 - with Cathy for review
Nov 30/22 - SOW with Sian"
Patch Management Phase 3A,88,token overlap 2/3; hint matched: patch,SCO-PROV-472 Patch Management Phase 1b,16,V3,ADSL,2023-01-03,2023-01-04,2,2,Jan 3/23 - V3 in Draft with Jen,Jan 4/23 - V3 sent to Province,"Lori: please confirm this project/SCO mapping. This is an educated guess: ""Patch Management Phase 3A"" -> ""SCO-PROV-472 Patch Management Phase 1b"" (token overlap 2/3; hint matched: patch, score 88).","Feb 9/23 - Signed
Feb 8/23 - WIth Province for signature
Feb 7/23 - With Sian
Feb 6/23 - Province agreed to move to signature
Jan 31/23 - V5 sent to Province
Jan 25/23 - With Cathy
Jan 20/23 - V4 received from the Province
Jan 4/23 - V3 sent to Province
Jan 3/23 - V3 in Draft with Jen
Dec 22/22 - V2 received from Province 
Dec 13/22 - Sent to Province
Dec 6/22 - with Sian for review
Dec 6/22 - with Cathy for review
Nov 30/22 - SOW with Sian"
Patch Management Phase 3A,88,token overlap 2/3; hint matched: patch,SCO-PROV-472 Patch Management Phase 1b,16,V4,CSBC,2023-01-05,2023-01-25,21,15,Next day after: Jan 4/23 - V3 sent to Province,Jan 25/23 - With Cathy,"Lori: inferred handoff to ADSL from internal ADSL work line; please confirm. Lori: please confirm this project/SCO mapping. This is an educated guess: ""Patch Management Phase 3A"" -> ""SCO-PROV-472 Patch Management Phase 1b"" (token overlap 2/3; hint matched: patch, score 88).","Feb 9/23 - Signed
Feb 8/23 - WIth Province for signature
Feb 7/23 - With Sian
Feb 6/23 - Province agreed to move to signature
Jan 31/23 - V5 sent to Province
Jan 25/23 - With Cathy
Jan 20/23 - V4 received from the Province
Jan 4/23 - V3 sent to Province
Jan 3/23 - V3 in Draft with Jen
Dec 22/22 - V2 received from Province 
Dec 13/22 - Sent to Province
Dec 6/22 - with Sian for review
Dec 6/22 - with Cathy for review
Nov 30/22 - SOW with Sian"
Patch Management Phase 3A,88,token overlap 2/3; hint matched: patch,SCO-PROV-472 Patch Management Phase 1b,16,V5,ADSL,2023-01-25,2023-01-31,7,5,Jan 25/23 - With Cathy,Jan 31/23 - V5 sent to Province,"Lori: please confirm this project/SCO mapping. This is an educated guess: ""Patch Management Phase 3A"" -> ""SCO-PROV-472 Patch Management Phase 1b"" (token overlap 2/3; hint matched: patch, score 88).","Feb 9/23 - Signed
Feb 8/23 - WIth Province for signature
Feb 7/23 - With Sian
Feb 6/23 - Province agreed to move to signature
Jan 31/23 - V5 sent to Province
Jan 25/23 - With Cathy
Jan 20/23 - V4 received from the Province
Jan 4/23 - V3 sent to Province
Jan 3/23 - V3 in Draft with Jen
Dec 22/22 - V2 received from Province 
Dec 13/22 - Sent to Province
Dec 6/22 - with Sian for review
Dec 6/22 - with Cathy for review
Nov 30/22 - SOW with Sian"
Patch Management Phase 3A,88,token overlap 2/3; hint matched: patch,SCO-PROV-472 Patch Management Phase 1b,16,V6,CSBC,2023-02-01,2023-02-07,7,5,Next day after: Jan 31/23 - V5 sent to Province,Feb 7/23 - With Sian,"Lori: inferred handoff to ADSL from internal ADSL work line; please confirm. Lori: please confirm this project/SCO mapping. This is an educated guess: ""Patch Management Phase 3A"" -> ""SCO-PROV-472 Patch Management Phase 1b"" (token overlap 2/3; hint matched: patch, score 88).","Feb 9/23 - Signed
Feb 8/23 - WIth Province for signature
Feb 7/23 - With Sian
Feb 6/23 - Province agreed to move to signature
Jan 31/23 - V5 sent to Province
Jan 25/23 - With Cathy
Jan 20/23 - V4 received from the Province
Jan 4/23 - V3 sent to Province
Jan 3/23 - V3 in Draft with Jen
Dec 22/22 - V2 received from Province 
Dec 13/22 - Sent to Province
Dec 6/22 - with Sian for review
Dec 6/22 - with Cathy for review
Nov 30/22 - SOW with Sian"
Patch Management Phase 3A,88,token overlap 2/3; hint matched: patch,SCO-PROV-472 Patch Management Phase 1b,16,V6,SIGNINGTIME,2023-02-06,2023-02-09,4,4,Feb 6/23 - Province agreed to move to signature,Feb 9/23 - Signed,"Lori: please confirm this project/SCO mapping. This is an educated guess: ""Patch Management Phase 3A"" -> ""SCO-PROV-472 Patch Management Phase 1b"" (token overlap 2/3; hint matched: patch, score 88).","Feb 9/23 - Signed
Feb 8/23 - WIth Province for signature
Feb 7/23 - With Sian
Feb 6/23 - Province agreed to move to signature
Jan 31/23 - V5 sent to Province
Jan 25/23 - With Cathy
Jan 20/23 - V4 received from the Province
Jan 4/23 - V3 sent to Province
Jan 3/23 - V3 in Draft with Jen
Dec 22/22 - V2 received from Province 
Dec 13/22 - Sent to Province
Dec 6/22 - with Sian for review
Dec 6/22 - with Cathy for review
Nov 30/22 - SOW with Sian"
Patch Management Phase 3A,88,token overlap 2/3; hint matched: patch,SCO-PROV-482 Patch Management Phase 2,26,V1,ADSL,2023-01-25,2023-01-27,3,3,Jan 25/23 - With Jen to draft,Jan 27/23 - Sent to Province,"Lori: please confirm this project/SCO mapping. This is an educated guess: ""Patch Management Phase 3A"" -> ""SCO-PROV-482 Patch Management Phase 2"" (token overlap 2/3; hint matched: patch, score 88).","Feb 16/23 - Completed
Feb 16/23 - Final sent to Province for signature
Feb 15/23 - With Sian for signature approval
Feb 13/23 - Province requested to move to Final
Feb 8/23 - V3 Sent to Province
Feb 8/23 - With Cathy/Lori
Feb 3/23 - V2 back from Province with comments
Jan 27/23 - Sent to Province
Jan 27/23 - With Sian
Jan 26/23 - With Lori/Cathy for review
Jan 26/23 - Requested pricing table from Cathy
Jan 25/23 - With Jen to draft"
Patch Management Phase 3A,88,token overlap 2/3; hint matched: patch,SCO-PROV-482 Patch Management Phase 2,26,V2,CSBC,2023-01-28,2023-02-03,7,5,Next day after: Jan 27/23 - Sent to Province,Feb 3/23 - V2 back from Province with comments,"Lori: please confirm this project/SCO mapping. This is an educated guess: ""Patch Management Phase 3A"" -> ""SCO-PROV-482 Patch Management Phase 2"" (token overlap 2/3; hint matched: patch, score 88).","Feb 16/23 - Completed
Feb 16/23 - Final sent to Province for signature
Feb 15/23 - With Sian for signature approval
Feb 13/23 - Province requested to move to Final
Feb 8/23 - V3 Sent to Province
Feb 8/23 - With Cathy/Lori
Feb 3/23 - V2 back from Province with comments
Jan 27/23 - Sent to Province
Jan 27/23 - With Sian
Jan 26/23 - With Lori/Cathy for review
Jan 26/23 - Requested pricing table from Cathy
Jan 25/23 - With Jen to draft"
Patch Management Phase 3A,88,token overlap 2/3; hint matched: patch,SCO-PROV-482 Patch Management Phase 2,26,V3,ADSL,2023-02-04,2023-02-08,5,3,Next day after: Feb 3/23 - V2 back from Province with comments,Feb 8/23 - V3 Sent to Province,"Lori: please confirm this project/SCO mapping. This is an educated guess: ""Patch Management Phase 3A"" -> ""SCO-PROV-482 Patch Management Phase 2"" (token overlap 2/3; hint matched: patch, score 88).","Feb 16/23 - Completed
Feb 16/23 - Final sent to Province for signature
Feb 15/23 - With Sian for signature approval
Feb 13/23 - Province requested to move to Final
Feb 8/23 - V3 Sent to Province
Feb 8/23 - With Cathy/Lori
Feb 3/23 - V2 back from Province with comments
Jan 27/23 - Sent to Province
Jan 27/23 - With Sian
Jan 26/23 - With Lori/Cathy for review
Jan 26/23 - Requested pricing table from Cathy
Jan 25/23 - With Jen to draft"
Patch Management Phase 3A,88,token overlap 2/3; hint matched: patch,SCO-PROV-482 Patch Management Phase 2,26,V3,SIGNINGTIME,2023-02-13,2023-02-16,4,4,Feb 13/23 - Province requested to move to Final,Feb 16/23 - Final sent to Province for signature,"Lori: please confirm this project/SCO mapping. This is an educated guess: ""Patch Management Phase 3A"" -> ""SCO-PROV-482 Patch Management Phase 2"" (token overlap 2/3; hint matched: patch, score 88).","Feb 16/23 - Completed
Feb 16/23 - Final sent to Province for signature
Feb 15/23 - With Sian for signature approval
Feb 13/23 - Province requested to move to Final
Feb 8/23 - V3 Sent to Province
Feb 8/23 - With Cathy/Lori
Feb 3/23 - V2 back from Province with comments
Jan 27/23 - Sent to Province
Jan 27/23 - With Sian
Jan 26/23 - With Lori/Cathy for review
Jan 26/23 - Requested pricing table from Cathy
Jan 25/23 - With Jen to draft"
Patch Management Phase 3A,88,token overlap 1/3; hint matched: patch,SCO-PROV-733 Amd SCO-662 Patch Mgmt Proj Date,111,V1,ADSL,2025-04-08,2025-04-14,7,5,"Apr 8/25 - Approved PCR to extend date, drafting SCO",Apr 14/25 - V1 sent to Province,"Lori: please confirm this project/SCO mapping. This is an educated guess: ""Patch Management Phase 3A"" -> ""SCO-PROV-733 Amd SCO-662 Patch Mgmt Proj Date"" (token overlap 1/3; hint matched: patch, score 88).","Apr 30/25 - Completed
Apr 30/25 - In AdobeSign for signautres
Apr 29/25 - Approval to move to final
Apr 14/25 - V1 sent to Province
Apr 11/25 - With Sian
Apr 10/25 - With Tyler
Apr 10/25 - With Killian
Apr 8/25 - Approved PCR to extend date, drafting SCO"
Patch Management Phase 3A,88,token overlap 1/3; hint matched: patch,SCO-PROV-733 Amd SCO-662 Patch Mgmt Proj Date,111,V1,SIGNINGTIME,2025-04-29,2025-04-30,2,2,Apr 29/25 - Approval to move to final,Apr 30/25 - In AdobeSign for signautres,"Lori: please confirm this project/SCO mapping. This is an educated guess: ""Patch Management Phase 3A"" -> ""SCO-PROV-733 Amd SCO-662 Patch Mgmt Proj Date"" (token overlap 1/3; hint matched: patch, score 88).","Apr 30/25 - Completed
Apr 30/25 - In AdobeSign for signautres
Apr 29/25 - Approval to move to final
Apr 14/25 - V1 sent to Province
Apr 11/25 - With Sian
Apr 10/25 - With Tyler
Apr 10/25 - With Killian
Apr 8/25 - Approved PCR to extend date, drafting SCO"
Patch Management Phase 3B,88,token overlap 2/3; hint matched: patch,SCO-PROV-472 Patch Management Phase 1b,16,V1,ADSL,2022-11-30,2022-12-13,14,10,Nov 30/22 - SOW with Sian,Dec 13/22 - Sent to Province,"Lori: please confirm this project/SCO mapping. This is an educated guess: ""Patch Management Phase 3B"" -> ""SCO-PROV-472 Patch Management Phase 1b"" (token overlap 2/3; hint matched: patch, score 88).","Feb 9/23 - Signed
Feb 8/23 - WIth Province for signature
Feb 7/23 - With Sian
Feb 6/23 - Province agreed to move to signature
Jan 31/23 - V5 sent to Province
Jan 25/23 - With Cathy
Jan 20/23 - V4 received from the Province
Jan 4/23 - V3 sent to Province
Jan 3/23 - V3 in Draft with Jen
Dec 22/22 - V2 received from Province 
Dec 13/22 - Sent to Province
Dec 6/22 - with Sian for review
Dec 6/22 - with Cathy for review
Nov 30/22 - SOW with Sian"
Patch Management Phase 3B,88,token overlap 2/3; hint matched: patch,SCO-PROV-472 Patch Management Phase 1b,16,V2,CSBC,2022-12-14,2023-01-03,21,15,Next day after: Dec 13/22 - Sent to Province,Jan 3/23 - V3 in Draft with Jen,"Lori: please confirm this project/SCO mapping. This is an educated guess: ""Patch Management Phase 3B"" -> ""SCO-PROV-472 Patch Management Phase 1b"" (token overlap 2/3; hint matched: patch, score 88).","Feb 9/23 - Signed
Feb 8/23 - WIth Province for signature
Feb 7/23 - With Sian
Feb 6/23 - Province agreed to move to signature
Jan 31/23 - V5 sent to Province
Jan 25/23 - With Cathy
Jan 20/23 - V4 received from the Province
Jan 4/23 - V3 sent to Province
Jan 3/23 - V3 in Draft with Jen
Dec 22/22 - V2 received from Province 
Dec 13/22 - Sent to Province
Dec 6/22 - with Sian for review
Dec 6/22 - with Cathy for review
Nov 30/22 - SOW with Sian"
Patch Management Phase 3B,88,token overlap 2/3; hint matched: patch,SCO-PROV-472 Patch Management Phase 1b,16,V3,ADSL,2023-01-03,2023-01-04,2,2,Jan 3/23 - V3 in Draft with Jen,Jan 4/23 - V3 sent to Province,"Lori: please confirm this project/SCO mapping. This is an educated guess: ""Patch Management Phase 3B"" -> ""SCO-PROV-472 Patch Management Phase 1b"" (token overlap 2/3; hint matched: patch, score 88).","Feb 9/23 - Signed
Feb 8/23 - WIth Province for signature
Feb 7/23 - With Sian
Feb 6/23 - Province agreed to move to signature
Jan 31/23 - V5 sent to Province
Jan 25/23 - With Cathy
Jan 20/23 - V4 received from the Province
Jan 4/23 - V3 sent to Province
Jan 3/23 - V3 in Draft with Jen
Dec 22/22 - V2 received from Province 
Dec 13/22 - Sent to Province
Dec 6/22 - with Sian for review
Dec 6/22 - with Cathy for review
Nov 30/22 - SOW with Sian"
Patch Management Phase 3B,88,token overlap 2/3; hint matched: patch,SCO-PROV-472 Patch Management Phase 1b,16,V4,CSBC,2023-01-05,2023-01-25,21,15,Next day after: Jan 4/23 - V3 sent to Province,Jan 25/23 - With Cathy,"Lori: inferred handoff to ADSL from internal ADSL work line; please confirm. Lori: please confirm this project/SCO mapping. This is an educated guess: ""Patch Management Phase 3B"" -> ""SCO-PROV-472 Patch Management Phase 1b"" (token overlap 2/3; hint matched: patch, score 88).","Feb 9/23 - Signed
Feb 8/23 - WIth Province for signature
Feb 7/23 - With Sian
Feb 6/23 - Province agreed to move to signature
Jan 31/23 - V5 sent to Province
Jan 25/23 - With Cathy
Jan 20/23 - V4 received from the Province
Jan 4/23 - V3 sent to Province
Jan 3/23 - V3 in Draft with Jen
Dec 22/22 - V2 received from Province 
Dec 13/22 - Sent to Province
Dec 6/22 - with Sian for review
Dec 6/22 - with Cathy for review
Nov 30/22 - SOW with Sian"
Patch Management Phase 3B,88,token overlap 2/3; hint matched: patch,SCO-PROV-472 Patch Management Phase 1b,16,V5,ADSL,2023-01-25,2023-01-31,7,5,Jan 25/23 - With Cathy,Jan 31/23 - V5 sent to Province,"Lori: please confirm this project/SCO mapping. This is an educated guess: ""Patch Management Phase 3B"" -> ""SCO-PROV-472 Patch Management Phase 1b"" (token overlap 2/3; hint matched: patch, score 88).","Feb 9/23 - Signed
Feb 8/23 - WIth Province for signature
Feb 7/23 - With Sian
Feb 6/23 - Province agreed to move to signature
Jan 31/23 - V5 sent to Province
Jan 25/23 - With Cathy
Jan 20/23 - V4 received from the Province
Jan 4/23 - V3 sent to Province
Jan 3/23 - V3 in Draft with Jen
Dec 22/22 - V2 received from Province 
Dec 13/22 - Sent to Province
Dec 6/22 - with Sian for review
Dec 6/22 - with Cathy for review
Nov 30/22 - SOW with Sian"
Patch Management Phase 3B,88,token overlap 2/3; hint matched: patch,SCO-PROV-472 Patch Management Phase 1b,16,V6,CSBC,2023-02-01,2023-02-07,7,5,Next day after: Jan 31/23 - V5 sent to Province,Feb 7/23 - With Sian,"Lori: inferred handoff to ADSL from internal ADSL work line; please confirm. Lori: please confirm this project/SCO mapping. This is an educated guess: ""Patch Management Phase 3B"" -> ""SCO-PROV-472 Patch Management Phase 1b"" (token overlap 2/3; hint matched: patch, score 88).","Feb 9/23 - Signed
Feb 8/23 - WIth Province for signature
Feb 7/23 - With Sian
Feb 6/23 - Province agreed to move to signature
Jan 31/23 - V5 sent to Province
Jan 25/23 - With Cathy
Jan 20/23 - V4 received from the Province
Jan 4/23 - V3 sent to Province
Jan 3/23 - V3 in Draft with Jen
Dec 22/22 - V2 received from Province 
Dec 13/22 - Sent to Province
Dec 6/22 - with Sian for review
Dec 6/22 - with Cathy for review
Nov 30/22 - SOW with Sian"
Patch Management Phase 3B,88,token overlap 2/3; hint matched: patch,SCO-PROV-472 Patch Management Phase 1b,16,V6,SIGNINGTIME,2023-02-06,2023-02-09,4,4,Feb 6/23 - Province agreed to move to signature,Feb 9/23 - Signed,"Lori: please confirm this project/SCO mapping. This is an educated guess: ""Patch Management Phase 3B"" -> ""SCO-PROV-472 Patch Management Phase 1b"" (token overlap 2/3; hint matched: patch, score 88).","Feb 9/23 - Signed
Feb 8/23 - WIth Province for signature
Feb 7/23 - With Sian
Feb 6/23 - Province agreed to move to signature
Jan 31/23 - V5 sent to Province
Jan 25/23 - With Cathy
Jan 20/23 - V4 received from the Province
Jan 4/23 - V3 sent to Province
Jan 3/23 - V3 in Draft with Jen
Dec 22/22 - V2 received from Province 
Dec 13/22 - Sent to Province
Dec 6/22 - with Sian for review
Dec 6/22 - with Cathy for review
Nov 30/22 - SOW with Sian"
Patch Management Phase 3B,88,token overlap 2/3; hint matched: patch,SCO-PROV-482 Patch Management Phase 2,26,V1,ADSL,2023-01-25,2023-01-27,3,3,Jan 25/23 - With Jen to draft,Jan 27/23 - Sent to Province,"Lori: please confirm this project/SCO mapping. This is an educated guess: ""Patch Management Phase 3B"" -> ""SCO-PROV-482 Patch Management Phase 2"" (token overlap 2/3; hint matched: patch, score 88).","Feb 16/23 - Completed
Feb 16/23 - Final sent to Province for signature
Feb 15/23 - With Sian for signature approval
Feb 13/23 - Province requested to move to Final
Feb 8/23 - V3 Sent to Province
Feb 8/23 - With Cathy/Lori
Feb 3/23 - V2 back from Province with comments
Jan 27/23 - Sent to Province
Jan 27/23 - With Sian
Jan 26/23 - With Lori/Cathy for review
Jan 26/23 - Requested pricing table from Cathy
Jan 25/23 - With Jen to draft"
Patch Management Phase 3B,88,token overlap 2/3; hint matched: patch,SCO-PROV-482 Patch Management Phase 2,26,V2,CSBC,2023-01-28,2023-02-03,7,5,Next day after: Jan 27/23 - Sent to Province,Feb 3/23 - V2 back from Province with comments,"Lori: please confirm this project/SCO mapping. This is an educated guess: ""Patch Management Phase 3B"" -> ""SCO-PROV-482 Patch Management Phase 2"" (token overlap 2/3; hint matched: patch, score 88).","Feb 16/23 - Completed
Feb 16/23 - Final sent to Province for signature
Feb 15/23 - With Sian for signature approval
Feb 13/23 - Province requested to move to Final
Feb 8/23 - V3 Sent to Province
Feb 8/23 - With Cathy/Lori
Feb 3/23 - V2 back from Province with comments
Jan 27/23 - Sent to Province
Jan 27/23 - With Sian
Jan 26/23 - With Lori/Cathy for review
Jan 26/23 - Requested pricing table from Cathy
Jan 25/23 - With Jen to draft"
Patch Management Phase 3B,88,token overlap 2/3; hint matched: patch,SCO-PROV-482 Patch Management Phase 2,26,V3,ADSL,2023-02-04,2023-02-08,5,3,Next day after: Feb 3/23 - V2 back from Province with comments,Feb 8/23 - V3 Sent to Province,"Lori: please confirm this project/SCO mapping. This is an educated guess: ""Patch Management Phase 3B"" -> ""SCO-PROV-482 Patch Management Phase 2"" (token overlap 2/3; hint matched: patch, score 88).","Feb 16/23 - Completed
Feb 16/23 - Final sent to Province for signature
Feb 15/23 - With Sian for signature approval
Feb 13/23 - Province requested to move to Final
Feb 8/23 - V3 Sent to Province
Feb 8/23 - With Cathy/Lori
Feb 3/23 - V2 back from Province with comments
Jan 27/23 - Sent to Province
Jan 27/23 - With Sian
Jan 26/23 - With Lori/Cathy for review
Jan 26/23 - Requested pricing table from Cathy
Jan 25/23 - With Jen to draft"
Patch Management Phase 3B,88,token overlap 2/3; hint matched: patch,SCO-PROV-482 Patch Management Phase 2,26,V3,SIGNINGTIME,2023-02-13,2023-02-16,4,4,Feb 13/23 - Province requested to move to Final,Feb 16/23 - Final sent to Province for signature,"Lori: please confirm this project/SCO mapping. This is an educated guess: ""Patch Management Phase 3B"" -> ""SCO-PROV-482 Patch Management Phase 2"" (token overlap 2/3; hint matched: patch, score 88).","Feb 16/23 - Completed
Feb 16/23 - Final sent to Province for signature
Feb 15/23 - With Sian for signature approval
Feb 13/23 - Province requested to move to Final
Feb 8/23 - V3 Sent to Province
Feb 8/23 - With Cathy/Lori
Feb 3/23 - V2 back from Province with comments
Jan 27/23 - Sent to Province
Jan 27/23 - With Sian
Jan 26/23 - With Lori/Cathy for review
Jan 26/23 - Requested pricing table from Cathy
Jan 25/23 - With Jen to draft"
Patch Management Phase 3B,88,token overlap 1/3; hint matched: patch,SCO-PROV-733 Amd SCO-662 Patch Mgmt Proj Date,111,V1,ADSL,2025-04-08,2025-04-14,7,5,"Apr 8/25 - Approved PCR to extend date, drafting SCO",Apr 14/25 - V1 sent to Province,"Lori: please confirm this project/SCO mapping. This is an educated guess: ""Patch Management Phase 3B"" -> ""SCO-PROV-733 Amd SCO-662 Patch Mgmt Proj Date"" (token overlap 1/3; hint matched: patch, score 88).","Apr 30/25 - Completed
Apr 30/25 - In AdobeSign for signautres
Apr 29/25 - Approval to move to final
Apr 14/25 - V1 sent to Province
Apr 11/25 - With Sian
Apr 10/25 - With Tyler
Apr 10/25 - With Killian
Apr 8/25 - Approved PCR to extend date, drafting SCO"
Patch Management Phase 3B,88,token overlap 1/3; hint matched: patch,SCO-PROV-733 Amd SCO-662 Patch Mgmt Proj Date,111,V1,SIGNINGTIME,2025-04-29,2025-04-30,2,2,Apr 29/25 - Approval to move to final,Apr 30/25 - In AdobeSign for signautres,"Lori: please confirm this project/SCO mapping. This is an educated guess: ""Patch Management Phase 3B"" -> ""SCO-PROV-733 Amd SCO-662 Patch Mgmt Proj Date"" (token overlap 1/3; hint matched: patch, score 88).","Apr 30/25 - Completed
Apr 30/25 - In AdobeSign for signautres
Apr 29/25 - Approval to move to final
Apr 14/25 - V1 sent to Province
Apr 11/25 - With Sian
Apr 10/25 - With Tyler
Apr 10/25 - With Killian
Apr 8/25 - Approved PCR to extend date, drafting SCO"
Public Cloud MCS OpenShift Project (ROSA),88,token overlap 2/5; hint matched: mcs openshift; hint matched: openshift,CR-CAP-053 CITZ MCS OpenShift Server,212,V1,ADSL,2025-06-25,2025-07-04,10,8,June 25/25 - with Cathy / Adam,July 4/25 - V1 sent to Province,"Lori: please confirm this project/SCO mapping. This is an educated guess: ""Public Cloud MCS OpenShift Project (ROSA)"" -> ""CR-CAP-053 CITZ MCS OpenShift Server"" (token overlap 2/5; hint matched: mcs openshift; hint matched: openshift, score 88).","Aug 13/25 - Adobe Sign
July 30/25 - V3 sent to Province
July 28/25 - V2.1 rec'd
July 22/25 - V1.1 sent to Province
July 4/25 - V1 sent to Province
June 25/25 - with Cathy / Adam"
Public Cloud MCS OpenShift Project (ROSA),88,token overlap 2/5; hint matched: mcs openshift; hint matched: openshift,CR-CAP-053 CITZ MCS OpenShift Server,212,V2,CSBC,2025-07-05,2025-07-22,18,12,Next day after: July 4/25 - V1 sent to Province,July 22/25 - V1.1 sent to Province,"Lori: please confirm this project/SCO mapping. This is an educated guess: ""Public Cloud MCS OpenShift Project (ROSA)"" -> ""CR-CAP-053 CITZ MCS OpenShift Server"" (token overlap 2/5; hint matched: mcs openshift; hint matched: openshift, score 88).","Aug 13/25 - Adobe Sign
July 30/25 - V3 sent to Province
July 28/25 - V2.1 rec'd
July 22/25 - V1.1 sent to Province
July 4/25 - V1 sent to Province
June 25/25 - with Cathy / Adam"
Public Cloud MCS OpenShift Project (ROSA),88,token overlap 2/5; hint matched: mcs openshift; hint matched: openshift,CR-CAP-053 CITZ MCS OpenShift Server,212,V1.1,ADSL,2025-07-22,2025-07-22,1,1,July 22/25 - V1.1 sent to Province,July 22/25 - V1.1 sent to Province,"Lori: please confirm this project/SCO mapping. This is an educated guess: ""Public Cloud MCS OpenShift Project (ROSA)"" -> ""CR-CAP-053 CITZ MCS OpenShift Server"" (token overlap 2/5; hint matched: mcs openshift; hint matched: openshift, score 88).","Aug 13/25 - Adobe Sign
July 30/25 - V3 sent to Province
July 28/25 - V2.1 rec'd
July 22/25 - V1.1 sent to Province
July 4/25 - V1 sent to Province
June 25/25 - with Cathy / Adam"
Public Cloud MCS OpenShift Project (ROSA),88,token overlap 2/5; hint matched: mcs openshift; hint matched: openshift,CR-CAP-053 CITZ MCS OpenShift Server,212,V2.1,CSBC,2025-07-23,2025-07-28,6,4,Next day after: July 22/25 - V1.1 sent to Province,July 28/25 - V2.1 rec'd,"Lori: please confirm this project/SCO mapping. This is an educated guess: ""Public Cloud MCS OpenShift Project (ROSA)"" -> ""CR-CAP-053 CITZ MCS OpenShift Server"" (token overlap 2/5; hint matched: mcs openshift; hint matched: openshift, score 88).","Aug 13/25 - Adobe Sign
July 30/25 - V3 sent to Province
July 28/25 - V2.1 rec'd
July 22/25 - V1.1 sent to Province
July 4/25 - V1 sent to Province
June 25/25 - with Cathy / Adam"
Public Cloud MCS OpenShift Project (ROSA),88,token overlap 2/5; hint matched: mcs openshift; hint matched: openshift,CR-CAP-053 CITZ MCS OpenShift Server,212,V3,ADSL,2025-07-29,2025-07-30,2,2,Next day after: July 28/25 - V2.1 rec'd,July 30/25 - V3 sent to Province,"Lori: please confirm this project/SCO mapping. This is an educated guess: ""Public Cloud MCS OpenShift Project (ROSA)"" -> ""CR-CAP-053 CITZ MCS OpenShift Server"" (token overlap 2/5; hint matched: mcs openshift; hint matched: openshift, score 88).","Aug 13/25 - Adobe Sign
July 30/25 - V3 sent to Province
July 28/25 - V2.1 rec'd
July 22/25 - V1.1 sent to Province
July 4/25 - V1 sent to Province
June 25/25 - with Cathy / Adam"
Public Cloud MCS OpenShift Project (ROSA),88,token overlap 2/5; hint matched: mcs openshift; hint matched: openshift,CR-CAP-053 CITZ MCS OpenShift Server,212,V3,SIGNINGTIME,2025-08-13,2025-08-13,1,1,Aug 13/25 - Adobe Sign,Aug 13/25 - Adobe Sign,"Lori: please confirm this project/SCO mapping. This is an educated guess: ""Public Cloud MCS OpenShift Project (ROSA)"" -> ""CR-CAP-053 CITZ MCS OpenShift Server"" (token overlap 2/5; hint matched: mcs openshift; hint matched: openshift, score 88).","Aug 13/25 - Adobe Sign
July 30/25 - V3 sent to Province
July 28/25 - V2.1 rec'd
July 22/25 - V1.1 sent to Province
July 4/25 - V1 sent to Province
June 25/25 - with Cathy / Adam"
Public Cloud MCS OpenShift Project (ROSA),88,token overlap 1/5; hint matched: openshift,CR-CAP-055 OpenShift Licenses,214,V1,ADSL,2025-05-29,2025-07-08,41,29,May 29/25 - Pricing sent to Dan Kenyan; updated quote requested,July 8/25 - V1 sent to Province,"Lori: please confirm this project/SCO mapping. This is an educated guess: ""Public Cloud MCS OpenShift Project (ROSA)"" -> ""CR-CAP-055 OpenShift Licenses"" (token overlap 1/5; hint matched: openshift, score 88).","July 24/25 - Adobe Sign
July 14/25 - V3 sent to Province
July 9/25 - V2 rec'd; new quote rec'd; with Cathy
July 8/25 - V1 sent to Province
May 29/25 - Pricing sent to Dan Kenyan; updated quote requested"
Public Cloud MCS OpenShift Project (ROSA),88,token overlap 1/5; hint matched: openshift,CR-CAP-055 OpenShift Licenses,214,V2,CSBC,2025-07-09,2025-07-09,1,1,Next day after: July 8/25 - V1 sent to Province,July 9/25 - V2 rec'd; new quote rec'd; with Cathy,"Lori: please confirm this project/SCO mapping. This is an educated guess: ""Public Cloud MCS OpenShift Project (ROSA)"" -> ""CR-CAP-055 OpenShift Licenses"" (token overlap 1/5; hint matched: openshift, score 88).","July 24/25 - Adobe Sign
July 14/25 - V3 sent to Province
July 9/25 - V2 rec'd; new quote rec'd; with Cathy
July 8/25 - V1 sent to Province
May 29/25 - Pricing sent to Dan Kenyan; updated quote requested"
Public Cloud MCS OpenShift Project (ROSA),88,token overlap 1/5; hint matched: openshift,CR-CAP-055 OpenShift Licenses,214,V3,ADSL,2025-07-10,2025-07-14,5,3,Next day after: July 9/25 - V2 rec'd; new quote rec'd; with Cathy,July 14/25 - V3 sent to Province,"Lori: please confirm this project/SCO mapping. This is an educated guess: ""Public Cloud MCS OpenShift Project (ROSA)"" -> ""CR-CAP-055 OpenShift Licenses"" (token overlap 1/5; hint matched: openshift, score 88).","July 24/25 - Adobe Sign
July 14/25 - V3 sent to Province
July 9/25 - V2 rec'd; new quote rec'd; with Cathy
July 8/25 - V1 sent to Province
May 29/25 - Pricing sent to Dan Kenyan; updated quote requested"
Public Cloud MCS OpenShift Project (ROSA),88,token overlap 1/5; hint matched: openshift,CR-CAP-055 OpenShift Licenses,214,V3,SIGNINGTIME,2025-07-24,2025-07-24,1,1,July 24/25 - Adobe Sign,July 24/25 - Adobe Sign,"Lori: please confirm this project/SCO mapping. This is an educated guess: ""Public Cloud MCS OpenShift Project (ROSA)"" -> ""CR-CAP-055 OpenShift Licenses"" (token overlap 1/5; hint matched: openshift, score 88).","July 24/25 - Adobe Sign
July 14/25 - V3 sent to Province
July 9/25 - V2 rec'd; new quote rec'd; with Cathy
July 8/25 - V1 sent to Province
May 29/25 - Pricing sent to Dan Kenyan; updated quote requested"
Public Cloud MCS OpenShift Project (ROSA),88,token overlap 2/5; hint matched: mcs openshift; hint matched: openshift,CR-CAP-056 MCS OpenShift Gold Cl Ext Mtc,215,V1,ADSL,2025-07-07,2025-07-08,2,2,July 7/25 - with Cathy,July 8/25 - V1 sent to Province,"Lori: please confirm this project/SCO mapping. This is an educated guess: ""Public Cloud MCS OpenShift Project (ROSA)"" -> ""CR-CAP-056 MCS OpenShift Gold Cl Ext Mtc"" (token overlap 2/5; hint matched: mcs openshift; hint matched: openshift, score 88).","Aug 20/25 - Adobe Sign
Aug 18/25 - moved to final; waiting for PR
July 29/25 - response sent to Province
July 28/25 - Province question with Sam
July 23/25 - V3 sent to Province
July 21/25 - V2 rec'd
July 8/25 - V1 sent to Province
July 7/25 - with Cathy"
Public Cloud MCS OpenShift Project (ROSA),88,token overlap 2/5; hint matched: mcs openshift; hint matched: openshift,CR-CAP-056 MCS OpenShift Gold Cl Ext Mtc,215,V2,CSBC,2025-07-09,2025-07-21,13,9,Next day after: July 8/25 - V1 sent to Province,July 21/25 - V2 rec'd,"Lori: please confirm this project/SCO mapping. This is an educated guess: ""Public Cloud MCS OpenShift Project (ROSA)"" -> ""CR-CAP-056 MCS OpenShift Gold Cl Ext Mtc"" (token overlap 2/5; hint matched: mcs openshift; hint matched: openshift, score 88).","Aug 20/25 - Adobe Sign
Aug 18/25 - moved to final; waiting for PR
July 29/25 - response sent to Province
July 28/25 - Province question with Sam
July 23/25 - V3 sent to Province
July 21/25 - V2 rec'd
July 8/25 - V1 sent to Province
July 7/25 - with Cathy"
Public Cloud MCS OpenShift Project (ROSA),88,token overlap 2/5; hint matched: mcs openshift; hint matched: openshift,CR-CAP-056 MCS OpenShift Gold Cl Ext Mtc,215,V3,ADSL,2025-07-22,2025-07-23,2,2,Next day after: July 21/25 - V2 rec'd,July 23/25 - V3 sent to Province,"Lori: please confirm this project/SCO mapping. This is an educated guess: ""Public Cloud MCS OpenShift Project (ROSA)"" -> ""CR-CAP-056 MCS OpenShift Gold Cl Ext Mtc"" (token overlap 2/5; hint matched: mcs openshift; hint matched: openshift, score 88).","Aug 20/25 - Adobe Sign
Aug 18/25 - moved to final; waiting for PR
July 29/25 - response sent to Province
July 28/25 - Province question with Sam
July 23/25 - V3 sent to Province
July 21/25 - V2 rec'd
July 8/25 - V1 sent to Province
July 7/25 - with Cathy"
Public Cloud MCS OpenShift Project (ROSA),88,token overlap 2/5; hint matched: mcs openshift; hint matched: openshift,CR-CAP-056 MCS OpenShift Gold Cl Ext Mtc,215,V4,ADSL,2025-07-24,2025-07-29,6,4,Next day after: July 23/25 - V3 sent to Province,July 29/25 - response sent to Province,"Lori: please confirm this project/SCO mapping. This is an educated guess: ""Public Cloud MCS OpenShift Project (ROSA)"" -> ""CR-CAP-056 MCS OpenShift Gold Cl Ext Mtc"" (token overlap 2/5; hint matched: mcs openshift; hint matched: openshift, score 88).","Aug 20/25 - Adobe Sign
Aug 18/25 - moved to final; waiting for PR
July 29/25 - response sent to Province
July 28/25 - Province question with Sam
July 23/25 - V3 sent to Province
July 21/25 - V2 rec'd
July 8/25 - V1 sent to Province
July 7/25 - with Cathy"
Public Cloud MCS OpenShift Project (ROSA),88,token overlap 2/5; hint matched: mcs openshift; hint matched: openshift,CR-CAP-056 MCS OpenShift Gold Cl Ext Mtc,215,V4,SIGNINGTIME,2025-08-18,2025-08-20,3,3,Aug 18/25 - moved to final; waiting for PR,Aug 20/25 - Adobe Sign,"Lori: please confirm this project/SCO mapping. This is an educated guess: ""Public Cloud MCS OpenShift Project (ROSA)"" -> ""CR-CAP-056 MCS OpenShift Gold Cl Ext Mtc"" (token overlap 2/5; hint matched: mcs openshift; hint matched: openshift, score 88).","Aug 20/25 - Adobe Sign
Aug 18/25 - moved to final; waiting for PR
July 29/25 - response sent to Province
July 28/25 - Province question with Sam
July 23/25 - V3 sent to Province
July 21/25 - V2 rec'd
July 8/25 - V1 sent to Province
July 7/25 - with Cathy"
Public Cloud MCS OpenShift Project (ROSA),88,token overlap 2/5; hint matched: openshift,CR-CAP-057 Redhat OpenShift MCS Servers,216,V1,ADSL,2025-07-09,2025-07-11,3,3,July 9/25 - Waiting on pricing,July 11/25 - V1 Sent to Province,"Lori: please confirm this project/SCO mapping. This is an educated guess: ""Public Cloud MCS OpenShift Project (ROSA)"" -> ""CR-CAP-057 Redhat OpenShift MCS Servers"" (token overlap 2/5; hint matched: openshift, score 88).","July 17/25 - Out for signature via AdobeSign
July 15/25 - V2 back from Province, with Joyce, Chris to submit PRs
July 11/25 - V1 Sent to Province
July 10/27 - With Tyler
July 10/25 - Pinged Joyce, Cathy QAd
July 9/25 - Waiting on pricing"
Public Cloud MCS OpenShift Project (ROSA),88,token overlap 2/5; hint matched: openshift,CR-CAP-057 Redhat OpenShift MCS Servers,216,V2,CSBC,2025-07-12,2025-07-15,4,2,Next day after: July 11/25 - V1 Sent to Province,"July 15/25 - V2 back from Province, with Joyce, Chris to submit PRs","Lori: please confirm this project/SCO mapping. This is an educated guess: ""Public Cloud MCS OpenShift Project (ROSA)"" -> ""CR-CAP-057 Redhat OpenShift MCS Servers"" (token overlap 2/5; hint matched: openshift, score 88).","July 17/25 - Out for signature via AdobeSign
July 15/25 - V2 back from Province, with Joyce, Chris to submit PRs
July 11/25 - V1 Sent to Province
July 10/27 - With Tyler
July 10/25 - Pinged Joyce, Cathy QAd
July 9/25 - Waiting on pricing"
Public Cloud MCS OpenShift Project (ROSA),88,token overlap 2/5; hint matched: openshift,CR-CAP-057 Redhat OpenShift MCS Servers,216,V2,SIGNINGTIME,2025-07-17,2025-07-17,1,1,July 17/25 - Out for signature via AdobeSign,July 17/25 - Out for signature via AdobeSign,"Lori: please confirm this project/SCO mapping. This is an educated guess: ""Public Cloud MCS OpenShift Project (ROSA)"" -> ""CR-CAP-057 Redhat OpenShift MCS Servers"" (token overlap 2/5; hint matched: openshift, score 88).","July 17/25 - Out for signature via AdobeSign
July 15/25 - V2 back from Province, with Joyce, Chris to submit PRs
July 11/25 - V1 Sent to Province
July 10/27 - With Tyler
July 10/25 - Pinged Joyce, Cathy QAd
July 9/25 - Waiting on pricing"
Public Cloud MCS OpenShift Project (ROSA),88,token overlap 1/5; hint matched: openshift,CR-CAP-058 OpenShift Hardware Extended Maintenance,217,V1,ADSL,2025-07-14,2025-07-14,1,1,July 14/25 - V1 sent to Province,July 14/25 - V1 sent to Province,"Lori: please confirm this project/SCO mapping. This is an educated guess: ""Public Cloud MCS OpenShift Project (ROSA)"" -> ""CR-CAP-058 OpenShift Hardware Extended Maintenance"" (token overlap 1/5; hint matched: openshift, score 88).","Aug 27/25 - Adobe Sign
Aug 26/25 - approved for signing; Province to confirm signatory
July 29/25 - V1.1 sent to Province
July 14/25 - V1 sent to Province"
Public Cloud MCS OpenShift Project (ROSA),88,token overlap 1/5; hint matched: openshift,CR-CAP-058 OpenShift Hardware Extended Maintenance,217,V2,CSBC,2025-07-15,2025-07-29,15,11,Next day after: July 14/25 - V1 sent to Province,July 29/25 - V1.1 sent to Province,"Lori: please confirm this project/SCO mapping. This is an educated guess: ""Public Cloud MCS OpenShift Project (ROSA)"" -> ""CR-CAP-058 OpenShift Hardware Extended Maintenance"" (token overlap 1/5; hint matched: openshift, score 88).","Aug 27/25 - Adobe Sign
Aug 26/25 - approved for signing; Province to confirm signatory
July 29/25 - V1.1 sent to Province
July 14/25 - V1 sent to Province"
Public Cloud MCS OpenShift Project (ROSA),88,token overlap 1/5; hint matched: openshift,CR-CAP-058 OpenShift Hardware Extended Maintenance,217,V1.1,ADSL,2025-07-29,2025-07-29,1,1,July 29/25 - V1.1 sent to Province,July 29/25 - V1.1 sent to Province,"Lori: please confirm this project/SCO mapping. This is an educated guess: ""Public Cloud MCS OpenShift Project (ROSA)"" -> ""CR-CAP-058 OpenShift Hardware Extended Maintenance"" (token overlap 1/5; hint matched: openshift, score 88).","Aug 27/25 - Adobe Sign
Aug 26/25 - approved for signing; Province to confirm signatory
July 29/25 - V1.1 sent to Province
July 14/25 - V1 sent to Province"
Public Cloud MCS OpenShift Project (ROSA),88,token overlap 1/5; hint matched: openshift,CR-CAP-058 OpenShift Hardware Extended Maintenance,217,V1.1,SIGNINGTIME,2025-08-27,2025-08-27,1,1,Aug 27/25 - Adobe Sign,Aug 27/25 - Adobe Sign,"Lori: please confirm this project/SCO mapping. This is an educated guess: ""Public Cloud MCS OpenShift Project (ROSA)"" -> ""CR-CAP-058 OpenShift Hardware Extended Maintenance"" (token overlap 1/5; hint matched: openshift, score 88).","Aug 27/25 - Adobe Sign
Aug 26/25 - approved for signing; Province to confirm signatory
July 29/25 - V1.1 sent to Province
July 14/25 - V1 sent to Province"
Public Cloud MCS OpenShift Project (ROSA),88,token overlap 2/5; hint matched: openshift,CR-CAP-066 OpenShift MCS HW,225,V1,ADSL,2025-08-14,2025-08-14,1,1,Aug 14/25 - V1 sent to Province,Aug 14/25 - V1 sent to Province,"Lori: please confirm this project/SCO mapping. This is an educated guess: ""Public Cloud MCS OpenShift Project (ROSA)"" -> ""CR-CAP-066 OpenShift MCS HW"" (token overlap 2/5; hint matched: openshift, score 88).","Aug 21/25 - Adobe Sign
Aug 20/25 - moved to final; waiting for PR
Aug 14/25 - V1 sent to Province"
Public Cloud MCS OpenShift Project (ROSA),88,token overlap 2/5; hint matched: openshift,CR-CAP-066 OpenShift MCS HW,225,V1,SIGNINGTIME,2025-08-20,2025-08-21,2,2,Aug 20/25 - moved to final; waiting for PR,Aug 21/25 - Adobe Sign,"Lori: please confirm this project/SCO mapping. This is an educated guess: ""Public Cloud MCS OpenShift Project (ROSA)"" -> ""CR-CAP-066 OpenShift MCS HW"" (token overlap 2/5; hint matched: openshift, score 88).","Aug 21/25 - Adobe Sign
Aug 20/25 - moved to final; waiting for PR
Aug 14/25 - V1 sent to Province"
Public Cloud MCS OpenShift Project (ROSA),88,token overlap 2/5; hint matched: mcs openshift; hint matched: openshift,CR-CAP-067 MCS OpenShift Gold Cluster,226,V1,ADSL,2025-08-19,2025-08-20,2,2,Aug 19/25 - with Cathy,Aug 20/25 - V1 sent to Province,"Lori: please confirm this project/SCO mapping. This is an educated guess: ""Public Cloud MCS OpenShift Project (ROSA)"" -> ""CR-CAP-067 MCS OpenShift Gold Cluster"" (token overlap 2/5; hint matched: mcs openshift; hint matched: openshift, score 88).","Oct 29/25 - Adobe Sign
Oct 23/25 - quote rec'd; V3 sent to Province 
Oct 14/25 - waiting for timeline of new switches; getting new quote
Oct 8/25 - question to Tyler
Sept 25/25 - follow up with Chris
Sept 17/25 - with Chris to confirm refresh dates
Sept 10/25 - V2 rec'd; Province requested less than 1 year; with Procurement
Aug 20/25 - V1 sent to Province
Aug 19/25 - with Cathy"
Public Cloud MCS OpenShift Project (ROSA),88,token overlap 2/5; hint matched: mcs openshift; hint matched: openshift,CR-CAP-067 MCS OpenShift Gold Cluster,226,V2,CSBC,2025-08-21,2025-09-10,21,15,Next day after: Aug 20/25 - V1 sent to Province,Sept 10/25 - V2 rec'd; Province requested less than 1 year; with Procurement,"Lori: please confirm this project/SCO mapping. This is an educated guess: ""Public Cloud MCS OpenShift Project (ROSA)"" -> ""CR-CAP-067 MCS OpenShift Gold Cluster"" (token overlap 2/5; hint matched: mcs openshift; hint matched: openshift, score 88).","Oct 29/25 - Adobe Sign
Oct 23/25 - quote rec'd; V3 sent to Province 
Oct 14/25 - waiting for timeline of new switches; getting new quote
Oct 8/25 - question to Tyler
Sept 25/25 - follow up with Chris
Sept 17/25 - with Chris to confirm refresh dates
Sept 10/25 - V2 rec'd; Province requested less than 1 year; with Procurement
Aug 20/25 - V1 sent to Province
Aug 19/25 - with Cathy"
Public Cloud MCS OpenShift Project (ROSA),88,token overlap 2/5; hint matched: mcs openshift; hint matched: openshift,CR-CAP-067 MCS OpenShift Gold Cluster,226,V3,CSBC,2025-09-11,2025-10-23,43,31,Next day after: Sept 10/25 - V2 rec'd; Province requested less than 1 year; with Procurement,Oct 23/25 - quote rec'd; V3 sent to Province,"Lori: please confirm this project/SCO mapping. This is an educated guess: ""Public Cloud MCS OpenShift Project (ROSA)"" -> ""CR-CAP-067 MCS OpenShift Gold Cluster"" (token overlap 2/5; hint matched: mcs openshift; hint matched: openshift, score 88).","Oct 29/25 - Adobe Sign
Oct 23/25 - quote rec'd; V3 sent to Province 
Oct 14/25 - waiting for timeline of new switches; getting new quote
Oct 8/25 - question to Tyler
Sept 25/25 - follow up with Chris
Sept 17/25 - with Chris to confirm refresh dates
Sept 10/25 - V2 rec'd; Province requested less than 1 year; with Procurement
Aug 20/25 - V1 sent to Province
Aug 19/25 - with Cathy"
Public Cloud MCS OpenShift Project (ROSA),88,token overlap 2/5; hint matched: mcs openshift; hint matched: openshift,CR-CAP-067 MCS OpenShift Gold Cluster,226,V3,SIGNINGTIME,2025-10-29,2025-10-29,1,1,Oct 29/25 - Adobe Sign,Oct 29/25 - Adobe Sign,"Lori: please confirm this project/SCO mapping. This is an educated guess: ""Public Cloud MCS OpenShift Project (ROSA)"" -> ""CR-CAP-067 MCS OpenShift Gold Cluster"" (token overlap 2/5; hint matched: mcs openshift; hint matched: openshift, score 88).","Oct 29/25 - Adobe Sign
Oct 23/25 - quote rec'd; V3 sent to Province 
Oct 14/25 - waiting for timeline of new switches; getting new quote
Oct 8/25 - question to Tyler
Sept 25/25 - follow up with Chris
Sept 17/25 - with Chris to confirm refresh dates
Sept 10/25 - V2 rec'd; Province requested less than 1 year; with Procurement
Aug 20/25 - V1 sent to Province
Aug 19/25 - with Cathy"
Public Cloud MCS OpenShift Project (ROSA),88,token overlap 2/5; hint matched: mcs openshift; hint matched: openshift,CR-CAP-068 MCS OpenShift Custom HW,227,V1,ADSL,2025-08-25,2025-08-26,2,2,Aug 25/25 - with Sian,Aug 26/25 - V1 sent to Province,"Lori: please confirm this project/SCO mapping. This is an educated guess: ""Public Cloud MCS OpenShift Project (ROSA)"" -> ""CR-CAP-068 MCS OpenShift Custom HW"" (token overlap 2/5; hint matched: mcs openshift; hint matched: openshift, score 88).","Sept 8/25 - Adobe Sign
Aug 26/25 - V1 sent to Province
Aug 25/25 - with Sian"
Public Cloud MCS OpenShift Project (ROSA),88,token overlap 2/5; hint matched: mcs openshift; hint matched: openshift,CR-CAP-068 MCS OpenShift Custom HW,227,V1,SIGNINGTIME,2025-09-08,2025-09-08,1,1,Sept 8/25 - Adobe Sign,Sept 8/25 - Adobe Sign,"Lori: please confirm this project/SCO mapping. This is an educated guess: ""Public Cloud MCS OpenShift Project (ROSA)"" -> ""CR-CAP-068 MCS OpenShift Custom HW"" (token overlap 2/5; hint matched: mcs openshift; hint matched: openshift, score 88).","Sept 8/25 - Adobe Sign
Aug 26/25 - V1 sent to Province
Aug 25/25 - with Sian"
Public Cloud MCS OpenShift Project (ROSA),88,token overlap 2/5; hint matched: openshift,CR-CAP-069 Redhat OpenShift MCS Servers,228,V1,ADSL,2025-08-28,2025-08-28,1,1,Aug 28/25 - V1 sent to Province,Aug 28/25 - V1 sent to Province,"Lori: please confirm this project/SCO mapping. This is an educated guess: ""Public Cloud MCS OpenShift Project (ROSA)"" -> ""CR-CAP-069 Redhat OpenShift MCS Servers"" (token overlap 2/5; hint matched: openshift, score 88).","Sept 17/25 - V5 sent to Province
Sept 16/25 - V4 rec'd
Sept 10/25 - V3 sent to Province
Sept 9/25 - V2 rec'd; with Joyce
Aug 28/25 - V1 sent to Province"
Public Cloud MCS OpenShift Project (ROSA),88,token overlap 2/5; hint matched: openshift,CR-CAP-069 Redhat OpenShift MCS Servers,228,V2,CSBC,2025-08-29,2025-09-09,12,8,Next day after: Aug 28/25 - V1 sent to Province,Sept 9/25 - V2 rec'd; with Joyce,"Lori: please confirm this project/SCO mapping. This is an educated guess: ""Public Cloud MCS OpenShift Project (ROSA)"" -> ""CR-CAP-069 Redhat OpenShift MCS Servers"" (token overlap 2/5; hint matched: openshift, score 88).","Sept 17/25 - V5 sent to Province
Sept 16/25 - V4 rec'd
Sept 10/25 - V3 sent to Province
Sept 9/25 - V2 rec'd; with Joyce
Aug 28/25 - V1 sent to Province"
Public Cloud MCS OpenShift Project (ROSA),88,token overlap 2/5; hint matched: openshift,CR-CAP-069 Redhat OpenShift MCS Servers,228,V3,ADSL,2025-09-10,2025-09-10,1,1,Next day after: Sept 9/25 - V2 rec'd; with Joyce,Sept 10/25 - V3 sent to Province,"Lori: please confirm this project/SCO mapping. This is an educated guess: ""Public Cloud MCS OpenShift Project (ROSA)"" -> ""CR-CAP-069 Redhat OpenShift MCS Servers"" (token overlap 2/5; hint matched: openshift, score 88).","Sept 17/25 - V5 sent to Province
Sept 16/25 - V4 rec'd
Sept 10/25 - V3 sent to Province
Sept 9/25 - V2 rec'd; with Joyce
Aug 28/25 - V1 sent to Province"
Public Cloud MCS OpenShift Project (ROSA),88,token overlap 2/5; hint matched: openshift,CR-CAP-069 Redhat OpenShift MCS Servers,228,V4,CSBC,2025-09-11,2025-09-16,6,4,Next day after: Sept 10/25 - V3 sent to Province,Sept 16/25 - V4 rec'd,"Lori: please confirm this project/SCO mapping. This is an educated guess: ""Public Cloud MCS OpenShift Project (ROSA)"" -> ""CR-CAP-069 Redhat OpenShift MCS Servers"" (token overlap 2/5; hint matched: openshift, score 88).","Sept 17/25 - V5 sent to Province
Sept 16/25 - V4 rec'd
Sept 10/25 - V3 sent to Province
Sept 9/25 - V2 rec'd; with Joyce
Aug 28/25 - V1 sent to Province"
Public Cloud MCS OpenShift Project (ROSA),88,token overlap 2/5; hint matched: openshift,CR-CAP-069 Redhat OpenShift MCS Servers,228,V5,ADSL,2025-09-17,2025-09-17,1,1,Next day after: Sept 16/25 - V4 rec'd,Sept 17/25 - V5 sent to Province,"Lori: please confirm this project/SCO mapping. This is an educated guess: ""Public Cloud MCS OpenShift Project (ROSA)"" -> ""CR-CAP-069 Redhat OpenShift MCS Servers"" (token overlap 2/5; hint matched: openshift, score 88).","Sept 17/25 - V5 sent to Province
Sept 16/25 - V4 rec'd
Sept 10/25 - V3 sent to Province
Sept 9/25 - V2 rec'd; with Joyce
Aug 28/25 - V1 sent to Province"
Public Cloud MCS OpenShift Project (ROSA),88,token overlap 1/5; hint matched: openshift,CR-CAP-071 Openshift F5 License Mntc,230,V1,ADSL,2025-09-02,2025-09-02,1,1,Sept 2/25 - V1 sent to Province,Sept 2/25 - V1 sent to Province,"Lori: please confirm this project/SCO mapping. This is an educated guess: ""Public Cloud MCS OpenShift Project (ROSA)"" -> ""CR-CAP-071 Openshift F5 License Mntc"" (token overlap 1/5; hint matched: openshift, score 88).","Sept 16/25 - Adobe Sign
Sept 10/25 - V3 sent to Province
Sept 9/25 - V2.1 rec'd; with Nicole
Sept 2/25 - V1 sent to Province"
Public Cloud MCS OpenShift Project (ROSA),88,token overlap 1/5; hint matched: openshift,CR-CAP-071 Openshift F5 License Mntc,230,V2.1,CSBC,2025-09-03,2025-09-09,7,5,Next day after: Sept 2/25 - V1 sent to Province,Sept 9/25 - V2.1 rec'd; with Nicole,"Lori: please confirm this project/SCO mapping. This is an educated guess: ""Public Cloud MCS OpenShift Project (ROSA)"" -> ""CR-CAP-071 Openshift F5 License Mntc"" (token overlap 1/5; hint matched: openshift, score 88).","Sept 16/25 - Adobe Sign
Sept 10/25 - V3 sent to Province
Sept 9/25 - V2.1 rec'd; with Nicole
Sept 2/25 - V1 sent to Province"
Public Cloud MCS OpenShift Project (ROSA),88,token overlap 1/5; hint matched: openshift,CR-CAP-071 Openshift F5 License Mntc,230,V3,ADSL,2025-09-10,2025-09-10,1,1,Next day after: Sept 9/25 - V2.1 rec'd; with Nicole,Sept 10/25 - V3 sent to Province,"Lori: please confirm this project/SCO mapping. This is an educated guess: ""Public Cloud MCS OpenShift Project (ROSA)"" -> ""CR-CAP-071 Openshift F5 License Mntc"" (token overlap 1/5; hint matched: openshift, score 88).","Sept 16/25 - Adobe Sign
Sept 10/25 - V3 sent to Province
Sept 9/25 - V2.1 rec'd; with Nicole
Sept 2/25 - V1 sent to Province"
Public Cloud MCS OpenShift Project (ROSA),88,token overlap 1/5; hint matched: openshift,CR-CAP-071 Openshift F5 License Mntc,230,V3,SIGNINGTIME,2025-09-16,2025-09-16,1,1,Sept 16/25 - Adobe Sign,Sept 16/25 - Adobe Sign,"Lori: please confirm this project/SCO mapping. This is an educated guess: ""Public Cloud MCS OpenShift Project (ROSA)"" -> ""CR-CAP-071 Openshift F5 License Mntc"" (token overlap 1/5; hint matched: openshift, score 88).","Sept 16/25 - Adobe Sign
Sept 10/25 - V3 sent to Province
Sept 9/25 - V2.1 rec'd; with Nicole
Sept 2/25 - V1 sent to Province"
Public Cloud MCS OpenShift Project (ROSA),88,token overlap 2/5; hint matched: mcs openshift; hint matched: openshift,CR-CAP-073 MCS OpenShift Custom HW,232,V1,ADSL,2025-08-28,2025-09-03,7,5,Aug 28/25 - with Cathy / Bruce,Sept 3/25 - V1 sent to Province,"Lori: please confirm this project/SCO mapping. This is an educated guess: ""Public Cloud MCS OpenShift Project (ROSA)"" -> ""CR-CAP-073 MCS OpenShift Custom HW"" (token overlap 2/5; hint matched: mcs openshift; hint matched: openshift, score 88).","Oct 23/25 - V2 rec'd; V3 and V3.1 sent to Province; Adobe Sign
Oct 20/25 - V1.1 sent to Province
Oct 15/25 - Sam to confirm if new quotes correct
Sept 23/25 - Province asked some clarifying questions around the ordering of this proposed hardware
Sept 9/25 - on hold; Sam reviewing port counts which may change
Sept 3/25 - V1 sent to Province
Aug 28/25 - with Cathy / Bruce"
Public Cloud MCS OpenShift Project (ROSA),88,token overlap 2/5; hint matched: mcs openshift; hint matched: openshift,CR-CAP-073 MCS OpenShift Custom HW,232,V2,CSBC,2025-09-04,2025-09-09,6,4,Next day after: Sept 3/25 - V1 sent to Province,Sept 9/25 - on hold; Sam reviewing port counts which may change,"Lori: inferred handoff to ADSL from internal ADSL work line; please confirm. Lori: please confirm this project/SCO mapping. This is an educated guess: ""Public Cloud MCS OpenShift Project (ROSA)"" -> ""CR-CAP-073 MCS OpenShift Custom HW"" (token overlap 2/5; hint matched: mcs openshift; hint matched: openshift, score 88).","Oct 23/25 - V2 rec'd; V3 and V3.1 sent to Province; Adobe Sign
Oct 20/25 - V1.1 sent to Province
Oct 15/25 - Sam to confirm if new quotes correct
Sept 23/25 - Province asked some clarifying questions around the ordering of this proposed hardware
Sept 9/25 - on hold; Sam reviewing port counts which may change
Sept 3/25 - V1 sent to Province
Aug 28/25 - with Cathy / Bruce"
Public Cloud MCS OpenShift Project (ROSA),88,token overlap 2/5; hint matched: mcs openshift; hint matched: openshift,CR-CAP-073 MCS OpenShift Custom HW,232,V3,ADSL,2025-09-09,2025-10-20,42,30,Sept 9/25 - on hold; Sam reviewing port counts which may change,Oct 20/25 - V1.1 sent to Province,"Lori: please confirm this project/SCO mapping. This is an educated guess: ""Public Cloud MCS OpenShift Project (ROSA)"" -> ""CR-CAP-073 MCS OpenShift Custom HW"" (token overlap 2/5; hint matched: mcs openshift; hint matched: openshift, score 88).","Oct 23/25 - V2 rec'd; V3 and V3.1 sent to Province; Adobe Sign
Oct 20/25 - V1.1 sent to Province
Oct 15/25 - Sam to confirm if new quotes correct
Sept 23/25 - Province asked some clarifying questions around the ordering of this proposed hardware
Sept 9/25 - on hold; Sam reviewing port counts which may change
Sept 3/25 - V1 sent to Province
Aug 28/25 - with Cathy / Bruce"
Public Cloud MCS OpenShift Project (ROSA),88,token overlap 2/5; hint matched: mcs openshift; hint matched: openshift,CR-CAP-073 MCS OpenShift Custom HW,232,V1.1,ADSL,2025-10-20,2025-10-20,1,1,Oct 20/25 - V1.1 sent to Province,Oct 20/25 - V1.1 sent to Province,"Lori: please confirm this project/SCO mapping. This is an educated guess: ""Public Cloud MCS OpenShift Project (ROSA)"" -> ""CR-CAP-073 MCS OpenShift Custom HW"" (token overlap 2/5; hint matched: mcs openshift; hint matched: openshift, score 88).","Oct 23/25 - V2 rec'd; V3 and V3.1 sent to Province; Adobe Sign
Oct 20/25 - V1.1 sent to Province
Oct 15/25 - Sam to confirm if new quotes correct
Sept 23/25 - Province asked some clarifying questions around the ordering of this proposed hardware
Sept 9/25 - on hold; Sam reviewing port counts which may change
Sept 3/25 - V1 sent to Province
Aug 28/25 - with Cathy / Bruce"
Public Cloud MCS OpenShift Project (ROSA),88,token overlap 2/5; hint matched: mcs openshift; hint matched: openshift,CR-CAP-073 MCS OpenShift Custom HW,232,V1.1,SIGNINGTIME,2025-10-23,2025-10-23,1,1,Oct 23/25 - V2 rec'd; V3 and V3.1 sent to Province; Adobe Sign,Oct 23/25 - V2 rec'd; V3 and V3.1 sent to Province; Adobe Sign,"Lori: please confirm this project/SCO mapping. This is an educated guess: ""Public Cloud MCS OpenShift Project (ROSA)"" -> ""CR-CAP-073 MCS OpenShift Custom HW"" (token overlap 2/5; hint matched: mcs openshift; hint matched: openshift, score 88).","Oct 23/25 - V2 rec'd; V3 and V3.1 sent to Province; Adobe Sign
Oct 20/25 - V1.1 sent to Province
Oct 15/25 - Sam to confirm if new quotes correct
Sept 23/25 - Province asked some clarifying questions around the ordering of this proposed hardware
Sept 9/25 - on hold; Sam reviewing port counts which may change
Sept 3/25 - V1 sent to Province
Aug 28/25 - with Cathy / Bruce"
Public Cloud MCS OpenShift Project (ROSA),88,token overlap 2/5; hint matched: openshift,CR-CAP-074 Redhat OpenShift MCS Srvrs,233,V1,ADSL,2025-09-17,2025-09-18,2,2,Sept 17/25 - with Tyler,Sept 18/25 - V1 sent to Province,"Lori: please confirm this project/SCO mapping. This is an educated guess: ""Public Cloud MCS OpenShift Project (ROSA)"" -> ""CR-CAP-074 Redhat OpenShift MCS Srvrs"" (token overlap 2/5; hint matched: openshift, score 88).","Sept 26/25 - Adobe Sign
Sept 18/25 - V1 sent to Province
Sept 17/25 - with Tyler"
Public Cloud MCS OpenShift Project (ROSA),88,token overlap 2/5; hint matched: openshift,CR-CAP-074 Redhat OpenShift MCS Srvrs,233,V1,SIGNINGTIME,2025-09-26,2025-09-26,1,1,Sept 26/25 - Adobe Sign,Sept 26/25 - Adobe Sign,"Lori: please confirm this project/SCO mapping. This is an educated guess: ""Public Cloud MCS OpenShift Project (ROSA)"" -> ""CR-CAP-074 Redhat OpenShift MCS Srvrs"" (token overlap 2/5; hint matched: openshift, score 88).","Sept 26/25 - Adobe Sign
Sept 18/25 - V1 sent to Province
Sept 17/25 - with Tyler"
Public Cloud MCS OpenShift Project (ROSA),88,token overlap 2/5; hint matched: openshift,CR-CAP-078 Redhat OpenShift MCS Srvrs,237,V1,ADSL,2025-09-29,2025-10-01,3,3,Sept 29/25 - with Tyler,Oct 1/25 - V1 sent to Province,"Lori: please confirm this project/SCO mapping. This is an educated guess: ""Public Cloud MCS OpenShift Project (ROSA)"" -> ""CR-CAP-078 Redhat OpenShift MCS Srvrs"" (token overlap 2/5; hint matched: openshift, score 88).","Oct 23/25 - quote rec'd; with Chris for PR
Oct 22/25 - approved for signing; quote requested
Oct 15/25 - V3 sent to Province (upgrade removed)
Oct 14/25 - V2 rec'd
Oct 1/25 - V1 sent to Province
Sept 29/25 - with Tyler"
Public Cloud MCS OpenShift Project (ROSA),88,token overlap 2/5; hint matched: openshift,CR-CAP-078 Redhat OpenShift MCS Srvrs,237,V2,CSBC,2025-10-02,2025-10-14,13,9,Next day after: Oct 1/25 - V1 sent to Province,Oct 14/25 - V2 rec'd,"Lori: please confirm this project/SCO mapping. This is an educated guess: ""Public Cloud MCS OpenShift Project (ROSA)"" -> ""CR-CAP-078 Redhat OpenShift MCS Srvrs"" (token overlap 2/5; hint matched: openshift, score 88).","Oct 23/25 - quote rec'd; with Chris for PR
Oct 22/25 - approved for signing; quote requested
Oct 15/25 - V3 sent to Province (upgrade removed)
Oct 14/25 - V2 rec'd
Oct 1/25 - V1 sent to Province
Sept 29/25 - with Tyler"
Public Cloud MCS OpenShift Project (ROSA),88,token overlap 2/5; hint matched: openshift,CR-CAP-078 Redhat OpenShift MCS Srvrs,237,V3,ADSL,2025-10-15,2025-10-15,1,1,Next day after: Oct 14/25 - V2 rec'd,Oct 15/25 - V3 sent to Province (upgrade removed),"Lori: please confirm this project/SCO mapping. This is an educated guess: ""Public Cloud MCS OpenShift Project (ROSA)"" -> ""CR-CAP-078 Redhat OpenShift MCS Srvrs"" (token overlap 2/5; hint matched: openshift, score 88).","Oct 23/25 - quote rec'd; with Chris for PR
Oct 22/25 - approved for signing; quote requested
Oct 15/25 - V3 sent to Province (upgrade removed)
Oct 14/25 - V2 rec'd
Oct 1/25 - V1 sent to Province
Sept 29/25 - with Tyler"
Public Cloud MCS OpenShift Project (ROSA),88,token overlap 2/5; hint matched: openshift,CR-CAP-078 Redhat OpenShift MCS Srvrs,237,V4,CSBC,2025-10-16,2025-10-23,8,6,Next day after: Oct 15/25 - V3 sent to Province (upgrade removed),Oct 23/25 - quote rec'd; with Chris for PR,"Lori: please confirm this project/SCO mapping. This is an educated guess: ""Public Cloud MCS OpenShift Project (ROSA)"" -> ""CR-CAP-078 Redhat OpenShift MCS Srvrs"" (token overlap 2/5; hint matched: openshift, score 88).","Oct 23/25 - quote rec'd; with Chris for PR
Oct 22/25 - approved for signing; quote requested
Oct 15/25 - V3 sent to Province (upgrade removed)
Oct 14/25 - V2 rec'd
Oct 1/25 - V1 sent to Province
Sept 29/25 - with Tyler"
Public Cloud MCS OpenShift Project (ROSA),88,token overlap 1/5; hint matched: openshift,SCO-PROV-755 Openshift F5 License Mntc,133,V1,ADSL,2025-07-28,2025-07-30,3,3,July 28/25 - with Cathy,July 30/25 - V1 sent to Province,"Lori: please confirm this project/SCO mapping. This is an educated guess: ""Public Cloud MCS OpenShift Project (ROSA)"" -> ""SCO-PROV-755 Openshift F5 License Mntc"" (token overlap 1/5; hint matched: openshift, score 88).","Sept 2/25 - V1.1 sent to Province 
July 30/25 - V1 sent to Province
July 28/25 - with Cathy"
Public Cloud MCS OpenShift Project (ROSA),88,token overlap 1/5; hint matched: openshift,SCO-PROV-755 Openshift F5 License Mntc,133,V2,CSBC,2025-07-31,2025-09-02,34,24,Next day after: July 30/25 - V1 sent to Province,Sept 2/25 - V1.1 sent to Province,"Lori: please confirm this project/SCO mapping. This is an educated guess: ""Public Cloud MCS OpenShift Project (ROSA)"" -> ""SCO-PROV-755 Openshift F5 License Mntc"" (token overlap 1/5; hint matched: openshift, score 88).","Sept 2/25 - V1.1 sent to Province 
July 30/25 - V1 sent to Province
July 28/25 - with Cathy"
Public Cloud MCS OpenShift Project (ROSA),88,token overlap 1/5; hint matched: openshift,SCO-PROV-755 Openshift F5 License Mntc,133,V1.1,ADSL,2025-09-02,2025-09-02,1,1,Sept 2/25 - V1.1 sent to Province,Sept 2/25 - V1.1 sent to Province,"Lori: please confirm this project/SCO mapping. This is an educated guess: ""Public Cloud MCS OpenShift Project (ROSA)"" -> ""SCO-PROV-755 Openshift F5 License Mntc"" (token overlap 1/5; hint matched: openshift, score 88).","Sept 2/25 - V1.1 sent to Province 
July 30/25 - V1 sent to Province
July 28/25 - with Cathy"
Public Cloud MCS OpenShift Project (ROSA),88,token overlap 1/5; hint matched: openshift,SCO-PROV-765 GPU Enablement on Openshift Pilot,146,V1,ADSL,2025-11-03,2025-11-24,22,16,Nov 3/25 - hold for further changes to SOW,Nov 24/25 - V1 sent to Province,"Lori: please confirm this project/SCO mapping. This is an educated guess: ""Public Cloud MCS OpenShift Project (ROSA)"" -> ""SCO-PROV-765 GPU Enablement on Openshift Pilot"" (token overlap 1/5; hint matched: openshift, score 88).","Dec 10/25 - Adobe Sign
Dec 9/25 - V2 rec'd; V3 sent to Province
Nov 24/25 - V1 sent to Province
Nov 13/25 - with Rian / Cathy
Nov 4/25 - early start approved by Emma 
Nov 3/25 - hold for further changes to SOW"
Public Cloud MCS OpenShift Project (ROSA),88,token overlap 1/5; hint matched: openshift,SCO-PROV-765 GPU Enablement on Openshift Pilot,146,V2,CSBC,2025-11-25,2025-12-09,15,11,Next day after: Nov 24/25 - V1 sent to Province,Dec 9/25 - V2 rec'd; V3 sent to Province,"Lori: please confirm this project/SCO mapping. This is an educated guess: ""Public Cloud MCS OpenShift Project (ROSA)"" -> ""SCO-PROV-765 GPU Enablement on Openshift Pilot"" (token overlap 1/5; hint matched: openshift, score 88).","Dec 10/25 - Adobe Sign
Dec 9/25 - V2 rec'd; V3 sent to Province
Nov 24/25 - V1 sent to Province
Nov 13/25 - with Rian / Cathy
Nov 4/25 - early start approved by Emma 
Nov 3/25 - hold for further changes to SOW"
Public Cloud MCS OpenShift Project (ROSA),88,token overlap 1/5; hint matched: openshift,SCO-PROV-765 GPU Enablement on Openshift Pilot,146,V2,SIGNINGTIME,2025-12-10,2025-12-10,1,1,Dec 10/25 - Adobe Sign,Dec 10/25 - Adobe Sign,"Lori: please confirm this project/SCO mapping. This is an educated guess: ""Public Cloud MCS OpenShift Project (ROSA)"" -> ""SCO-PROV-765 GPU Enablement on Openshift Pilot"" (token overlap 1/5; hint matched: openshift, score 88).","Dec 10/25 - Adobe Sign
Dec 9/25 - V2 rec'd; V3 sent to Province
Nov 24/25 - V1 sent to Province
Nov 13/25 - with Rian / Cathy
Nov 4/25 - early start approved by Emma 
Nov 3/25 - hold for further changes to SOW"
RTMC Remediation Project,74,token overlap 1/2; hint matched: rtmc,CR-CAP-103 RTMC Media Server,262,V1,ADSL,2025-12-24,2025-12-29,6,4,"Dec 24/25 - Joyce reviewed, with Tyler, with Sian",Dec 29/25 - V1 sent to Province,"Lori: please confirm this project/SCO mapping. This is an educated guess: ""RTMC Remediation Project"" -> ""CR-CAP-103 RTMC Media Server"" (token overlap 1/2; hint matched: rtmc, score 74).","Jan 23/26 - Adobe Sign
Jan 22/26 - approved for signing; With Sam for PR
Jan 13/26 - V2 rec'd; V3 sent to Province
Dec 29/25 - V1 sent to Province
Dec 24/25 - Joyce reviewed, with Tyler, with Sian"
RTMC Remediation Project,74,token overlap 1/2; hint matched: rtmc,CR-CAP-103 RTMC Media Server,262,V2,CSBC,2025-12-30,2026-01-13,15,11,Next day after: Dec 29/25 - V1 sent to Province,Jan 13/26 - V2 rec'd; V3 sent to Province,"Lori: please confirm this project/SCO mapping. This is an educated guess: ""RTMC Remediation Project"" -> ""CR-CAP-103 RTMC Media Server"" (token overlap 1/2; hint matched: rtmc, score 74).","Jan 23/26 - Adobe Sign
Jan 22/26 - approved for signing; With Sam for PR
Jan 13/26 - V2 rec'd; V3 sent to Province
Dec 29/25 - V1 sent to Province
Dec 24/25 - Joyce reviewed, with Tyler, with Sian"
RTMC Remediation Project,74,token overlap 1/2; hint matched: rtmc,CR-CAP-103 RTMC Media Server,262,V2,SIGNINGTIME,2026-01-23,2026-01-23,1,1,Jan 23/26 - Adobe Sign,Jan 23/26 - Adobe Sign,"Lori: please confirm this project/SCO mapping. This is an educated guess: ""RTMC Remediation Project"" -> ""CR-CAP-103 RTMC Media Server"" (token overlap 1/2; hint matched: rtmc, score 74).","Jan 23/26 - Adobe Sign
Jan 22/26 - approved for signing; With Sam for PR
Jan 13/26 - V2 rec'd; V3 sent to Province
Dec 29/25 - V1 sent to Province
Dec 24/25 - Joyce reviewed, with Tyler, with Sian"
RTMC Remediation Project,74,token overlap 1/2; hint matched: rtmc,SCO-PROV-479 Amend SCO-453 RTMC PS Remed,23,V1,ADSL,2023-01-09,2023-01-10,2,2,Jan 9/23 - With Sian,Jan 10/23 - V1 Sent to Province,"Lori: please confirm this project/SCO mapping. This is an educated guess: ""RTMC Remediation Project"" -> ""SCO-PROV-479 Amend SCO-453 RTMC PS Remed"" (token overlap 1/2; hint matched: rtmc, score 74).","Feb 9/23 - Signed
Feb 8/23 - With Province for signature
Feb 8/23 - With Sian for signature approval
Feb 7/23 - V4 sent to Province
Feb 3/23 - Province question with Sharon
Jan 31/23 - V3 sent to Province
Jan 31/23 - Followed up with Sharon
Jan 25/23 - Sent Sharon T to answer question
Jan 20/23 - Sent to Sian
Jan 20/23 - Province sent V2 back with a Q
Jan 10/23 - V1 Sent to Province
Jan 9/23 - With Sian"
RTMC Remediation Project,74,token overlap 1/2; hint matched: rtmc,SCO-PROV-479 Amend SCO-453 RTMC PS Remed,23,V2,CSBC,2023-01-11,2023-01-20,10,8,Next day after: Jan 10/23 - V1 Sent to Province,Jan 20/23 - Sent to Sian,"Lori: inferred handoff to ADSL from internal ADSL work line; please confirm. Lori: please confirm this project/SCO mapping. This is an educated guess: ""RTMC Remediation Project"" -> ""SCO-PROV-479 Amend SCO-453 RTMC PS Remed"" (token overlap 1/2; hint matched: rtmc, score 74).","Feb 9/23 - Signed
Feb 8/23 - With Province for signature
Feb 8/23 - With Sian for signature approval
Feb 7/23 - V4 sent to Province
Feb 3/23 - Province question with Sharon
Jan 31/23 - V3 sent to Province
Jan 31/23 - Followed up with Sharon
Jan 25/23 - Sent Sharon T to answer question
Jan 20/23 - Sent to Sian
Jan 20/23 - Province sent V2 back with a Q
Jan 10/23 - V1 Sent to Province
Jan 9/23 - With Sian"
RTMC Remediation Project,74,token overlap 1/2; hint matched: rtmc,SCO-PROV-479 Amend SCO-453 RTMC PS Remed,23,V3,ADSL,2023-01-21,2023-01-31,11,7,Next day after: Jan 20/23 - Province sent V2 back with a Q,Jan 31/23 - V3 sent to Province,"Lori: please confirm this project/SCO mapping. This is an educated guess: ""RTMC Remediation Project"" -> ""SCO-PROV-479 Amend SCO-453 RTMC PS Remed"" (token overlap 1/2; hint matched: rtmc, score 74).","Feb 9/23 - Signed
Feb 8/23 - With Province for signature
Feb 8/23 - With Sian for signature approval
Feb 7/23 - V4 sent to Province
Feb 3/23 - Province question with Sharon
Jan 31/23 - V3 sent to Province
Jan 31/23 - Followed up with Sharon
Jan 25/23 - Sent Sharon T to answer question
Jan 20/23 - Sent to Sian
Jan 20/23 - Province sent V2 back with a Q
Jan 10/23 - V1 Sent to Province
Jan 9/23 - With Sian"
RTMC Remediation Project,74,token overlap 1/2; hint matched: rtmc,SCO-PROV-479 Amend SCO-453 RTMC PS Remed,23,V4,ADSL,2023-02-01,2023-02-07,7,5,Next day after: Jan 31/23 - V3 sent to Province,Feb 7/23 - V4 sent to Province,"Lori: please confirm this project/SCO mapping. This is an educated guess: ""RTMC Remediation Project"" -> ""SCO-PROV-479 Amend SCO-453 RTMC PS Remed"" (token overlap 1/2; hint matched: rtmc, score 74).","Feb 9/23 - Signed
Feb 8/23 - With Province for signature
Feb 8/23 - With Sian for signature approval
Feb 7/23 - V4 sent to Province
Feb 3/23 - Province question with Sharon
Jan 31/23 - V3 sent to Province
Jan 31/23 - Followed up with Sharon
Jan 25/23 - Sent Sharon T to answer question
Jan 20/23 - Sent to Sian
Jan 20/23 - Province sent V2 back with a Q
Jan 10/23 - V1 Sent to Province
Jan 9/23 - With Sian"
RTMC Remediation Project,74,token overlap 1/2; hint matched: rtmc,SCO-PROV-479 Amend SCO-453 RTMC PS Remed,23,V4,SIGNINGTIME,2023-02-08,2023-02-09,2,2,Feb 8/23 - With Province for signature,Feb 9/23 - Signed,"Lori: please confirm this project/SCO mapping. This is an educated guess: ""RTMC Remediation Project"" -> ""SCO-PROV-479 Amend SCO-453 RTMC PS Remed"" (token overlap 1/2; hint matched: rtmc, score 74).","Feb 9/23 - Signed
Feb 8/23 - With Province for signature
Feb 8/23 - With Sian for signature approval
Feb 7/23 - V4 sent to Province
Feb 3/23 - Province question with Sharon
Jan 31/23 - V3 sent to Province
Jan 31/23 - Followed up with Sharon
Jan 25/23 - Sent Sharon T to answer question
Jan 20/23 - Sent to Sian
Jan 20/23 - Province sent V2 back with a Q
Jan 10/23 - V1 Sent to Province
Jan 9/23 - With Sian"
SDN Release 4,100,token overlap 1/1,CR-CAP-088 SDN SW Mtc 26-27 (ReSTNSX),248,V1,ADSL,2025-11-21,2025-11-27,7,5,Nov 21/25 - with Cathy,Nov 27/25 - V1 sent to Province,,"Dec 10/25 - Adobe Sign
Nov 27/25 - V1 sent to Province
Nov 26/25 - approved to submit; waiting for new quote
Nov 25/25 - with Sian
Nov 24/25 - with Tyler
Nov 21/25 - with Cathy"
SDN Release 4,100,token overlap 1/1,CR-CAP-088 SDN SW Mtc 26-27 (ReSTNSX),248,V1,SIGNINGTIME,2025-12-10,2025-12-10,1,1,Dec 10/25 - Adobe Sign,Dec 10/25 - Adobe Sign,,"Dec 10/25 - Adobe Sign
Nov 27/25 - V1 sent to Province
Nov 26/25 - approved to submit; waiting for new quote
Nov 25/25 - with Sian
Nov 24/25 - with Tyler
Nov 21/25 - with Cathy"
SDN Release 4,100,token overlap 1/1,CR-CAP-127 SDN Infoblox Software Licensing Renewal,284,V1,ADSL,2026-03-03,2026-03-03,1,1,Mar 3/26 - V1 sent to Province,Mar 3/26 - V1 sent to Province,,"Mar 13/26 - V2 rec'd; V3 sent to Province; Adobe Sign
Mar 3/26 - V1 sent to Province"
SDN Release 4,100,token overlap 1/1,CR-CAP-127 SDN Infoblox Software Licensing Renewal,284,V1,SIGNINGTIME,2026-03-13,2026-03-13,1,1,Mar 13/26 - V2 rec'd; V3 sent to Province; Adobe Sign,Mar 13/26 - V2 rec'd; V3 sent to Province; Adobe Sign,,"Mar 13/26 - V2 rec'd; V3 sent to Province; Adobe Sign
Mar 3/26 - V1 sent to Province"
SDN Release 4,100,token overlap 1/1,SCO-PROV-512 SDN Software 23-24,55,V1,ADSL,2023-04-25,2023-05-03,9,7,Apr 25/23 - V1 with Lori for review,May 3/23 V1 Sent to Province,,"Sept 26/23 - Completed
Sept 26/23 - Final set to Province
Sept 25/23 - Final with Sian for approval
Sept 22/23 - V8 back from Province with comment, emailed back
Sept 21/23 - V7 sent to Province
Sept 21/23 - V6 back from Province
Sept 18/23 - V5 sent to Province
Sept 18/23 - Followed up with Chris and Dan
Sept 14/23 - Followed up internally
Sept 6/23 - Question out to Dan/Chris
Aug 31/23 - Province sent v4.4, made adjustments, with Cathy/Lori for review
Aug 22/23 - With Province for review
Aug 21 /23 - Pending walk through with Province Aug 22
Aug 15/23 - Meeting with Province, ADSL has some takeaways prior to sending new version
Aug 9/23 - V4 back from Province, requested a meeting with them to clear up the questions
July 10/23 - V3 sent to Province
July 7/23 - With Cathy/Lori for review
July 7/23 - Cathy drafting new pricing table to reflect actuals
July 6/23 - Lori C. said to move this SCO along with the actual numbers that are in operations, and reconcule previous purchases/SCOs at a later date internally so we don't hold this SCO up - Sent note to Cathy to re-do the pricing table
July 6/23 - Followed up internally again - sent a spearate note to Lori C.
June 19/23 - Internal question followed up again
June 1/23 - Followed up with Chris
May 23/23 - Followed up with Chris
May 17/23 - With Chris and Cathy to review Province comments
May 11/23 - V2.1 back from Province
May 3/23 V1 Sent to Province
May 3/23 - With Sian
May 2/23 - Followed up
Apr 28/23 - Followed up
Apr 25/23 - V1 with Lori for review"
SDN Release 4,100,token overlap 1/1,SCO-PROV-512 SDN Software 23-24,55,V2.1,CSBC,2023-05-04,2023-05-11,8,6,Next day after: May 3/23 V1 Sent to Province,May 11/23 - V2.1 back from Province,,"Sept 26/23 - Completed
Sept 26/23 - Final set to Province
Sept 25/23 - Final with Sian for approval
Sept 22/23 - V8 back from Province with comment, emailed back
Sept 21/23 - V7 sent to Province
Sept 21/23 - V6 back from Province
Sept 18/23 - V5 sent to Province
Sept 18/23 - Followed up with Chris and Dan
Sept 14/23 - Followed up internally
Sept 6/23 - Question out to Dan/Chris
Aug 31/23 - Province sent v4.4, made adjustments, with Cathy/Lori for review
Aug 22/23 - With Province for review
Aug 21 /23 - Pending walk through with Province Aug 22
Aug 15/23 - Meeting with Province, ADSL has some takeaways prior to sending new version
Aug 9/23 - V4 back from Province, requested a meeting with them to clear up the questions
July 10/23 - V3 sent to Province
July 7/23 - With Cathy/Lori for review
July 7/23 - Cathy drafting new pricing table to reflect actuals
July 6/23 - Lori C. said to move this SCO along with the actual numbers that are in operations, and reconcule previous purchases/SCOs at a later date internally so we don't hold this SCO up - Sent note to Cathy to re-do the pricing table
July 6/23 - Followed up internally again - sent a spearate note to Lori C.
June 19/23 - Internal question followed up again
June 1/23 - Followed up with Chris
May 23/23 - Followed up with Chris
May 17/23 - With Chris and Cathy to review Province comments
May 11/23 - V2.1 back from Province
May 3/23 V1 Sent to Province
May 3/23 - With Sian
May 2/23 - Followed up
Apr 28/23 - Followed up
Apr 25/23 - V1 with Lori for review"
SDN Release 4,100,token overlap 1/1,SCO-PROV-512 SDN Software 23-24,55,V3,ADSL,2023-05-12,2023-07-10,60,42,Next day after: May 11/23 - V2.1 back from Province,July 10/23 - V3 sent to Province,,"Sept 26/23 - Completed
Sept 26/23 - Final set to Province
Sept 25/23 - Final with Sian for approval
Sept 22/23 - V8 back from Province with comment, emailed back
Sept 21/23 - V7 sent to Province
Sept 21/23 - V6 back from Province
Sept 18/23 - V5 sent to Province
Sept 18/23 - Followed up with Chris and Dan
Sept 14/23 - Followed up internally
Sept 6/23 - Question out to Dan/Chris
Aug 31/23 - Province sent v4.4, made adjustments, with Cathy/Lori for review
Aug 22/23 - With Province for review
Aug 21 /23 - Pending walk through with Province Aug 22
Aug 15/23 - Meeting with Province, ADSL has some takeaways prior to sending new version
Aug 9/23 - V4 back from Province, requested a meeting with them to clear up the questions
July 10/23 - V3 sent to Province
July 7/23 - With Cathy/Lori for review
July 7/23 - Cathy drafting new pricing table to reflect actuals
July 6/23 - Lori C. said to move this SCO along with the actual numbers that are in operations, and reconcule previous purchases/SCOs at a later date internally so we don't hold this SCO up - Sent note to Cathy to re-do the pricing table
July 6/23 - Followed up internally again - sent a spearate note to Lori C.
June 19/23 - Internal question followed up again
June 1/23 - Followed up with Chris
May 23/23 - Followed up with Chris
May 17/23 - With Chris and Cathy to review Province comments
May 11/23 - V2.1 back from Province
May 3/23 V1 Sent to Province
May 3/23 - With Sian
May 2/23 - Followed up
Apr 28/23 - Followed up
Apr 25/23 - V1 with Lori for review"
SDN Release 4,100,token overlap 1/1,SCO-PROV-512 SDN Software 23-24,55,V4,CSBC,2023-07-11,2023-08-09,30,22,Next day after: July 10/23 - V3 sent to Province,"Aug 9/23 - V4 back from Province, requested a meeting with them to clear up the questions",,"Sept 26/23 - Completed
Sept 26/23 - Final set to Province
Sept 25/23 - Final with Sian for approval
Sept 22/23 - V8 back from Province with comment, emailed back
Sept 21/23 - V7 sent to Province
Sept 21/23 - V6 back from Province
Sept 18/23 - V5 sent to Province
Sept 18/23 - Followed up with Chris and Dan
Sept 14/23 - Followed up internally
Sept 6/23 - Question out to Dan/Chris
Aug 31/23 - Province sent v4.4, made adjustments, with Cathy/Lori for review
Aug 22/23 - With Province for review
Aug 21 /23 - Pending walk through with Province Aug 22
Aug 15/23 - Meeting with Province, ADSL has some takeaways prior to sending new version
Aug 9/23 - V4 back from Province, requested a meeting with them to clear up the questions
July 10/23 - V3 sent to Province
July 7/23 - With Cathy/Lori for review
July 7/23 - Cathy drafting new pricing table to reflect actuals
July 6/23 - Lori C. said to move this SCO along with the actual numbers that are in operations, and reconcule previous purchases/SCOs at a later date internally so we don't hold this SCO up - Sent note to Cathy to re-do the pricing table
July 6/23 - Followed up internally again - sent a spearate note to Lori C.
June 19/23 - Internal question followed up again
June 1/23 - Followed up with Chris
May 23/23 - Followed up with Chris
May 17/23 - With Chris and Cathy to review Province comments
May 11/23 - V2.1 back from Province
May 3/23 V1 Sent to Province
May 3/23 - With Sian
May 2/23 - Followed up
Apr 28/23 - Followed up
Apr 25/23 - V1 with Lori for review"
SDN Release 4,100,token overlap 1/1,SCO-PROV-512 SDN Software 23-24,55,V5,ADSL,2023-08-10,2023-09-18,40,28,"Next day after: Aug 9/23 - V4 back from Province, requested a meeting with them to clear up the questions",Sept 18/23 - V5 sent to Province,,"Sept 26/23 - Completed
Sept 26/23 - Final set to Province
Sept 25/23 - Final with Sian for approval
Sept 22/23 - V8 back from Province with comment, emailed back
Sept 21/23 - V7 sent to Province
Sept 21/23 - V6 back from Province
Sept 18/23 - V5 sent to Province
Sept 18/23 - Followed up with Chris and Dan
Sept 14/23 - Followed up internally
Sept 6/23 - Question out to Dan/Chris
Aug 31/23 - Province sent v4.4, made adjustments, with Cathy/Lori for review
Aug 22/23 - With Province for review
Aug 21 /23 - Pending walk through with Province Aug 22
Aug 15/23 - Meeting with Province, ADSL has some takeaways prior to sending new version
Aug 9/23 - V4 back from Province, requested a meeting with them to clear up the questions
July 10/23 - V3 sent to Province
July 7/23 - With Cathy/Lori for review
July 7/23 - Cathy drafting new pricing table to reflect actuals
July 6/23 - Lori C. said to move this SCO along with the actual numbers that are in operations, and reconcule previous purchases/SCOs at a later date internally so we don't hold this SCO up - Sent note to Cathy to re-do the pricing table
July 6/23 - Followed up internally again - sent a spearate note to Lori C.
June 19/23 - Internal question followed up again
June 1/23 - Followed up with Chris
May 23/23 - Followed up with Chris
May 17/23 - With Chris and Cathy to review Province comments
May 11/23 - V2.1 back from Province
May 3/23 V1 Sent to Province
May 3/23 - With Sian
May 2/23 - Followed up
Apr 28/23 - Followed up
Apr 25/23 - V1 with Lori for review"
SDN Release 4,100,token overlap 1/1,SCO-PROV-512 SDN Software 23-24,55,V4.4,CSBC,2023-08-31,2023-09-18,19,13,"Aug 31/23 - Province sent v4.4, made adjustments, with Cathy/Lori for review",Sept 18/23 - V5 sent to Province,,"Sept 26/23 - Completed
Sept 26/23 - Final set to Province
Sept 25/23 - Final with Sian for approval
Sept 22/23 - V8 back from Province with comment, emailed back
Sept 21/23 - V7 sent to Province
Sept 21/23 - V6 back from Province
Sept 18/23 - V5 sent to Province
Sept 18/23 - Followed up with Chris and Dan
Sept 14/23 - Followed up internally
Sept 6/23 - Question out to Dan/Chris
Aug 31/23 - Province sent v4.4, made adjustments, with Cathy/Lori for review
Aug 22/23 - With Province for review
Aug 21 /23 - Pending walk through with Province Aug 22
Aug 15/23 - Meeting with Province, ADSL has some takeaways prior to sending new version
Aug 9/23 - V4 back from Province, requested a meeting with them to clear up the questions
July 10/23 - V3 sent to Province
July 7/23 - With Cathy/Lori for review
July 7/23 - Cathy drafting new pricing table to reflect actuals
July 6/23 - Lori C. said to move this SCO along with the actual numbers that are in operations, and reconcule previous purchases/SCOs at a later date internally so we don't hold this SCO up - Sent note to Cathy to re-do the pricing table
July 6/23 - Followed up internally again - sent a spearate note to Lori C.
June 19/23 - Internal question followed up again
June 1/23 - Followed up with Chris
May 23/23 - Followed up with Chris
May 17/23 - With Chris and Cathy to review Province comments
May 11/23 - V2.1 back from Province
May 3/23 V1 Sent to Province
May 3/23 - With Sian
May 2/23 - Followed up
Apr 28/23 - Followed up
Apr 25/23 - V1 with Lori for review"
SDN Release 4,100,token overlap 1/1,SCO-PROV-512 SDN Software 23-24,55,V6,CSBC,2023-09-19,2023-09-21,3,3,Next day after: Sept 18/23 - V5 sent to Province,Sept 21/23 - V7 sent to Province,,"Sept 26/23 - Completed
Sept 26/23 - Final set to Province
Sept 25/23 - Final with Sian for approval
Sept 22/23 - V8 back from Province with comment, emailed back
Sept 21/23 - V7 sent to Province
Sept 21/23 - V6 back from Province
Sept 18/23 - V5 sent to Province
Sept 18/23 - Followed up with Chris and Dan
Sept 14/23 - Followed up internally
Sept 6/23 - Question out to Dan/Chris
Aug 31/23 - Province sent v4.4, made adjustments, with Cathy/Lori for review
Aug 22/23 - With Province for review
Aug 21 /23 - Pending walk through with Province Aug 22
Aug 15/23 - Meeting with Province, ADSL has some takeaways prior to sending new version
Aug 9/23 - V4 back from Province, requested a meeting with them to clear up the questions
July 10/23 - V3 sent to Province
July 7/23 - With Cathy/Lori for review
July 7/23 - Cathy drafting new pricing table to reflect actuals
July 6/23 - Lori C. said to move this SCO along with the actual numbers that are in operations, and reconcule previous purchases/SCOs at a later date internally so we don't hold this SCO up - Sent note to Cathy to re-do the pricing table
July 6/23 - Followed up internally again - sent a spearate note to Lori C.
June 19/23 - Internal question followed up again
June 1/23 - Followed up with Chris
May 23/23 - Followed up with Chris
May 17/23 - With Chris and Cathy to review Province comments
May 11/23 - V2.1 back from Province
May 3/23 V1 Sent to Province
May 3/23 - With Sian
May 2/23 - Followed up
Apr 28/23 - Followed up
Apr 25/23 - V1 with Lori for review"
SDN Release 4,100,token overlap 1/1,SCO-PROV-512 SDN Software 23-24,55,V7,ADSL,2023-09-21,2023-09-21,1,1,Sept 21/23 - V7 sent to Province,Sept 21/23 - V7 sent to Province,,"Sept 26/23 - Completed
Sept 26/23 - Final set to Province
Sept 25/23 - Final with Sian for approval
Sept 22/23 - V8 back from Province with comment, emailed back
Sept 21/23 - V7 sent to Province
Sept 21/23 - V6 back from Province
Sept 18/23 - V5 sent to Province
Sept 18/23 - Followed up with Chris and Dan
Sept 14/23 - Followed up internally
Sept 6/23 - Question out to Dan/Chris
Aug 31/23 - Province sent v4.4, made adjustments, with Cathy/Lori for review
Aug 22/23 - With Province for review
Aug 21 /23 - Pending walk through with Province Aug 22
Aug 15/23 - Meeting with Province, ADSL has some takeaways prior to sending new version
Aug 9/23 - V4 back from Province, requested a meeting with them to clear up the questions
July 10/23 - V3 sent to Province
July 7/23 - With Cathy/Lori for review
July 7/23 - Cathy drafting new pricing table to reflect actuals
July 6/23 - Lori C. said to move this SCO along with the actual numbers that are in operations, and reconcule previous purchases/SCOs at a later date internally so we don't hold this SCO up - Sent note to Cathy to re-do the pricing table
July 6/23 - Followed up internally again - sent a spearate note to Lori C.
June 19/23 - Internal question followed up again
June 1/23 - Followed up with Chris
May 23/23 - Followed up with Chris
May 17/23 - With Chris and Cathy to review Province comments
May 11/23 - V2.1 back from Province
May 3/23 V1 Sent to Province
May 3/23 - With Sian
May 2/23 - Followed up
Apr 28/23 - Followed up
Apr 25/23 - V1 with Lori for review"
SDN Release 4,100,token overlap 1/1,SCO-PROV-512 SDN Software 23-24,55,V8,CSBC,2023-09-22,2023-09-22,1,1,Next day after: Sept 21/23 - V6 back from Province,"Sept 22/23 - V8 back from Province with comment, emailed back",,"Sept 26/23 - Completed
Sept 26/23 - Final set to Province
Sept 25/23 - Final with Sian for approval
Sept 22/23 - V8 back from Province with comment, emailed back
Sept 21/23 - V7 sent to Province
Sept 21/23 - V6 back from Province
Sept 18/23 - V5 sent to Province
Sept 18/23 - Followed up with Chris and Dan
Sept 14/23 - Followed up internally
Sept 6/23 - Question out to Dan/Chris
Aug 31/23 - Province sent v4.4, made adjustments, with Cathy/Lori for review
Aug 22/23 - With Province for review
Aug 21 /23 - Pending walk through with Province Aug 22
Aug 15/23 - Meeting with Province, ADSL has some takeaways prior to sending new version
Aug 9/23 - V4 back from Province, requested a meeting with them to clear up the questions
July 10/23 - V3 sent to Province
July 7/23 - With Cathy/Lori for review
July 7/23 - Cathy drafting new pricing table to reflect actuals
July 6/23 - Lori C. said to move this SCO along with the actual numbers that are in operations, and reconcule previous purchases/SCOs at a later date internally so we don't hold this SCO up - Sent note to Cathy to re-do the pricing table
July 6/23 - Followed up internally again - sent a spearate note to Lori C.
June 19/23 - Internal question followed up again
June 1/23 - Followed up with Chris
May 23/23 - Followed up with Chris
May 17/23 - With Chris and Cathy to review Province comments
May 11/23 - V2.1 back from Province
May 3/23 V1 Sent to Province
May 3/23 - With Sian
May 2/23 - Followed up
Apr 28/23 - Followed up
Apr 25/23 - V1 with Lori for review"
SDN Release 4,100,token overlap 1/1,SCO-PROV-512 SDN Software 23-24,55,V8,SIGNINGTIME,2023-09-26,2023-09-26,1,1,Sept 26/23 - Completed,Sept 26/23 - Completed,,"Sept 26/23 - Completed
Sept 26/23 - Final set to Province
Sept 25/23 - Final with Sian for approval
Sept 22/23 - V8 back from Province with comment, emailed back
Sept 21/23 - V7 sent to Province
Sept 21/23 - V6 back from Province
Sept 18/23 - V5 sent to Province
Sept 18/23 - Followed up with Chris and Dan
Sept 14/23 - Followed up internally
Sept 6/23 - Question out to Dan/Chris
Aug 31/23 - Province sent v4.4, made adjustments, with Cathy/Lori for review
Aug 22/23 - With Province for review
Aug 21 /23 - Pending walk through with Province Aug 22
Aug 15/23 - Meeting with Province, ADSL has some takeaways prior to sending new version
Aug 9/23 - V4 back from Province, requested a meeting with them to clear up the questions
July 10/23 - V3 sent to Province
July 7/23 - With Cathy/Lori for review
July 7/23 - Cathy drafting new pricing table to reflect actuals
July 6/23 - Lori C. said to move this SCO along with the actual numbers that are in operations, and reconcule previous purchases/SCOs at a later date internally so we don't hold this SCO up - Sent note to Cathy to re-do the pricing table
July 6/23 - Followed up internally again - sent a spearate note to Lori C.
June 19/23 - Internal question followed up again
June 1/23 - Followed up with Chris
May 23/23 - Followed up with Chris
May 17/23 - With Chris and Cathy to review Province comments
May 11/23 - V2.1 back from Province
May 3/23 V1 Sent to Province
May 3/23 - With Sian
May 2/23 - Followed up
Apr 28/23 - Followed up
Apr 25/23 - V1 with Lori for review"
SDN Release 4,100,project phrase appears; hint matched: sdn release 4; hint matched: release 4,SCO-PROV-515 SDN Release 4 Implementation,58,V5,SIGNINGTIME,2023-05-05,2023-08-23,111,79,"May 5/23 - SOW with Province who have asked for an early project start, so SCO number assigned so a WBS code can be created",Aug 23/23 - Complete,,"Aug 23/23 - Complete
Aug 21/23 - Province agreed to move to Final, with Sian
Aug 15/23 - V5 sent to Province
Aug 14/23 - V4 back from Province
Aug 9/23 - Rian talking to Emma
Aug 8/23 - Province responded with statement regarding SOWs not being ROM picing, internal convo needed, emailed Michelle
Aug 1/23 - V3 sent to Province
July 27/23 - V2 back from Province, question with Chris
July 14/23 - V1 sent to Province
July 14/23 - With Lori C. and Sian for approval
July 12/23 - Decision to remove licenses from this SCO and scribe them at a later date, with internal team for review
July 12/23 - SOW rec'd from vendor, internal review scheduled for today
July 10/23 - Cathy followed up with Vendor
July 6/23 - Cathy getting quotes from vendors 
June 23/23 - Michelle C following up with Vendor quotes
June 19/23 - Cathy emailed Chris to obtain vendor quotes for the external resources
June 19/23 - Followed up and scheduled an internal mtg 
June 15/23 - Draft started, emailed Chris/Cathy for the updated table 
June 13/23 - SOW Rel 4 approved
May 5/23 - SOW with Province who have asked for an early project start, so SCO number assigned so a WBS code can be created"
SDN Release 4,100,project phrase appears; hint matched: sdn release 4; hint matched: release 4,SCO-PROV-515 SDN Release 4 Implementation,58,V1,CSBC,2023-06-13,2023-07-12,30,22,June 13/23 - SOW Rel 4 approved,"July 12/23 - SOW rec'd from vendor, internal review scheduled for today",,"Aug 23/23 - Complete
Aug 21/23 - Province agreed to move to Final, with Sian
Aug 15/23 - V5 sent to Province
Aug 14/23 - V4 back from Province
Aug 9/23 - Rian talking to Emma
Aug 8/23 - Province responded with statement regarding SOWs not being ROM picing, internal convo needed, emailed Michelle
Aug 1/23 - V3 sent to Province
July 27/23 - V2 back from Province, question with Chris
July 14/23 - V1 sent to Province
July 14/23 - With Lori C. and Sian for approval
July 12/23 - Decision to remove licenses from this SCO and scribe them at a later date, with internal team for review
July 12/23 - SOW rec'd from vendor, internal review scheduled for today
July 10/23 - Cathy followed up with Vendor
July 6/23 - Cathy getting quotes from vendors 
June 23/23 - Michelle C following up with Vendor quotes
June 19/23 - Cathy emailed Chris to obtain vendor quotes for the external resources
June 19/23 - Followed up and scheduled an internal mtg 
June 15/23 - Draft started, emailed Chris/Cathy for the updated table 
June 13/23 - SOW Rel 4 approved
May 5/23 - SOW with Province who have asked for an early project start, so SCO number assigned so a WBS code can be created"
SDN Release 4,100,project phrase appears; hint matched: sdn release 4; hint matched: release 4,SCO-PROV-515 SDN Release 4 Implementation,58,V2,ADSL,2023-07-13,2023-07-14,2,2,"Next day after: July 12/23 - SOW rec'd from vendor, internal review scheduled for today",July 14/23 - V1 sent to Province,,"Aug 23/23 - Complete
Aug 21/23 - Province agreed to move to Final, with Sian
Aug 15/23 - V5 sent to Province
Aug 14/23 - V4 back from Province
Aug 9/23 - Rian talking to Emma
Aug 8/23 - Province responded with statement regarding SOWs not being ROM picing, internal convo needed, emailed Michelle
Aug 1/23 - V3 sent to Province
July 27/23 - V2 back from Province, question with Chris
July 14/23 - V1 sent to Province
July 14/23 - With Lori C. and Sian for approval
July 12/23 - Decision to remove licenses from this SCO and scribe them at a later date, with internal team for review
July 12/23 - SOW rec'd from vendor, internal review scheduled for today
July 10/23 - Cathy followed up with Vendor
July 6/23 - Cathy getting quotes from vendors 
June 23/23 - Michelle C following up with Vendor quotes
June 19/23 - Cathy emailed Chris to obtain vendor quotes for the external resources
June 19/23 - Followed up and scheduled an internal mtg 
June 15/23 - Draft started, emailed Chris/Cathy for the updated table 
June 13/23 - SOW Rel 4 approved
May 5/23 - SOW with Province who have asked for an early project start, so SCO number assigned so a WBS code can be created"
SDN Release 4,100,project phrase appears; hint matched: sdn release 4; hint matched: release 4,SCO-PROV-515 SDN Release 4 Implementation,58,V1,ADSL,2023-07-14,2023-07-14,1,1,July 14/23 - V1 sent to Province,July 14/23 - V1 sent to Province,,"Aug 23/23 - Complete
Aug 21/23 - Province agreed to move to Final, with Sian
Aug 15/23 - V5 sent to Province
Aug 14/23 - V4 back from Province
Aug 9/23 - Rian talking to Emma
Aug 8/23 - Province responded with statement regarding SOWs not being ROM picing, internal convo needed, emailed Michelle
Aug 1/23 - V3 sent to Province
July 27/23 - V2 back from Province, question with Chris
July 14/23 - V1 sent to Province
July 14/23 - With Lori C. and Sian for approval
July 12/23 - Decision to remove licenses from this SCO and scribe them at a later date, with internal team for review
July 12/23 - SOW rec'd from vendor, internal review scheduled for today
July 10/23 - Cathy followed up with Vendor
July 6/23 - Cathy getting quotes from vendors 
June 23/23 - Michelle C following up with Vendor quotes
June 19/23 - Cathy emailed Chris to obtain vendor quotes for the external resources
June 19/23 - Followed up and scheduled an internal mtg 
June 15/23 - Draft started, emailed Chris/Cathy for the updated table 
June 13/23 - SOW Rel 4 approved
May 5/23 - SOW with Province who have asked for an early project start, so SCO number assigned so a WBS code can be created"
SDN Release 4,100,project phrase appears; hint matched: sdn release 4; hint matched: release 4,SCO-PROV-515 SDN Release 4 Implementation,58,V2,CSBC,2023-07-15,2023-07-27,13,9,Next day after: July 14/23 - V1 sent to Province,"July 27/23 - V2 back from Province, question with Chris",,"Aug 23/23 - Complete
Aug 21/23 - Province agreed to move to Final, with Sian
Aug 15/23 - V5 sent to Province
Aug 14/23 - V4 back from Province
Aug 9/23 - Rian talking to Emma
Aug 8/23 - Province responded with statement regarding SOWs not being ROM picing, internal convo needed, emailed Michelle
Aug 1/23 - V3 sent to Province
July 27/23 - V2 back from Province, question with Chris
July 14/23 - V1 sent to Province
July 14/23 - With Lori C. and Sian for approval
July 12/23 - Decision to remove licenses from this SCO and scribe them at a later date, with internal team for review
July 12/23 - SOW rec'd from vendor, internal review scheduled for today
July 10/23 - Cathy followed up with Vendor
July 6/23 - Cathy getting quotes from vendors 
June 23/23 - Michelle C following up with Vendor quotes
June 19/23 - Cathy emailed Chris to obtain vendor quotes for the external resources
June 19/23 - Followed up and scheduled an internal mtg 
June 15/23 - Draft started, emailed Chris/Cathy for the updated table 
June 13/23 - SOW Rel 4 approved
May 5/23 - SOW with Province who have asked for an early project start, so SCO number assigned so a WBS code can be created"
SDN Release 4,100,project phrase appears; hint matched: sdn release 4; hint matched: release 4,SCO-PROV-515 SDN Release 4 Implementation,58,V3,ADSL,2023-07-28,2023-08-01,5,3,"Next day after: July 27/23 - V2 back from Province, question with Chris",Aug 1/23 - V3 sent to Province,,"Aug 23/23 - Complete
Aug 21/23 - Province agreed to move to Final, with Sian
Aug 15/23 - V5 sent to Province
Aug 14/23 - V4 back from Province
Aug 9/23 - Rian talking to Emma
Aug 8/23 - Province responded with statement regarding SOWs not being ROM picing, internal convo needed, emailed Michelle
Aug 1/23 - V3 sent to Province
July 27/23 - V2 back from Province, question with Chris
July 14/23 - V1 sent to Province
July 14/23 - With Lori C. and Sian for approval
July 12/23 - Decision to remove licenses from this SCO and scribe them at a later date, with internal team for review
July 12/23 - SOW rec'd from vendor, internal review scheduled for today
July 10/23 - Cathy followed up with Vendor
July 6/23 - Cathy getting quotes from vendors 
June 23/23 - Michelle C following up with Vendor quotes
June 19/23 - Cathy emailed Chris to obtain vendor quotes for the external resources
June 19/23 - Followed up and scheduled an internal mtg 
June 15/23 - Draft started, emailed Chris/Cathy for the updated table 
June 13/23 - SOW Rel 4 approved
May 5/23 - SOW with Province who have asked for an early project start, so SCO number assigned so a WBS code can be created"
SDN Release 4,100,project phrase appears; hint matched: sdn release 4; hint matched: release 4,SCO-PROV-515 SDN Release 4 Implementation,58,V4,CSBC,2023-08-02,2023-08-14,13,9,Next day after: Aug 1/23 - V3 sent to Province,Aug 14/23 - V4 back from Province,Lori: inferred handoff to ADSL from internal ADSL work line; please confirm.,"Aug 23/23 - Complete
Aug 21/23 - Province agreed to move to Final, with Sian
Aug 15/23 - V5 sent to Province
Aug 14/23 - V4 back from Province
Aug 9/23 - Rian talking to Emma
Aug 8/23 - Province responded with statement regarding SOWs not being ROM picing, internal convo needed, emailed Michelle
Aug 1/23 - V3 sent to Province
July 27/23 - V2 back from Province, question with Chris
July 14/23 - V1 sent to Province
July 14/23 - With Lori C. and Sian for approval
July 12/23 - Decision to remove licenses from this SCO and scribe them at a later date, with internal team for review
July 12/23 - SOW rec'd from vendor, internal review scheduled for today
July 10/23 - Cathy followed up with Vendor
July 6/23 - Cathy getting quotes from vendors 
June 23/23 - Michelle C following up with Vendor quotes
June 19/23 - Cathy emailed Chris to obtain vendor quotes for the external resources
June 19/23 - Followed up and scheduled an internal mtg 
June 15/23 - Draft started, emailed Chris/Cathy for the updated table 
June 13/23 - SOW Rel 4 approved
May 5/23 - SOW with Province who have asked for an early project start, so SCO number assigned so a WBS code can be created"
SDN Release 4,100,project phrase appears; hint matched: sdn release 4; hint matched: release 4,SCO-PROV-515 SDN Release 4 Implementation,58,V5,ADSL,2023-08-15,2023-08-15,1,1,Next day after: Aug 14/23 - V4 back from Province,Aug 15/23 - V5 sent to Province,,"Aug 23/23 - Complete
Aug 21/23 - Province agreed to move to Final, with Sian
Aug 15/23 - V5 sent to Province
Aug 14/23 - V4 back from Province
Aug 9/23 - Rian talking to Emma
Aug 8/23 - Province responded with statement regarding SOWs not being ROM picing, internal convo needed, emailed Michelle
Aug 1/23 - V3 sent to Province
July 27/23 - V2 back from Province, question with Chris
July 14/23 - V1 sent to Province
July 14/23 - With Lori C. and Sian for approval
July 12/23 - Decision to remove licenses from this SCO and scribe them at a later date, with internal team for review
July 12/23 - SOW rec'd from vendor, internal review scheduled for today
July 10/23 - Cathy followed up with Vendor
July 6/23 - Cathy getting quotes from vendors 
June 23/23 - Michelle C following up with Vendor quotes
June 19/23 - Cathy emailed Chris to obtain vendor quotes for the external resources
June 19/23 - Followed up and scheduled an internal mtg 
June 15/23 - Draft started, emailed Chris/Cathy for the updated table 
June 13/23 - SOW Rel 4 approved
May 5/23 - SOW with Province who have asked for an early project start, so SCO number assigned so a WBS code can be created"
SDN Release 4,100,token overlap 1/1,SCO-PROV-555 SDN SW R3b,78,V1,ADSL,2023-10-04,2023-10-05,2,2,Oct 4/23 - V1 with Cathy for review,Oct 5/23 - V1 sent to Province,,"Dec 6/23 - Complete
Dec 6/23 - Final sent to Province
Dec 6/23 - With Sian
Dec 5/23 - Province agreed to move to final
Nov 29/23 - Responses sent to Province 
Nov 14/23 - Province questions with Chris/Dan
Nov 7/23 - V4 sent to Province
Nov 7/23 - V4 with Cathy
Nov 2/23 - Asked Dan re: licenses
Oct 30/23 - Asked Chris S. info about licenses, he was unable to answer, need to wait for Dan D. he is back on Nov 1.
Oct 27/23 - Province asked question, answered
Oct 24/23 - Sent answer back to Province
Oct 23/23 - Question from Province
Oct 17/23 - V2 sent to Province
Oct 10/23 - Province asked question, would like to see revised table
Oct 5/23 - V1 sent to Province
Oct 4/23 - With Lori
Oct 4/23 - With Tyler
Oct 4/23 - V1 with Cathy for review"
SDN Release 4,100,token overlap 1/1,SCO-PROV-555 SDN SW R3b,78,V2,ADSL,2023-10-06,2023-10-17,12,8,Next day after: Oct 5/23 - V1 sent to Province,Oct 17/23 - V2 sent to Province,,"Dec 6/23 - Complete
Dec 6/23 - Final sent to Province
Dec 6/23 - With Sian
Dec 5/23 - Province agreed to move to final
Nov 29/23 - Responses sent to Province 
Nov 14/23 - Province questions with Chris/Dan
Nov 7/23 - V4 sent to Province
Nov 7/23 - V4 with Cathy
Nov 2/23 - Asked Dan re: licenses
Oct 30/23 - Asked Chris S. info about licenses, he was unable to answer, need to wait for Dan D. he is back on Nov 1.
Oct 27/23 - Province asked question, answered
Oct 24/23 - Sent answer back to Province
Oct 23/23 - Question from Province
Oct 17/23 - V2 sent to Province
Oct 10/23 - Province asked question, would like to see revised table
Oct 5/23 - V1 sent to Province
Oct 4/23 - With Lori
Oct 4/23 - With Tyler
Oct 4/23 - V1 with Cathy for review"
SDN Release 4,100,token overlap 1/1,SCO-PROV-555 SDN SW R3b,78,V3,CSBC,2023-10-18,2023-11-07,21,15,Next day after: Oct 17/23 - V2 sent to Province,Nov 7/23 - V4 with Cathy,,"Dec 6/23 - Complete
Dec 6/23 - Final sent to Province
Dec 6/23 - With Sian
Dec 5/23 - Province agreed to move to final
Nov 29/23 - Responses sent to Province 
Nov 14/23 - Province questions with Chris/Dan
Nov 7/23 - V4 sent to Province
Nov 7/23 - V4 with Cathy
Nov 2/23 - Asked Dan re: licenses
Oct 30/23 - Asked Chris S. info about licenses, he was unable to answer, need to wait for Dan D. he is back on Nov 1.
Oct 27/23 - Province asked question, answered
Oct 24/23 - Sent answer back to Province
Oct 23/23 - Question from Province
Oct 17/23 - V2 sent to Province
Oct 10/23 - Province asked question, would like to see revised table
Oct 5/23 - V1 sent to Province
Oct 4/23 - With Lori
Oct 4/23 - With Tyler
Oct 4/23 - V1 with Cathy for review"
SDN Release 4,100,token overlap 1/1,SCO-PROV-555 SDN SW R3b,78,V4,ADSL,2023-11-07,2023-11-07,1,1,Nov 7/23 - V4 sent to Province,Nov 7/23 - V4 sent to Province,,"Dec 6/23 - Complete
Dec 6/23 - Final sent to Province
Dec 6/23 - With Sian
Dec 5/23 - Province agreed to move to final
Nov 29/23 - Responses sent to Province 
Nov 14/23 - Province questions with Chris/Dan
Nov 7/23 - V4 sent to Province
Nov 7/23 - V4 with Cathy
Nov 2/23 - Asked Dan re: licenses
Oct 30/23 - Asked Chris S. info about licenses, he was unable to answer, need to wait for Dan D. he is back on Nov 1.
Oct 27/23 - Province asked question, answered
Oct 24/23 - Sent answer back to Province
Oct 23/23 - Question from Province
Oct 17/23 - V2 sent to Province
Oct 10/23 - Province asked question, would like to see revised table
Oct 5/23 - V1 sent to Province
Oct 4/23 - With Lori
Oct 4/23 - With Tyler
Oct 4/23 - V1 with Cathy for review"
SDN Release 4,100,token overlap 1/1,SCO-PROV-555 SDN SW R3b,78,V4,CSBC,2023-11-07,2023-11-07,1,1,Nov 7/23 - V4 with Cathy,Nov 7/23 - V4 with Cathy,Lori: inferred handoff to ADSL from internal ADSL work line; please confirm.,"Dec 6/23 - Complete
Dec 6/23 - Final sent to Province
Dec 6/23 - With Sian
Dec 5/23 - Province agreed to move to final
Nov 29/23 - Responses sent to Province 
Nov 14/23 - Province questions with Chris/Dan
Nov 7/23 - V4 sent to Province
Nov 7/23 - V4 with Cathy
Nov 2/23 - Asked Dan re: licenses
Oct 30/23 - Asked Chris S. info about licenses, he was unable to answer, need to wait for Dan D. he is back on Nov 1.
Oct 27/23 - Province asked question, answered
Oct 24/23 - Sent answer back to Province
Oct 23/23 - Question from Province
Oct 17/23 - V2 sent to Province
Oct 10/23 - Province asked question, would like to see revised table
Oct 5/23 - V1 sent to Province
Oct 4/23 - With Lori
Oct 4/23 - With Tyler
Oct 4/23 - V1 with Cathy for review"
SDN Release 4,100,token overlap 1/1,SCO-PROV-555 SDN SW R3b,78,V5,ADSL,2023-11-07,2023-11-29,23,17,Nov 7/23 - V4 with Cathy,Nov 29/23 - Responses sent to Province,,"Dec 6/23 - Complete
Dec 6/23 - Final sent to Province
Dec 6/23 - With Sian
Dec 5/23 - Province agreed to move to final
Nov 29/23 - Responses sent to Province 
Nov 14/23 - Province questions with Chris/Dan
Nov 7/23 - V4 sent to Province
Nov 7/23 - V4 with Cathy
Nov 2/23 - Asked Dan re: licenses
Oct 30/23 - Asked Chris S. info about licenses, he was unable to answer, need to wait for Dan D. he is back on Nov 1.
Oct 27/23 - Province asked question, answered
Oct 24/23 - Sent answer back to Province
Oct 23/23 - Question from Province
Oct 17/23 - V2 sent to Province
Oct 10/23 - Province asked question, would like to see revised table
Oct 5/23 - V1 sent to Province
Oct 4/23 - With Lori
Oct 4/23 - With Tyler
Oct 4/23 - V1 with Cathy for review"
SDN Release 4,100,token overlap 1/1,SCO-PROV-555 SDN SW R3b,78,V6,CSBC,2023-11-30,2023-12-06,7,5,Next day after: Nov 29/23 - Responses sent to Province,Dec 6/23 - With Sian,Lori: inferred handoff to ADSL from internal ADSL work line; please confirm.,"Dec 6/23 - Complete
Dec 6/23 - Final sent to Province
Dec 6/23 - With Sian
Dec 5/23 - Province agreed to move to final
Nov 29/23 - Responses sent to Province 
Nov 14/23 - Province questions with Chris/Dan
Nov 7/23 - V4 sent to Province
Nov 7/23 - V4 with Cathy
Nov 2/23 - Asked Dan re: licenses
Oct 30/23 - Asked Chris S. info about licenses, he was unable to answer, need to wait for Dan D. he is back on Nov 1.
Oct 27/23 - Province asked question, answered
Oct 24/23 - Sent answer back to Province
Oct 23/23 - Question from Province
Oct 17/23 - V2 sent to Province
Oct 10/23 - Province asked question, would like to see revised table
Oct 5/23 - V1 sent to Province
Oct 4/23 - With Lori
Oct 4/23 - With Tyler
Oct 4/23 - V1 with Cathy for review"
SDN Release 4,100,token overlap 1/1,SCO-PROV-555 SDN SW R3b,78,V6,SIGNINGTIME,2023-12-05,2023-12-06,2,2,Dec 5/23 - Province agreed to move to final,Dec 6/23 - Final sent to Province,,"Dec 6/23 - Complete
Dec 6/23 - Final sent to Province
Dec 6/23 - With Sian
Dec 5/23 - Province agreed to move to final
Nov 29/23 - Responses sent to Province 
Nov 14/23 - Province questions with Chris/Dan
Nov 7/23 - V4 sent to Province
Nov 7/23 - V4 with Cathy
Nov 2/23 - Asked Dan re: licenses
Oct 30/23 - Asked Chris S. info about licenses, he was unable to answer, need to wait for Dan D. he is back on Nov 1.
Oct 27/23 - Province asked question, answered
Oct 24/23 - Sent answer back to Province
Oct 23/23 - Question from Province
Oct 17/23 - V2 sent to Province
Oct 10/23 - Province asked question, would like to see revised table
Oct 5/23 - V1 sent to Province
Oct 4/23 - With Lori
Oct 4/23 - With Tyler
Oct 4/23 - V1 with Cathy for review"
SDN Release 4,100,token overlap 1/1; hint matched: sdn rel4,SCO-PROV-577 Amd SCO-515 SDN Rel4 Impl,86,V1,ADSL,2023-11-07,2023-11-09,3,3,Nov 7/23 - with Michelle C.,Nov 9/23 - V1 sent to Province,,"Nov 28/23 - Rec'd agreement from Province to renumber this SCO to be SCO-PROV-577 instead of 566 (which was a duplicate)
Nov 28/23 - Completed
Nov 24/23 - Final with Sian
Nov 24/23 - V2 back from Province
Nov 9/23 - V1 sent to Province 
Nov 8/23 - with Sian
Nov 7/23 - with Michelle C."
SDN Release 4,100,token overlap 1/1; hint matched: sdn rel4,SCO-PROV-577 Amd SCO-515 SDN Rel4 Impl,86,V2,CSBC,2023-11-10,2023-11-24,15,11,Next day after: Nov 9/23 - V1 sent to Province,Nov 24/23 - Final with Sian,Lori: inferred handoff to ADSL from internal ADSL work line; please confirm.,"Nov 28/23 - Rec'd agreement from Province to renumber this SCO to be SCO-PROV-577 instead of 566 (which was a duplicate)
Nov 28/23 - Completed
Nov 24/23 - Final with Sian
Nov 24/23 - V2 back from Province
Nov 9/23 - V1 sent to Province 
Nov 8/23 - with Sian
Nov 7/23 - with Michelle C."
SDN Release 4,100,token overlap 1/1; hint matched: sdn rel4,SCO-PROV-577 Amd SCO-515 SDN Rel4 Impl,86,V3,CSBC,2023-11-25,2023-11-28,4,2,Next day after: Nov 24/23 - V2 back from Province,Nov 28/23 - Rec'd agreement from Province to renumber this SCO to be SCO-PROV-577 instead of 566 (which was a duplicate),,"Nov 28/23 - Rec'd agreement from Province to renumber this SCO to be SCO-PROV-577 instead of 566 (which was a duplicate)
Nov 28/23 - Completed
Nov 24/23 - Final with Sian
Nov 24/23 - V2 back from Province
Nov 9/23 - V1 sent to Province 
Nov 8/23 - with Sian
Nov 7/23 - with Michelle C."
SDN Release 4,100,token overlap 1/1; hint matched: sdn rel4,SCO-PROV-577 Amd SCO-515 SDN Rel4 Impl,86,V3,SIGNINGTIME,2023-11-28,2023-11-28,1,1,Nov 28/23 - Completed,Nov 28/23 - Completed,,"Nov 28/23 - Rec'd agreement from Province to renumber this SCO to be SCO-PROV-577 instead of 566 (which was a duplicate)
Nov 28/23 - Completed
Nov 24/23 - Final with Sian
Nov 24/23 - V2 back from Province
Nov 9/23 - V1 sent to Province 
Nov 8/23 - with Sian
Nov 7/23 - with Michelle C."
SDN Release 5,100,token overlap 1/1,CR-CAP-088 SDN SW Mtc 26-27 (ReSTNSX),248,V1,ADSL,2025-11-21,2025-11-27,7,5,Nov 21/25 - with Cathy,Nov 27/25 - V1 sent to Province,,"Dec 10/25 - Adobe Sign
Nov 27/25 - V1 sent to Province
Nov 26/25 - approved to submit; waiting for new quote
Nov 25/25 - with Sian
Nov 24/25 - with Tyler
Nov 21/25 - with Cathy"
SDN Release 5,100,token overlap 1/1,CR-CAP-088 SDN SW Mtc 26-27 (ReSTNSX),248,V1,SIGNINGTIME,2025-12-10,2025-12-10,1,1,Dec 10/25 - Adobe Sign,Dec 10/25 - Adobe Sign,,"Dec 10/25 - Adobe Sign
Nov 27/25 - V1 sent to Province
Nov 26/25 - approved to submit; waiting for new quote
Nov 25/25 - with Sian
Nov 24/25 - with Tyler
Nov 21/25 - with Cathy"
SDN Release 5,100,token overlap 1/1,CR-CAP-127 SDN Infoblox Software Licensing Renewal,284,V1,ADSL,2026-03-03,2026-03-03,1,1,Mar 3/26 - V1 sent to Province,Mar 3/26 - V1 sent to Province,,"Mar 13/26 - V2 rec'd; V3 sent to Province; Adobe Sign
Mar 3/26 - V1 sent to Province"
SDN Release 5,100,token overlap 1/1,CR-CAP-127 SDN Infoblox Software Licensing Renewal,284,V1,SIGNINGTIME,2026-03-13,2026-03-13,1,1,Mar 13/26 - V2 rec'd; V3 sent to Province; Adobe Sign,Mar 13/26 - V2 rec'd; V3 sent to Province; Adobe Sign,,"Mar 13/26 - V2 rec'd; V3 sent to Province; Adobe Sign
Mar 3/26 - V1 sent to Province"
SDN Release 5,100,token overlap 1/1,SCO-PROV-512 SDN Software 23-24,55,V1,ADSL,2023-04-25,2023-05-03,9,7,Apr 25/23 - V1 with Lori for review,May 3/23 V1 Sent to Province,,"Sept 26/23 - Completed
Sept 26/23 - Final set to Province
Sept 25/23 - Final with Sian for approval
Sept 22/23 - V8 back from Province with comment, emailed back
Sept 21/23 - V7 sent to Province
Sept 21/23 - V6 back from Province
Sept 18/23 - V5 sent to Province
Sept 18/23 - Followed up with Chris and Dan
Sept 14/23 - Followed up internally
Sept 6/23 - Question out to Dan/Chris
Aug 31/23 - Province sent v4.4, made adjustments, with Cathy/Lori for review
Aug 22/23 - With Province for review
Aug 21 /23 - Pending walk through with Province Aug 22
Aug 15/23 - Meeting with Province, ADSL has some takeaways prior to sending new version
Aug 9/23 - V4 back from Province, requested a meeting with them to clear up the questions
July 10/23 - V3 sent to Province
July 7/23 - With Cathy/Lori for review
July 7/23 - Cathy drafting new pricing table to reflect actuals
July 6/23 - Lori C. said to move this SCO along with the actual numbers that are in operations, and reconcule previous purchases/SCOs at a later date internally so we don't hold this SCO up - Sent note to Cathy to re-do the pricing table
July 6/23 - Followed up internally again - sent a spearate note to Lori C.
June 19/23 - Internal question followed up again
June 1/23 - Followed up with Chris
May 23/23 - Followed up with Chris
May 17/23 - With Chris and Cathy to review Province comments
May 11/23 - V2.1 back from Province
May 3/23 V1 Sent to Province
May 3/23 - With Sian
May 2/23 - Followed up
Apr 28/23 - Followed up
Apr 25/23 - V1 with Lori for review"
SDN Release 5,100,token overlap 1/1,SCO-PROV-512 SDN Software 23-24,55,V2.1,CSBC,2023-05-04,2023-05-11,8,6,Next day after: May 3/23 V1 Sent to Province,May 11/23 - V2.1 back from Province,,"Sept 26/23 - Completed
Sept 26/23 - Final set to Province
Sept 25/23 - Final with Sian for approval
Sept 22/23 - V8 back from Province with comment, emailed back
Sept 21/23 - V7 sent to Province
Sept 21/23 - V6 back from Province
Sept 18/23 - V5 sent to Province
Sept 18/23 - Followed up with Chris and Dan
Sept 14/23 - Followed up internally
Sept 6/23 - Question out to Dan/Chris
Aug 31/23 - Province sent v4.4, made adjustments, with Cathy/Lori for review
Aug 22/23 - With Province for review
Aug 21 /23 - Pending walk through with Province Aug 22
Aug 15/23 - Meeting with Province, ADSL has some takeaways prior to sending new version
Aug 9/23 - V4 back from Province, requested a meeting with them to clear up the questions
July 10/23 - V3 sent to Province
July 7/23 - With Cathy/Lori for review
July 7/23 - Cathy drafting new pricing table to reflect actuals
July 6/23 - Lori C. said to move this SCO along with the actual numbers that are in operations, and reconcule previous purchases/SCOs at a later date internally so we don't hold this SCO up - Sent note to Cathy to re-do the pricing table
July 6/23 - Followed up internally again - sent a spearate note to Lori C.
June 19/23 - Internal question followed up again
June 1/23 - Followed up with Chris
May 23/23 - Followed up with Chris
May 17/23 - With Chris and Cathy to review Province comments
May 11/23 - V2.1 back from Province
May 3/23 V1 Sent to Province
May 3/23 - With Sian
May 2/23 - Followed up
Apr 28/23 - Followed up
Apr 25/23 - V1 with Lori for review"
SDN Release 5,100,token overlap 1/1,SCO-PROV-512 SDN Software 23-24,55,V3,ADSL,2023-05-12,2023-07-10,60,42,Next day after: May 11/23 - V2.1 back from Province,July 10/23 - V3 sent to Province,,"Sept 26/23 - Completed
Sept 26/23 - Final set to Province
Sept 25/23 - Final with Sian for approval
Sept 22/23 - V8 back from Province with comment, emailed back
Sept 21/23 - V7 sent to Province
Sept 21/23 - V6 back from Province
Sept 18/23 - V5 sent to Province
Sept 18/23 - Followed up with Chris and Dan
Sept 14/23 - Followed up internally
Sept 6/23 - Question out to Dan/Chris
Aug 31/23 - Province sent v4.4, made adjustments, with Cathy/Lori for review
Aug 22/23 - With Province for review
Aug 21 /23 - Pending walk through with Province Aug 22
Aug 15/23 - Meeting with Province, ADSL has some takeaways prior to sending new version
Aug 9/23 - V4 back from Province, requested a meeting with them to clear up the questions
July 10/23 - V3 sent to Province
July 7/23 - With Cathy/Lori for review
July 7/23 - Cathy drafting new pricing table to reflect actuals
July 6/23 - Lori C. said to move this SCO along with the actual numbers that are in operations, and reconcule previous purchases/SCOs at a later date internally so we don't hold this SCO up - Sent note to Cathy to re-do the pricing table
July 6/23 - Followed up internally again - sent a spearate note to Lori C.
June 19/23 - Internal question followed up again
June 1/23 - Followed up with Chris
May 23/23 - Followed up with Chris
May 17/23 - With Chris and Cathy to review Province comments
May 11/23 - V2.1 back from Province
May 3/23 V1 Sent to Province
May 3/23 - With Sian
May 2/23 - Followed up
Apr 28/23 - Followed up
Apr 25/23 - V1 with Lori for review"
SDN Release 5,100,token overlap 1/1,SCO-PROV-512 SDN Software 23-24,55,V4,CSBC,2023-07-11,2023-08-09,30,22,Next day after: July 10/23 - V3 sent to Province,"Aug 9/23 - V4 back from Province, requested a meeting with them to clear up the questions",,"Sept 26/23 - Completed
Sept 26/23 - Final set to Province
Sept 25/23 - Final with Sian for approval
Sept 22/23 - V8 back from Province with comment, emailed back
Sept 21/23 - V7 sent to Province
Sept 21/23 - V6 back from Province
Sept 18/23 - V5 sent to Province
Sept 18/23 - Followed up with Chris and Dan
Sept 14/23 - Followed up internally
Sept 6/23 - Question out to Dan/Chris
Aug 31/23 - Province sent v4.4, made adjustments, with Cathy/Lori for review
Aug 22/23 - With Province for review
Aug 21 /23 - Pending walk through with Province Aug 22
Aug 15/23 - Meeting with Province, ADSL has some takeaways prior to sending new version
Aug 9/23 - V4 back from Province, requested a meeting with them to clear up the questions
July 10/23 - V3 sent to Province
July 7/23 - With Cathy/Lori for review
July 7/23 - Cathy drafting new pricing table to reflect actuals
July 6/23 - Lori C. said to move this SCO along with the actual numbers that are in operations, and reconcule previous purchases/SCOs at a later date internally so we don't hold this SCO up - Sent note to Cathy to re-do the pricing table
July 6/23 - Followed up internally again - sent a spearate note to Lori C.
June 19/23 - Internal question followed up again
June 1/23 - Followed up with Chris
May 23/23 - Followed up with Chris
May 17/23 - With Chris and Cathy to review Province comments
May 11/23 - V2.1 back from Province
May 3/23 V1 Sent to Province
May 3/23 - With Sian
May 2/23 - Followed up
Apr 28/23 - Followed up
Apr 25/23 - V1 with Lori for review"
SDN Release 5,100,token overlap 1/1,SCO-PROV-512 SDN Software 23-24,55,V5,ADSL,2023-08-10,2023-09-18,40,28,"Next day after: Aug 9/23 - V4 back from Province, requested a meeting with them to clear up the questions",Sept 18/23 - V5 sent to Province,,"Sept 26/23 - Completed
Sept 26/23 - Final set to Province
Sept 25/23 - Final with Sian for approval
Sept 22/23 - V8 back from Province with comment, emailed back
Sept 21/23 - V7 sent to Province
Sept 21/23 - V6 back from Province
Sept 18/23 - V5 sent to Province
Sept 18/23 - Followed up with Chris and Dan
Sept 14/23 - Followed up internally
Sept 6/23 - Question out to Dan/Chris
Aug 31/23 - Province sent v4.4, made adjustments, with Cathy/Lori for review
Aug 22/23 - With Province for review
Aug 21 /23 - Pending walk through with Province Aug 22
Aug 15/23 - Meeting with Province, ADSL has some takeaways prior to sending new version
Aug 9/23 - V4 back from Province, requested a meeting with them to clear up the questions
July 10/23 - V3 sent to Province
July 7/23 - With Cathy/Lori for review
July 7/23 - Cathy drafting new pricing table to reflect actuals
July 6/23 - Lori C. said to move this SCO along with the actual numbers that are in operations, and reconcule previous purchases/SCOs at a later date internally so we don't hold this SCO up - Sent note to Cathy to re-do the pricing table
July 6/23 - Followed up internally again - sent a spearate note to Lori C.
June 19/23 - Internal question followed up again
June 1/23 - Followed up with Chris
May 23/23 - Followed up with Chris
May 17/23 - With Chris and Cathy to review Province comments
May 11/23 - V2.1 back from Province
May 3/23 V1 Sent to Province
May 3/23 - With Sian
May 2/23 - Followed up
Apr 28/23 - Followed up
Apr 25/23 - V1 with Lori for review"
SDN Release 5,100,token overlap 1/1,SCO-PROV-512 SDN Software 23-24,55,V4.4,CSBC,2023-08-31,2023-09-18,19,13,"Aug 31/23 - Province sent v4.4, made adjustments, with Cathy/Lori for review",Sept 18/23 - V5 sent to Province,,"Sept 26/23 - Completed
Sept 26/23 - Final set to Province
Sept 25/23 - Final with Sian for approval
Sept 22/23 - V8 back from Province with comment, emailed back
Sept 21/23 - V7 sent to Province
Sept 21/23 - V6 back from Province
Sept 18/23 - V5 sent to Province
Sept 18/23 - Followed up with Chris and Dan
Sept 14/23 - Followed up internally
Sept 6/23 - Question out to Dan/Chris
Aug 31/23 - Province sent v4.4, made adjustments, with Cathy/Lori for review
Aug 22/23 - With Province for review
Aug 21 /23 - Pending walk through with Province Aug 22
Aug 15/23 - Meeting with Province, ADSL has some takeaways prior to sending new version
Aug 9/23 - V4 back from Province, requested a meeting with them to clear up the questions
July 10/23 - V3 sent to Province
July 7/23 - With Cathy/Lori for review
July 7/23 - Cathy drafting new pricing table to reflect actuals
July 6/23 - Lori C. said to move this SCO along with the actual numbers that are in operations, and reconcule previous purchases/SCOs at a later date internally so we don't hold this SCO up - Sent note to Cathy to re-do the pricing table
July 6/23 - Followed up internally again - sent a spearate note to Lori C.
June 19/23 - Internal question followed up again
June 1/23 - Followed up with Chris
May 23/23 - Followed up with Chris
May 17/23 - With Chris and Cathy to review Province comments
May 11/23 - V2.1 back from Province
May 3/23 V1 Sent to Province
May 3/23 - With Sian
May 2/23 - Followed up
Apr 28/23 - Followed up
Apr 25/23 - V1 with Lori for review"
SDN Release 5,100,token overlap 1/1,SCO-PROV-512 SDN Software 23-24,55,V6,CSBC,2023-09-19,2023-09-21,3,3,Next day after: Sept 18/23 - V5 sent to Province,Sept 21/23 - V7 sent to Province,,"Sept 26/23 - Completed
Sept 26/23 - Final set to Province
Sept 25/23 - Final with Sian for approval
Sept 22/23 - V8 back from Province with comment, emailed back
Sept 21/23 - V7 sent to Province
Sept 21/23 - V6 back from Province
Sept 18/23 - V5 sent to Province
Sept 18/23 - Followed up with Chris and Dan
Sept 14/23 - Followed up internally
Sept 6/23 - Question out to Dan/Chris
Aug 31/23 - Province sent v4.4, made adjustments, with Cathy/Lori for review
Aug 22/23 - With Province for review
Aug 21 /23 - Pending walk through with Province Aug 22
Aug 15/23 - Meeting with Province, ADSL has some takeaways prior to sending new version
Aug 9/23 - V4 back from Province, requested a meeting with them to clear up the questions
July 10/23 - V3 sent to Province
July 7/23 - With Cathy/Lori for review
July 7/23 - Cathy drafting new pricing table to reflect actuals
July 6/23 - Lori C. said to move this SCO along with the actual numbers that are in operations, and reconcule previous purchases/SCOs at a later date internally so we don't hold this SCO up - Sent note to Cathy to re-do the pricing table
July 6/23 - Followed up internally again - sent a spearate note to Lori C.
June 19/23 - Internal question followed up again
June 1/23 - Followed up with Chris
May 23/23 - Followed up with Chris
May 17/23 - With Chris and Cathy to review Province comments
May 11/23 - V2.1 back from Province
May 3/23 V1 Sent to Province
May 3/23 - With Sian
May 2/23 - Followed up
Apr 28/23 - Followed up
Apr 25/23 - V1 with Lori for review"
SDN Release 5,100,token overlap 1/1,SCO-PROV-512 SDN Software 23-24,55,V7,ADSL,2023-09-21,2023-09-21,1,1,Sept 21/23 - V7 sent to Province,Sept 21/23 - V7 sent to Province,,"Sept 26/23 - Completed
Sept 26/23 - Final set to Province
Sept 25/23 - Final with Sian for approval
Sept 22/23 - V8 back from Province with comment, emailed back
Sept 21/23 - V7 sent to Province
Sept 21/23 - V6 back from Province
Sept 18/23 - V5 sent to Province
Sept 18/23 - Followed up with Chris and Dan
Sept 14/23 - Followed up internally
Sept 6/23 - Question out to Dan/Chris
Aug 31/23 - Province sent v4.4, made adjustments, with Cathy/Lori for review
Aug 22/23 - With Province for review
Aug 21 /23 - Pending walk through with Province Aug 22
Aug 15/23 - Meeting with Province, ADSL has some takeaways prior to sending new version
Aug 9/23 - V4 back from Province, requested a meeting with them to clear up the questions
July 10/23 - V3 sent to Province
July 7/23 - With Cathy/Lori for review
July 7/23 - Cathy drafting new pricing table to reflect actuals
July 6/23 - Lori C. said to move this SCO along with the actual numbers that are in operations, and reconcule previous purchases/SCOs at a later date internally so we don't hold this SCO up - Sent note to Cathy to re-do the pricing table
July 6/23 - Followed up internally again - sent a spearate note to Lori C.
June 19/23 - Internal question followed up again
June 1/23 - Followed up with Chris
May 23/23 - Followed up with Chris
May 17/23 - With Chris and Cathy to review Province comments
May 11/23 - V2.1 back from Province
May 3/23 V1 Sent to Province
May 3/23 - With Sian
May 2/23 - Followed up
Apr 28/23 - Followed up
Apr 25/23 - V1 with Lori for review"
SDN Release 5,100,token overlap 1/1,SCO-PROV-512 SDN Software 23-24,55,V8,CSBC,2023-09-22,2023-09-22,1,1,Next day after: Sept 21/23 - V6 back from Province,"Sept 22/23 - V8 back from Province with comment, emailed back",,"Sept 26/23 - Completed
Sept 26/23 - Final set to Province
Sept 25/23 - Final with Sian for approval
Sept 22/23 - V8 back from Province with comment, emailed back
Sept 21/23 - V7 sent to Province
Sept 21/23 - V6 back from Province
Sept 18/23 - V5 sent to Province
Sept 18/23 - Followed up with Chris and Dan
Sept 14/23 - Followed up internally
Sept 6/23 - Question out to Dan/Chris
Aug 31/23 - Province sent v4.4, made adjustments, with Cathy/Lori for review
Aug 22/23 - With Province for review
Aug 21 /23 - Pending walk through with Province Aug 22
Aug 15/23 - Meeting with Province, ADSL has some takeaways prior to sending new version
Aug 9/23 - V4 back from Province, requested a meeting with them to clear up the questions
July 10/23 - V3 sent to Province
July 7/23 - With Cathy/Lori for review
July 7/23 - Cathy drafting new pricing table to reflect actuals
July 6/23 - Lori C. said to move this SCO along with the actual numbers that are in operations, and reconcule previous purchases/SCOs at a later date internally so we don't hold this SCO up - Sent note to Cathy to re-do the pricing table
July 6/23 - Followed up internally again - sent a spearate note to Lori C.
June 19/23 - Internal question followed up again
June 1/23 - Followed up with Chris
May 23/23 - Followed up with Chris
May 17/23 - With Chris and Cathy to review Province comments
May 11/23 - V2.1 back from Province
May 3/23 V1 Sent to Province
May 3/23 - With Sian
May 2/23 - Followed up
Apr 28/23 - Followed up
Apr 25/23 - V1 with Lori for review"
SDN Release 5,100,token overlap 1/1,SCO-PROV-512 SDN Software 23-24,55,V8,SIGNINGTIME,2023-09-26,2023-09-26,1,1,Sept 26/23 - Completed,Sept 26/23 - Completed,,"Sept 26/23 - Completed
Sept 26/23 - Final set to Province
Sept 25/23 - Final with Sian for approval
Sept 22/23 - V8 back from Province with comment, emailed back
Sept 21/23 - V7 sent to Province
Sept 21/23 - V6 back from Province
Sept 18/23 - V5 sent to Province
Sept 18/23 - Followed up with Chris and Dan
Sept 14/23 - Followed up internally
Sept 6/23 - Question out to Dan/Chris
Aug 31/23 - Province sent v4.4, made adjustments, with Cathy/Lori for review
Aug 22/23 - With Province for review
Aug 21 /23 - Pending walk through with Province Aug 22
Aug 15/23 - Meeting with Province, ADSL has some takeaways prior to sending new version
Aug 9/23 - V4 back from Province, requested a meeting with them to clear up the questions
July 10/23 - V3 sent to Province
July 7/23 - With Cathy/Lori for review
July 7/23 - Cathy drafting new pricing table to reflect actuals
July 6/23 - Lori C. said to move this SCO along with the actual numbers that are in operations, and reconcule previous purchases/SCOs at a later date internally so we don't hold this SCO up - Sent note to Cathy to re-do the pricing table
July 6/23 - Followed up internally again - sent a spearate note to Lori C.
June 19/23 - Internal question followed up again
June 1/23 - Followed up with Chris
May 23/23 - Followed up with Chris
May 17/23 - With Chris and Cathy to review Province comments
May 11/23 - V2.1 back from Province
May 3/23 V1 Sent to Province
May 3/23 - With Sian
May 2/23 - Followed up
Apr 28/23 - Followed up
Apr 25/23 - V1 with Lori for review"
SDN Release 5,100,token overlap 1/1,SCO-PROV-515 SDN Release 4 Implementation,58,V5,SIGNINGTIME,2023-05-05,2023-08-23,111,79,"May 5/23 - SOW with Province who have asked for an early project start, so SCO number assigned so a WBS code can be created",Aug 23/23 - Complete,,"Aug 23/23 - Complete
Aug 21/23 - Province agreed to move to Final, with Sian
Aug 15/23 - V5 sent to Province
Aug 14/23 - V4 back from Province
Aug 9/23 - Rian talking to Emma
Aug 8/23 - Province responded with statement regarding SOWs not being ROM picing, internal convo needed, emailed Michelle
Aug 1/23 - V3 sent to Province
July 27/23 - V2 back from Province, question with Chris
July 14/23 - V1 sent to Province
July 14/23 - With Lori C. and Sian for approval
July 12/23 - Decision to remove licenses from this SCO and scribe them at a later date, with internal team for review
July 12/23 - SOW rec'd from vendor, internal review scheduled for today
July 10/23 - Cathy followed up with Vendor
July 6/23 - Cathy getting quotes from vendors 
June 23/23 - Michelle C following up with Vendor quotes
June 19/23 - Cathy emailed Chris to obtain vendor quotes for the external resources
June 19/23 - Followed up and scheduled an internal mtg 
June 15/23 - Draft started, emailed Chris/Cathy for the updated table 
June 13/23 - SOW Rel 4 approved
May 5/23 - SOW with Province who have asked for an early project start, so SCO number assigned so a WBS code can be created"
SDN Release 5,100,token overlap 1/1,SCO-PROV-515 SDN Release 4 Implementation,58,V1,CSBC,2023-06-13,2023-07-12,30,22,June 13/23 - SOW Rel 4 approved,"July 12/23 - SOW rec'd from vendor, internal review scheduled for today",,"Aug 23/23 - Complete
Aug 21/23 - Province agreed to move to Final, with Sian
Aug 15/23 - V5 sent to Province
Aug 14/23 - V4 back from Province
Aug 9/23 - Rian talking to Emma
Aug 8/23 - Province responded with statement regarding SOWs not being ROM picing, internal convo needed, emailed Michelle
Aug 1/23 - V3 sent to Province
July 27/23 - V2 back from Province, question with Chris
July 14/23 - V1 sent to Province
July 14/23 - With Lori C. and Sian for approval
July 12/23 - Decision to remove licenses from this SCO and scribe them at a later date, with internal team for review
July 12/23 - SOW rec'd from vendor, internal review scheduled for today
July 10/23 - Cathy followed up with Vendor
July 6/23 - Cathy getting quotes from vendors 
June 23/23 - Michelle C following up with Vendor quotes
June 19/23 - Cathy emailed Chris to obtain vendor quotes for the external resources
June 19/23 - Followed up and scheduled an internal mtg 
June 15/23 - Draft started, emailed Chris/Cathy for the updated table 
June 13/23 - SOW Rel 4 approved
May 5/23 - SOW with Province who have asked for an early project start, so SCO number assigned so a WBS code can be created"
SDN Release 5,100,token overlap 1/1,SCO-PROV-515 SDN Release 4 Implementation,58,V2,ADSL,2023-07-13,2023-07-14,2,2,"Next day after: July 12/23 - SOW rec'd from vendor, internal review scheduled for today",July 14/23 - V1 sent to Province,,"Aug 23/23 - Complete
Aug 21/23 - Province agreed to move to Final, with Sian
Aug 15/23 - V5 sent to Province
Aug 14/23 - V4 back from Province
Aug 9/23 - Rian talking to Emma
Aug 8/23 - Province responded with statement regarding SOWs not being ROM picing, internal convo needed, emailed Michelle
Aug 1/23 - V3 sent to Province
July 27/23 - V2 back from Province, question with Chris
July 14/23 - V1 sent to Province
July 14/23 - With Lori C. and Sian for approval
July 12/23 - Decision to remove licenses from this SCO and scribe them at a later date, with internal team for review
July 12/23 - SOW rec'd from vendor, internal review scheduled for today
July 10/23 - Cathy followed up with Vendor
July 6/23 - Cathy getting quotes from vendors 
June 23/23 - Michelle C following up with Vendor quotes
June 19/23 - Cathy emailed Chris to obtain vendor quotes for the external resources
June 19/23 - Followed up and scheduled an internal mtg 
June 15/23 - Draft started, emailed Chris/Cathy for the updated table 
June 13/23 - SOW Rel 4 approved
May 5/23 - SOW with Province who have asked for an early project start, so SCO number assigned so a WBS code can be created"
SDN Release 5,100,token overlap 1/1,SCO-PROV-515 SDN Release 4 Implementation,58,V1,ADSL,2023-07-14,2023-07-14,1,1,July 14/23 - V1 sent to Province,July 14/23 - V1 sent to Province,,"Aug 23/23 - Complete
Aug 21/23 - Province agreed to move to Final, with Sian
Aug 15/23 - V5 sent to Province
Aug 14/23 - V4 back from Province
Aug 9/23 - Rian talking to Emma
Aug 8/23 - Province responded with statement regarding SOWs not being ROM picing, internal convo needed, emailed Michelle
Aug 1/23 - V3 sent to Province
July 27/23 - V2 back from Province, question with Chris
July 14/23 - V1 sent to Province
July 14/23 - With Lori C. and Sian for approval
July 12/23 - Decision to remove licenses from this SCO and scribe them at a later date, with internal team for review
July 12/23 - SOW rec'd from vendor, internal review scheduled for today
July 10/23 - Cathy followed up with Vendor
July 6/23 - Cathy getting quotes from vendors 
June 23/23 - Michelle C following up with Vendor quotes
June 19/23 - Cathy emailed Chris to obtain vendor quotes for the external resources
June 19/23 - Followed up and scheduled an internal mtg 
June 15/23 - Draft started, emailed Chris/Cathy for the updated table 
June 13/23 - SOW Rel 4 approved
May 5/23 - SOW with Province who have asked for an early project start, so SCO number assigned so a WBS code can be created"
SDN Release 5,100,token overlap 1/1,SCO-PROV-515 SDN Release 4 Implementation,58,V2,CSBC,2023-07-15,2023-07-27,13,9,Next day after: July 14/23 - V1 sent to Province,"July 27/23 - V2 back from Province, question with Chris",,"Aug 23/23 - Complete
Aug 21/23 - Province agreed to move to Final, with Sian
Aug 15/23 - V5 sent to Province
Aug 14/23 - V4 back from Province
Aug 9/23 - Rian talking to Emma
Aug 8/23 - Province responded with statement regarding SOWs not being ROM picing, internal convo needed, emailed Michelle
Aug 1/23 - V3 sent to Province
July 27/23 - V2 back from Province, question with Chris
July 14/23 - V1 sent to Province
July 14/23 - With Lori C. and Sian for approval
July 12/23 - Decision to remove licenses from this SCO and scribe them at a later date, with internal team for review
July 12/23 - SOW rec'd from vendor, internal review scheduled for today
July 10/23 - Cathy followed up with Vendor
July 6/23 - Cathy getting quotes from vendors 
June 23/23 - Michelle C following up with Vendor quotes
June 19/23 - Cathy emailed Chris to obtain vendor quotes for the external resources
June 19/23 - Followed up and scheduled an internal mtg 
June 15/23 - Draft started, emailed Chris/Cathy for the updated table 
June 13/23 - SOW Rel 4 approved
May 5/23 - SOW with Province who have asked for an early project start, so SCO number assigned so a WBS code can be created"
SDN Release 5,100,token overlap 1/1,SCO-PROV-515 SDN Release 4 Implementation,58,V3,ADSL,2023-07-28,2023-08-01,5,3,"Next day after: July 27/23 - V2 back from Province, question with Chris",Aug 1/23 - V3 sent to Province,,"Aug 23/23 - Complete
Aug 21/23 - Province agreed to move to Final, with Sian
Aug 15/23 - V5 sent to Province
Aug 14/23 - V4 back from Province
Aug 9/23 - Rian talking to Emma
Aug 8/23 - Province responded with statement regarding SOWs not being ROM picing, internal convo needed, emailed Michelle
Aug 1/23 - V3 sent to Province
July 27/23 - V2 back from Province, question with Chris
July 14/23 - V1 sent to Province
July 14/23 - With Lori C. and Sian for approval
July 12/23 - Decision to remove licenses from this SCO and scribe them at a later date, with internal team for review
July 12/23 - SOW rec'd from vendor, internal review scheduled for today
July 10/23 - Cathy followed up with Vendor
July 6/23 - Cathy getting quotes from vendors 
June 23/23 - Michelle C following up with Vendor quotes
June 19/23 - Cathy emailed Chris to obtain vendor quotes for the external resources
June 19/23 - Followed up and scheduled an internal mtg 
June 15/23 - Draft started, emailed Chris/Cathy for the updated table 
June 13/23 - SOW Rel 4 approved
May 5/23 - SOW with Province who have asked for an early project start, so SCO number assigned so a WBS code can be created"
SDN Release 5,100,token overlap 1/1,SCO-PROV-515 SDN Release 4 Implementation,58,V4,CSBC,2023-08-02,2023-08-14,13,9,Next day after: Aug 1/23 - V3 sent to Province,Aug 14/23 - V4 back from Province,Lori: inferred handoff to ADSL from internal ADSL work line; please confirm.,"Aug 23/23 - Complete
Aug 21/23 - Province agreed to move to Final, with Sian
Aug 15/23 - V5 sent to Province
Aug 14/23 - V4 back from Province
Aug 9/23 - Rian talking to Emma
Aug 8/23 - Province responded with statement regarding SOWs not being ROM picing, internal convo needed, emailed Michelle
Aug 1/23 - V3 sent to Province
July 27/23 - V2 back from Province, question with Chris
July 14/23 - V1 sent to Province
July 14/23 - With Lori C. and Sian for approval
July 12/23 - Decision to remove licenses from this SCO and scribe them at a later date, with internal team for review
July 12/23 - SOW rec'd from vendor, internal review scheduled for today
July 10/23 - Cathy followed up with Vendor
July 6/23 - Cathy getting quotes from vendors 
June 23/23 - Michelle C following up with Vendor quotes
June 19/23 - Cathy emailed Chris to obtain vendor quotes for the external resources
June 19/23 - Followed up and scheduled an internal mtg 
June 15/23 - Draft started, emailed Chris/Cathy for the updated table 
June 13/23 - SOW Rel 4 approved
May 5/23 - SOW with Province who have asked for an early project start, so SCO number assigned so a WBS code can be created"
SDN Release 5,100,token overlap 1/1,SCO-PROV-515 SDN Release 4 Implementation,58,V5,ADSL,2023-08-15,2023-08-15,1,1,Next day after: Aug 14/23 - V4 back from Province,Aug 15/23 - V5 sent to Province,,"Aug 23/23 - Complete
Aug 21/23 - Province agreed to move to Final, with Sian
Aug 15/23 - V5 sent to Province
Aug 14/23 - V4 back from Province
Aug 9/23 - Rian talking to Emma
Aug 8/23 - Province responded with statement regarding SOWs not being ROM picing, internal convo needed, emailed Michelle
Aug 1/23 - V3 sent to Province
July 27/23 - V2 back from Province, question with Chris
July 14/23 - V1 sent to Province
July 14/23 - With Lori C. and Sian for approval
July 12/23 - Decision to remove licenses from this SCO and scribe them at a later date, with internal team for review
July 12/23 - SOW rec'd from vendor, internal review scheduled for today
July 10/23 - Cathy followed up with Vendor
July 6/23 - Cathy getting quotes from vendors 
June 23/23 - Michelle C following up with Vendor quotes
June 19/23 - Cathy emailed Chris to obtain vendor quotes for the external resources
June 19/23 - Followed up and scheduled an internal mtg 
June 15/23 - Draft started, emailed Chris/Cathy for the updated table 
June 13/23 - SOW Rel 4 approved
May 5/23 - SOW with Province who have asked for an early project start, so SCO number assigned so a WBS code can be created"
SDN Release 5,100,token overlap 1/1,SCO-PROV-555 SDN SW R3b,78,V1,ADSL,2023-10-04,2023-10-05,2,2,Oct 4/23 - V1 with Cathy for review,Oct 5/23 - V1 sent to Province,,"Dec 6/23 - Complete
Dec 6/23 - Final sent to Province
Dec 6/23 - With Sian
Dec 5/23 - Province agreed to move to final
Nov 29/23 - Responses sent to Province 
Nov 14/23 - Province questions with Chris/Dan
Nov 7/23 - V4 sent to Province
Nov 7/23 - V4 with Cathy
Nov 2/23 - Asked Dan re: licenses
Oct 30/23 - Asked Chris S. info about licenses, he was unable to answer, need to wait for Dan D. he is back on Nov 1.
Oct 27/23 - Province asked question, answered
Oct 24/23 - Sent answer back to Province
Oct 23/23 - Question from Province
Oct 17/23 - V2 sent to Province
Oct 10/23 - Province asked question, would like to see revised table
Oct 5/23 - V1 sent to Province
Oct 4/23 - With Lori
Oct 4/23 - With Tyler
Oct 4/23 - V1 with Cathy for review"
SDN Release 5,100,token overlap 1/1,SCO-PROV-555 SDN SW R3b,78,V2,ADSL,2023-10-06,2023-10-17,12,8,Next day after: Oct 5/23 - V1 sent to Province,Oct 17/23 - V2 sent to Province,,"Dec 6/23 - Complete
Dec 6/23 - Final sent to Province
Dec 6/23 - With Sian
Dec 5/23 - Province agreed to move to final
Nov 29/23 - Responses sent to Province 
Nov 14/23 - Province questions with Chris/Dan
Nov 7/23 - V4 sent to Province
Nov 7/23 - V4 with Cathy
Nov 2/23 - Asked Dan re: licenses
Oct 30/23 - Asked Chris S. info about licenses, he was unable to answer, need to wait for Dan D. he is back on Nov 1.
Oct 27/23 - Province asked question, answered
Oct 24/23 - Sent answer back to Province
Oct 23/23 - Question from Province
Oct 17/23 - V2 sent to Province
Oct 10/23 - Province asked question, would like to see revised table
Oct 5/23 - V1 sent to Province
Oct 4/23 - With Lori
Oct 4/23 - With Tyler
Oct 4/23 - V1 with Cathy for review"
SDN Release 5,100,token overlap 1/1,SCO-PROV-555 SDN SW R3b,78,V3,CSBC,2023-10-18,2023-11-07,21,15,Next day after: Oct 17/23 - V2 sent to Province,Nov 7/23 - V4 with Cathy,,"Dec 6/23 - Complete
Dec 6/23 - Final sent to Province
Dec 6/23 - With Sian
Dec 5/23 - Province agreed to move to final
Nov 29/23 - Responses sent to Province 
Nov 14/23 - Province questions with Chris/Dan
Nov 7/23 - V4 sent to Province
Nov 7/23 - V4 with Cathy
Nov 2/23 - Asked Dan re: licenses
Oct 30/23 - Asked Chris S. info about licenses, he was unable to answer, need to wait for Dan D. he is back on Nov 1.
Oct 27/23 - Province asked question, answered
Oct 24/23 - Sent answer back to Province
Oct 23/23 - Question from Province
Oct 17/23 - V2 sent to Province
Oct 10/23 - Province asked question, would like to see revised table
Oct 5/23 - V1 sent to Province
Oct 4/23 - With Lori
Oct 4/23 - With Tyler
Oct 4/23 - V1 with Cathy for review"
SDN Release 5,100,token overlap 1/1,SCO-PROV-555 SDN SW R3b,78,V4,ADSL,2023-11-07,2023-11-07,1,1,Nov 7/23 - V4 sent to Province,Nov 7/23 - V4 sent to Province,,"Dec 6/23 - Complete
Dec 6/23 - Final sent to Province
Dec 6/23 - With Sian
Dec 5/23 - Province agreed to move to final
Nov 29/23 - Responses sent to Province 
Nov 14/23 - Province questions with Chris/Dan
Nov 7/23 - V4 sent to Province
Nov 7/23 - V4 with Cathy
Nov 2/23 - Asked Dan re: licenses
Oct 30/23 - Asked Chris S. info about licenses, he was unable to answer, need to wait for Dan D. he is back on Nov 1.
Oct 27/23 - Province asked question, answered
Oct 24/23 - Sent answer back to Province
Oct 23/23 - Question from Province
Oct 17/23 - V2 sent to Province
Oct 10/23 - Province asked question, would like to see revised table
Oct 5/23 - V1 sent to Province
Oct 4/23 - With Lori
Oct 4/23 - With Tyler
Oct 4/23 - V1 with Cathy for review"
SDN Release 5,100,token overlap 1/1,SCO-PROV-555 SDN SW R3b,78,V4,CSBC,2023-11-07,2023-11-07,1,1,Nov 7/23 - V4 with Cathy,Nov 7/23 - V4 with Cathy,Lori: inferred handoff to ADSL from internal ADSL work line; please confirm.,"Dec 6/23 - Complete
Dec 6/23 - Final sent to Province
Dec 6/23 - With Sian
Dec 5/23 - Province agreed to move to final
Nov 29/23 - Responses sent to Province 
Nov 14/23 - Province questions with Chris/Dan
Nov 7/23 - V4 sent to Province
Nov 7/23 - V4 with Cathy
Nov 2/23 - Asked Dan re: licenses
Oct 30/23 - Asked Chris S. info about licenses, he was unable to answer, need to wait for Dan D. he is back on Nov 1.
Oct 27/23 - Province asked question, answered
Oct 24/23 - Sent answer back to Province
Oct 23/23 - Question from Province
Oct 17/23 - V2 sent to Province
Oct 10/23 - Province asked question, would like to see revised table
Oct 5/23 - V1 sent to Province
Oct 4/23 - With Lori
Oct 4/23 - With Tyler
Oct 4/23 - V1 with Cathy for review"
SDN Release 5,100,token overlap 1/1,SCO-PROV-555 SDN SW R3b,78,V5,ADSL,2023-11-07,2023-11-29,23,17,Nov 7/23 - V4 with Cathy,Nov 29/23 - Responses sent to Province,,"Dec 6/23 - Complete
Dec 6/23 - Final sent to Province
Dec 6/23 - With Sian
Dec 5/23 - Province agreed to move to final
Nov 29/23 - Responses sent to Province 
Nov 14/23 - Province questions with Chris/Dan
Nov 7/23 - V4 sent to Province
Nov 7/23 - V4 with Cathy
Nov 2/23 - Asked Dan re: licenses
Oct 30/23 - Asked Chris S. info about licenses, he was unable to answer, need to wait for Dan D. he is back on Nov 1.
Oct 27/23 - Province asked question, answered
Oct 24/23 - Sent answer back to Province
Oct 23/23 - Question from Province
Oct 17/23 - V2 sent to Province
Oct 10/23 - Province asked question, would like to see revised table
Oct 5/23 - V1 sent to Province
Oct 4/23 - With Lori
Oct 4/23 - With Tyler
Oct 4/23 - V1 with Cathy for review"
SDN Release 5,100,token overlap 1/1,SCO-PROV-555 SDN SW R3b,78,V6,CSBC,2023-11-30,2023-12-06,7,5,Next day after: Nov 29/23 - Responses sent to Province,Dec 6/23 - With Sian,Lori: inferred handoff to ADSL from internal ADSL work line; please confirm.,"Dec 6/23 - Complete
Dec 6/23 - Final sent to Province
Dec 6/23 - With Sian
Dec 5/23 - Province agreed to move to final
Nov 29/23 - Responses sent to Province 
Nov 14/23 - Province questions with Chris/Dan
Nov 7/23 - V4 sent to Province
Nov 7/23 - V4 with Cathy
Nov 2/23 - Asked Dan re: licenses
Oct 30/23 - Asked Chris S. info about licenses, he was unable to answer, need to wait for Dan D. he is back on Nov 1.
Oct 27/23 - Province asked question, answered
Oct 24/23 - Sent answer back to Province
Oct 23/23 - Question from Province
Oct 17/23 - V2 sent to Province
Oct 10/23 - Province asked question, would like to see revised table
Oct 5/23 - V1 sent to Province
Oct 4/23 - With Lori
Oct 4/23 - With Tyler
Oct 4/23 - V1 with Cathy for review"
SDN Release 5,100,token overlap 1/1,SCO-PROV-555 SDN SW R3b,78,V6,SIGNINGTIME,2023-12-05,2023-12-06,2,2,Dec 5/23 - Province agreed to move to final,Dec 6/23 - Final sent to Province,,"Dec 6/23 - Complete
Dec 6/23 - Final sent to Province
Dec 6/23 - With Sian
Dec 5/23 - Province agreed to move to final
Nov 29/23 - Responses sent to Province 
Nov 14/23 - Province questions with Chris/Dan
Nov 7/23 - V4 sent to Province
Nov 7/23 - V4 with Cathy
Nov 2/23 - Asked Dan re: licenses
Oct 30/23 - Asked Chris S. info about licenses, he was unable to answer, need to wait for Dan D. he is back on Nov 1.
Oct 27/23 - Province asked question, answered
Oct 24/23 - Sent answer back to Province
Oct 23/23 - Question from Province
Oct 17/23 - V2 sent to Province
Oct 10/23 - Province asked question, would like to see revised table
Oct 5/23 - V1 sent to Province
Oct 4/23 - With Lori
Oct 4/23 - With Tyler
Oct 4/23 - V1 with Cathy for review"
SDN Release 5,100,token overlap 1/1,SCO-PROV-577 Amd SCO-515 SDN Rel4 Impl,86,V1,ADSL,2023-11-07,2023-11-09,3,3,Nov 7/23 - with Michelle C.,Nov 9/23 - V1 sent to Province,,"Nov 28/23 - Rec'd agreement from Province to renumber this SCO to be SCO-PROV-577 instead of 566 (which was a duplicate)
Nov 28/23 - Completed
Nov 24/23 - Final with Sian
Nov 24/23 - V2 back from Province
Nov 9/23 - V1 sent to Province 
Nov 8/23 - with Sian
Nov 7/23 - with Michelle C."
SDN Release 5,100,token overlap 1/1,SCO-PROV-577 Amd SCO-515 SDN Rel4 Impl,86,V2,CSBC,2023-11-10,2023-11-24,15,11,Next day after: Nov 9/23 - V1 sent to Province,Nov 24/23 - Final with Sian,Lori: inferred handoff to ADSL from internal ADSL work line; please confirm.,"Nov 28/23 - Rec'd agreement from Province to renumber this SCO to be SCO-PROV-577 instead of 566 (which was a duplicate)
Nov 28/23 - Completed
Nov 24/23 - Final with Sian
Nov 24/23 - V2 back from Province
Nov 9/23 - V1 sent to Province 
Nov 8/23 - with Sian
Nov 7/23 - with Michelle C."
SDN Release 5,100,token overlap 1/1,SCO-PROV-577 Amd SCO-515 SDN Rel4 Impl,86,V3,CSBC,2023-11-25,2023-11-28,4,2,Next day after: Nov 24/23 - V2 back from Province,Nov 28/23 - Rec'd agreement from Province to renumber this SCO to be SCO-PROV-577 instead of 566 (which was a duplicate),,"Nov 28/23 - Rec'd agreement from Province to renumber this SCO to be SCO-PROV-577 instead of 566 (which was a duplicate)
Nov 28/23 - Completed
Nov 24/23 - Final with Sian
Nov 24/23 - V2 back from Province
Nov 9/23 - V1 sent to Province 
Nov 8/23 - with Sian
Nov 7/23 - with Michelle C."
SDN Release 5,100,token overlap 1/1,SCO-PROV-577 Amd SCO-515 SDN Rel4 Impl,86,V3,SIGNINGTIME,2023-11-28,2023-11-28,1,1,Nov 28/23 - Completed,Nov 28/23 - Completed,,"Nov 28/23 - Rec'd agreement from Province to renumber this SCO to be SCO-PROV-577 instead of 566 (which was a duplicate)
Nov 28/23 - Completed
Nov 24/23 - Final with Sian
Nov 24/23 - V2 back from Province
Nov 9/23 - V1 sent to Province 
Nov 8/23 - with Sian
Nov 7/23 - with Michelle C."
Shared File for BCPS Phase 2,100,token overlap 1/1,SCO-PROV-526 BCPS Shared File Solution Ph 1,67,V1,ADSL,2023-06-16,2023-06-20,5,3,"June 16/23 - Get started on SCO, pending answer from Province",June 20/23 - V1 sent to Province for review,,"June 30/23 - completed
June 20/23 - V1 sent to Province for review
June 19/23 - V1 sent to Sian for approval
June 19/23 - Draft SCO with Rian for review
June 16/23 - Get started on SCO, pending answer from Province"
Shared File for BCPS Phase 2,100,token overlap 1/1,SCO-PROV-526 BCPS Shared File Solution Ph 1,67,V1,SIGNINGTIME,2023-06-30,2023-06-30,1,1,June 30/23 - completed,June 30/23 - completed,,"June 30/23 - completed
June 20/23 - V1 sent to Province for review
June 19/23 - V1 sent to Sian for approval
June 19/23 - Draft SCO with Rian for review
June 16/23 - Get started on SCO, pending answer from Province"
Shared File for BCPS Phase 2,100,token overlap 1/1,SCO-PROV-565 BCPS Custom Hardware,80,V1,ADSL,2023-10-26,2023-10-30,5,3,Oct 26/23 - with Rian / Cathy,Oct 30/23 - V1 sent to Province,,"Nov 8/23 - Completed
Nov 8/23 - Final version sent to Province
Nov 7/23 - Province accepted V3, final with Sian for approval
Nov 6/23 - V3 sent to Province
Nov 3/23 - requested Province expedite review; Province question with Bruce/Rian
Oct 30/23 - V1 sent to Province
Oct 30/23 - With Sian
Oct 27/23 - with Tyler
Oct 26/23 - with Rian / Cathy"
Shared File for BCPS Phase 2,100,token overlap 1/1,SCO-PROV-565 BCPS Custom Hardware,80,V2,CSBC,2023-10-31,2023-11-06,7,5,Next day after: Oct 30/23 - V1 sent to Province,Nov 6/23 - V3 sent to Province,,"Nov 8/23 - Completed
Nov 8/23 - Final version sent to Province
Nov 7/23 - Province accepted V3, final with Sian for approval
Nov 6/23 - V3 sent to Province
Nov 3/23 - requested Province expedite review; Province question with Bruce/Rian
Oct 30/23 - V1 sent to Province
Oct 30/23 - With Sian
Oct 27/23 - with Tyler
Oct 26/23 - with Rian / Cathy"
Shared File for BCPS Phase 2,100,token overlap 1/1,SCO-PROV-565 BCPS Custom Hardware,80,V3,ADSL,2023-11-06,2023-11-06,1,1,Nov 6/23 - V3 sent to Province,Nov 6/23 - V3 sent to Province,,"Nov 8/23 - Completed
Nov 8/23 - Final version sent to Province
Nov 7/23 - Province accepted V3, final with Sian for approval
Nov 6/23 - V3 sent to Province
Nov 3/23 - requested Province expedite review; Province question with Bruce/Rian
Oct 30/23 - V1 sent to Province
Oct 30/23 - With Sian
Oct 27/23 - with Tyler
Oct 26/23 - with Rian / Cathy"
Shared File for BCPS Phase 2,100,token overlap 1/1,SCO-PROV-565 BCPS Custom Hardware,80,V4,CSBC,2023-11-07,2023-11-07,1,1,Next day after: Nov 6/23 - V3 sent to Province,"Nov 7/23 - Province accepted V3, final with Sian for approval",,"Nov 8/23 - Completed
Nov 8/23 - Final version sent to Province
Nov 7/23 - Province accepted V3, final with Sian for approval
Nov 6/23 - V3 sent to Province
Nov 3/23 - requested Province expedite review; Province question with Bruce/Rian
Oct 30/23 - V1 sent to Province
Oct 30/23 - With Sian
Oct 27/23 - with Tyler
Oct 26/23 - with Rian / Cathy"
Shared File for BCPS Phase 2,100,token overlap 1/1,SCO-PROV-565 BCPS Custom Hardware,80,V4,SIGNINGTIME,2023-11-08,2023-11-08,1,1,Nov 8/23 - Completed,Nov 8/23 - Final version sent to Province,,"Nov 8/23 - Completed
Nov 8/23 - Final version sent to Province
Nov 7/23 - Province accepted V3, final with Sian for approval
Nov 6/23 - V3 sent to Province
Nov 3/23 - requested Province expedite review; Province question with Bruce/Rian
Oct 30/23 - V1 sent to Province
Oct 30/23 - With Sian
Oct 27/23 - with Tyler
Oct 26/23 - with Rian / Cathy"
Tenable Pilot (Addition),50,fuzzy title ratio 50,Extended Retention,2,V1,ADSL,2022-08-16,2023-12-05,477,341,Aug 16/22 - Sam / Craig / Cathy need further discussion on extended retention (Sian),Dec 5/23 - Internal meeting to be set up (by Tyler) - removing from SCO upcoming for now,"Lori: please confirm this project/SCO mapping. This is an educated guess: ""Tenable Pilot (Addition)"" -> ""Extended Retention"" (fuzzy title ratio 50, score 50).","Dec 5/23 - Internal meeting to be set up (by Tyler) - removing from SCO upcoming for now
Aug 16/22 - Sam / Craig / Cathy need further discussion on extended retention (Sian)"
Zscaler Initiative 1 and 2,100,token overlap 2/2; hint matched: zscaler; hint matched: initiative 1; hint matched: initiave 2,SCO-PROV-578 Zscaler Design: Initiative 1,87,V1,ADSL,2023-10-27,2023-11-30,35,25,Oct 27/23 - with Rian / Cathy,Nov 30/23 - V1 sent to Province,,"Dec 1/23 - Completed
Dec 1/23 - Final version sent to Province
Dec 1/23 - Confirmed with Joshua re: Province proposed project end date, with Sian for signature
Dec 1/23 - V2.1 back from Province ok to move to final if we accept proposed end date
Nov 30/23 - V1 sent to Province
Nov 30/23 - SOW still being reviewed, request to send updated SCO over to Province from Sian/Rian
Waiting for SOW approval (there will need to be a 2nd SCO for Initiave 2)
Oct 27/23 - with Rian / Cathy"
Zscaler Initiative 1 and 2,100,token overlap 2/2; hint matched: zscaler; hint matched: initiative 1; hint matched: initiave 2,SCO-PROV-578 Zscaler Design: Initiative 1,87,V1,SIGNINGTIME,2023-12-01,2023-12-01,1,1,Dec 1/23 - Completed,Dec 1/23 - V2.1 back from Province ok to move to final if we accept proposed end date,,"Dec 1/23 - Completed
Dec 1/23 - Final version sent to Province
Dec 1/23 - Confirmed with Joshua re: Province proposed project end date, with Sian for signature
Dec 1/23 - V2.1 back from Province ok to move to final if we accept proposed end date
Nov 30/23 - V1 sent to Province
Nov 30/23 - SOW still being reviewed, request to send updated SCO over to Province from Sian/Rian
Waiting for SOW approval (there will need to be a 2nd SCO for Initiave 2)
Oct 27/23 - with Rian / Cathy"
Zscaler Initiative 3,100,token overlap 2/2,SCO-PROV-578 Zscaler Design: Initiative 1,87,V1,ADSL,2023-10-27,2023-11-30,35,25,Oct 27/23 - with Rian / Cathy,Nov 30/23 - V1 sent to Province,,"Dec 1/23 - Completed
Dec 1/23 - Final version sent to Province
Dec 1/23 - Confirmed with Joshua re: Province proposed project end date, with Sian for signature
Dec 1/23 - V2.1 back from Province ok to move to final if we accept proposed end date
Nov 30/23 - V1 sent to Province
Nov 30/23 - SOW still being reviewed, request to send updated SCO over to Province from Sian/Rian
Waiting for SOW approval (there will need to be a 2nd SCO for Initiave 2)
Oct 27/23 - with Rian / Cathy"
Zscaler Initiative 3,100,token overlap 2/2,SCO-PROV-578 Zscaler Design: Initiative 1,87,V1,SIGNINGTIME,2023-12-01,2023-12-01,1,1,Dec 1/23 - Completed,Dec 1/23 - V2.1 back from Province ok to move to final if we accept proposed end date,,"Dec 1/23 - Completed
Dec 1/23 - Final version sent to Province
Dec 1/23 - Confirmed with Joshua re: Province proposed project end date, with Sian for signature
Dec 1/23 - V2.1 back from Province ok to move to final if we accept proposed end date
Nov 30/23 - V1 sent to Province
Nov 30/23 - SOW still being reviewed, request to send updated SCO over to Province from Sian/Rian
Waiting for SOW approval (there will need to be a 2nd SCO for Initiave 2)
Oct 27/23 - with Rian / Cathy"
iStore to MySC (Addition),88,token overlap 1/2; hint matched: istore,CR-CAP-085 Amd CAP-064 EHS Custom Servers,244,V1,ADSL,2025-10-23,2025-10-27,5,3,Oct 23/25 - with Adam,Oct 27/25 - V1 sent to Province,"Lori: please confirm this project/SCO mapping. This is an educated guess: ""iStore to MySC (Addition)"" -> ""CR-CAP-085 Amd CAP-064 EHS Custom Servers"" (token overlap 1/2; hint matched: istore, score 88).","Dec 10/25 - Adobe Sign
Dec 1/25 - V5 sent to Province
Nov 12/25 - V4 rec'd, waiting on iStore numbers from RM
Nov 10/25 - V 2 and 2.1 rec'd, V3 sent back
Oct 27/25 - V1 sent to Province
Oct 24/25 - with Sian
Oct 23/25 - with Adam"
iStore to MySC (Addition),88,token overlap 1/2; hint matched: istore,CR-CAP-085 Amd CAP-064 EHS Custom Servers,244,V2,CSBC,2025-10-28,2025-11-10,14,10,Next day after: Oct 27/25 - V1 sent to Province,"Nov 10/25 - V 2 and 2.1 rec'd, V3 sent back","Lori: please confirm this project/SCO mapping. This is an educated guess: ""iStore to MySC (Addition)"" -> ""CR-CAP-085 Amd CAP-064 EHS Custom Servers"" (token overlap 1/2; hint matched: istore, score 88).","Dec 10/25 - Adobe Sign
Dec 1/25 - V5 sent to Province
Nov 12/25 - V4 rec'd, waiting on iStore numbers from RM
Nov 10/25 - V 2 and 2.1 rec'd, V3 sent back
Oct 27/25 - V1 sent to Province
Oct 24/25 - with Sian
Oct 23/25 - with Adam"
iStore to MySC (Addition),88,token overlap 1/2; hint matched: istore,CR-CAP-085 Amd CAP-064 EHS Custom Servers,244,V4,CSBC,2025-11-11,2025-11-12,2,2,"Next day after: Nov 10/25 - V 2 and 2.1 rec'd, V3 sent back","Nov 12/25 - V4 rec'd, waiting on iStore numbers from RM","Lori: please confirm this project/SCO mapping. This is an educated guess: ""iStore to MySC (Addition)"" -> ""CR-CAP-085 Amd CAP-064 EHS Custom Servers"" (token overlap 1/2; hint matched: istore, score 88).","Dec 10/25 - Adobe Sign
Dec 1/25 - V5 sent to Province
Nov 12/25 - V4 rec'd, waiting on iStore numbers from RM
Nov 10/25 - V 2 and 2.1 rec'd, V3 sent back
Oct 27/25 - V1 sent to Province
Oct 24/25 - with Sian
Oct 23/25 - with Adam"
iStore to MySC (Addition),88,token overlap 1/2; hint matched: istore,CR-CAP-085 Amd CAP-064 EHS Custom Servers,244,V5,ADSL,2025-11-13,2025-12-01,19,13,"Next day after: Nov 12/25 - V4 rec'd, waiting on iStore numbers from RM",Dec 1/25 - V5 sent to Province,"Lori: please confirm this project/SCO mapping. This is an educated guess: ""iStore to MySC (Addition)"" -> ""CR-CAP-085 Amd CAP-064 EHS Custom Servers"" (token overlap 1/2; hint matched: istore, score 88).","Dec 10/25 - Adobe Sign
Dec 1/25 - V5 sent to Province
Nov 12/25 - V4 rec'd, waiting on iStore numbers from RM
Nov 10/25 - V 2 and 2.1 rec'd, V3 sent back
Oct 27/25 - V1 sent to Province
Oct 24/25 - with Sian
Oct 23/25 - with Adam"
iStore to MySC (Addition),88,token overlap 1/2; hint matched: istore,CR-CAP-085 Amd CAP-064 EHS Custom Servers,244,V5,SIGNINGTIME,2025-12-10,2025-12-10,1,1,Dec 10/25 - Adobe Sign,Dec 10/25 - Adobe Sign,"Lori: please confirm this project/SCO mapping. This is an educated guess: ""iStore to MySC (Addition)"" -> ""CR-CAP-085 Amd CAP-064 EHS Custom Servers"" (token overlap 1/2; hint matched: istore, score 88).","Dec 10/25 - Adobe Sign
Dec 1/25 - V5 sent to Province
Nov 12/25 - V4 rec'd, waiting on iStore numbers from RM
Nov 10/25 - V 2 and 2.1 rec'd, V3 sent back
Oct 27/25 - V1 sent to Province
Oct 24/25 - with Sian
Oct 23/25 - with Adam"
iStore to MySC (Addition),88,token overlap 1/2; hint matched: istore,SCO-PROV-721 Amd SCO-557 Sch23 S5.7.1 BC SAG,102,V1,ADSL,2025-03-18,2025-07-07,112,80,Mar 18/25 - Cathy reviewed; hold submission until after March 31,July 7/25 - V1 sent to Province,"Lori: please confirm this project/SCO mapping. This is an educated guess: ""iStore to MySC (Addition)"" -> ""SCO-PROV-721 Amd SCO-557 Sch23 S5.7.1 BC SAG"" (token overlap 1/2; hint matched: istore, score 88).","Oct 2/25 - Adobe Sign
Sept 24/25 - Province confirmed VM will be ordered via SCO
Sept 16/25 - V5 sent to Province - Question with Province: Is Province ok to do iStore orders for virtual servers too? Is so, we can remove all App C charges from this SCO.
Sept 9/25 - V4.1 rec'd; with Cathy
Aug 18/25 - V3 sent to Province
Aug 5/25 - V2 rec'd; with Cathy
July 7/25 - V1 sent to Province
July 4/25 - Dan Deane confirmed servers; SCO updated, with Tyler
Mar 31/25 - With Alex Thompson to confirm servers
Mar 18/25 - Cathy reviewed; hold submission until after March 31"
iStore to MySC (Addition),88,token overlap 1/2; hint matched: istore,SCO-PROV-721 Amd SCO-557 Sch23 S5.7.1 BC SAG,102,V2,CSBC,2025-07-08,2025-08-05,29,21,Next day after: July 7/25 - V1 sent to Province,Aug 5/25 - V2 rec'd; with Cathy,"Lori: please confirm this project/SCO mapping. This is an educated guess: ""iStore to MySC (Addition)"" -> ""SCO-PROV-721 Amd SCO-557 Sch23 S5.7.1 BC SAG"" (token overlap 1/2; hint matched: istore, score 88).","Oct 2/25 - Adobe Sign
Sept 24/25 - Province confirmed VM will be ordered via SCO
Sept 16/25 - V5 sent to Province - Question with Province: Is Province ok to do iStore orders for virtual servers too? Is so, we can remove all App C charges from this SCO.
Sept 9/25 - V4.1 rec'd; with Cathy
Aug 18/25 - V3 sent to Province
Aug 5/25 - V2 rec'd; with Cathy
July 7/25 - V1 sent to Province
July 4/25 - Dan Deane confirmed servers; SCO updated, with Tyler
Mar 31/25 - With Alex Thompson to confirm servers
Mar 18/25 - Cathy reviewed; hold submission until after March 31"
iStore to MySC (Addition),88,token overlap 1/2; hint matched: istore,SCO-PROV-721 Amd SCO-557 Sch23 S5.7.1 BC SAG,102,V3,ADSL,2025-08-06,2025-08-18,13,9,Next day after: Aug 5/25 - V2 rec'd; with Cathy,Aug 18/25 - V3 sent to Province,"Lori: please confirm this project/SCO mapping. This is an educated guess: ""iStore to MySC (Addition)"" -> ""SCO-PROV-721 Amd SCO-557 Sch23 S5.7.1 BC SAG"" (token overlap 1/2; hint matched: istore, score 88).","Oct 2/25 - Adobe Sign
Sept 24/25 - Province confirmed VM will be ordered via SCO
Sept 16/25 - V5 sent to Province - Question with Province: Is Province ok to do iStore orders for virtual servers too? Is so, we can remove all App C charges from this SCO.
Sept 9/25 - V4.1 rec'd; with Cathy
Aug 18/25 - V3 sent to Province
Aug 5/25 - V2 rec'd; with Cathy
July 7/25 - V1 sent to Province
July 4/25 - Dan Deane confirmed servers; SCO updated, with Tyler
Mar 31/25 - With Alex Thompson to confirm servers
Mar 18/25 - Cathy reviewed; hold submission until after March 31"
iStore to MySC (Addition),88,token overlap 1/2; hint matched: istore,SCO-PROV-721 Amd SCO-557 Sch23 S5.7.1 BC SAG,102,V4.1,CSBC,2025-08-19,2025-09-09,22,16,Next day after: Aug 18/25 - V3 sent to Province,Sept 9/25 - V4.1 rec'd; with Cathy,"Lori: please confirm this project/SCO mapping. This is an educated guess: ""iStore to MySC (Addition)"" -> ""SCO-PROV-721 Amd SCO-557 Sch23 S5.7.1 BC SAG"" (token overlap 1/2; hint matched: istore, score 88).","Oct 2/25 - Adobe Sign
Sept 24/25 - Province confirmed VM will be ordered via SCO
Sept 16/25 - V5 sent to Province - Question with Province: Is Province ok to do iStore orders for virtual servers too? Is so, we can remove all App C charges from this SCO.
Sept 9/25 - V4.1 rec'd; with Cathy
Aug 18/25 - V3 sent to Province
Aug 5/25 - V2 rec'd; with Cathy
July 7/25 - V1 sent to Province
July 4/25 - Dan Deane confirmed servers; SCO updated, with Tyler
Mar 31/25 - With Alex Thompson to confirm servers
Mar 18/25 - Cathy reviewed; hold submission until after March 31"
iStore to MySC (Addition),88,token overlap 1/2; hint matched: istore,SCO-PROV-721 Amd SCO-557 Sch23 S5.7.1 BC SAG,102,V5,ADSL,2025-09-10,2025-09-16,7,5,Next day after: Sept 9/25 - V4.1 rec'd; with Cathy,"Sept 16/25 - V5 sent to Province - Question with Province: Is Province ok to do iStore orders for virtual servers too? Is so, we can remove all App C charges from this SCO.","Lori: please confirm this project/SCO mapping. This is an educated guess: ""iStore to MySC (Addition)"" -> ""SCO-PROV-721 Amd SCO-557 Sch23 S5.7.1 BC SAG"" (token overlap 1/2; hint matched: istore, score 88).","Oct 2/25 - Adobe Sign
Sept 24/25 - Province confirmed VM will be ordered via SCO
Sept 16/25 - V5 sent to Province - Question with Province: Is Province ok to do iStore orders for virtual servers too? Is so, we can remove all App C charges from this SCO.
Sept 9/25 - V4.1 rec'd; with Cathy
Aug 18/25 - V3 sent to Province
Aug 5/25 - V2 rec'd; with Cathy
July 7/25 - V1 sent to Province
July 4/25 - Dan Deane confirmed servers; SCO updated, with Tyler
Mar 31/25 - With Alex Thompson to confirm servers
Mar 18/25 - Cathy reviewed; hold submission until after March 31"
iStore to MySC (Addition),88,token overlap 1/2; hint matched: istore,SCO-PROV-721 Amd SCO-557 Sch23 S5.7.1 BC SAG,102,V5,SIGNINGTIME,2025-10-02,2025-10-02,1,1,Oct 2/25 - Adobe Sign,Oct 2/25 - Adobe Sign,"Lori: please confirm this project/SCO mapping. This is an educated guess: ""iStore to MySC (Addition)"" -> ""SCO-PROV-721 Amd SCO-557 Sch23 S5.7.1 BC SAG"" (token overlap 1/2; hint matched: istore, score 88).","Oct 2/25 - Adobe Sign
Sept 24/25 - Province confirmed VM will be ordered via SCO
Sept 16/25 - V5 sent to Province - Question with Province: Is Province ok to do iStore orders for virtual servers too? Is so, we can remove all App C charges from this SCO.
Sept 9/25 - V4.1 rec'd; with Cathy
Aug 18/25 - V3 sent to Province
Aug 5/25 - V2 rec'd; with Cathy
July 7/25 - V1 sent to Province
July 4/25 - Dan Deane confirmed servers; SCO updated, with Tyler
Mar 31/25 - With Alex Thompson to confirm servers
Mar 18/25 - Cathy reviewed; hold submission until after March 31"
iStore to MySC (Addition),88,token overlap 1/2; hint matched: istore,"SCO-PROV-732 HostSrvr SW(VMware)
(formerly Licensing_Dedicated Hosts)",110,V1,ADSL,2025-04-03,2025-06-02,61,43,Apr 3/25 - with Cathy/Craig,June 2/25 - V1 sent to Province,"Lori: please confirm this project/SCO mapping. This is an educated guess: ""iStore to MySC (Addition)"" -> ""SCO-PROV-732 HostSrvr SW(VMware)
(formerly Licensing_Dedicated Hosts)"" (token overlap 1/2; hint matched: istore, score 88).","Sept 23/25 - Adobe Sign
Sept 18/25 - V4.3 sent to Province; V4.4 sent to Province
Sept 17/25 - V4.2 sent to Province, with responses to questions
Sept 11/25 - V4.1 sent to Province
Sept 10/25 - updated; with Cathy
Sept 5/25 - V4 sent to Province; meeting held with Lina/Carol; with ADSL to update
Aug 26/25 - V3 rec'd; V4 with Cathy, Jessica, Craig
July 31/25 - Jessica sent email to Lina; waiting for direction from Lina
July 30/25 - RM to get info from Lina re requirements 
July 11/25 - Internal meeting scheduled today - With Maria U. and Jess H. to provide info from HUB to give to Province re: iStore PI info, and further discussion on VDI host servers
July 9/25 - V2 rec'd; V3 with Cathy/Craig
June 27/25 - V 1.1 sent to Ptovince
June 2/25 - V1 sent to Province
May 26/25 - Cathy updated SW fee; with Craig
Apr 28/25 - Followed up with Sian, she has a few questions before it can be sent
Apr 15/25 - Follow up with Sian
Apr 9/25 - With Sian
Apr 8/25 - With Tyler
Apr 3/25 - with Cathy/Craig"
iStore to MySC (Addition),88,token overlap 1/2; hint matched: istore,"SCO-PROV-732 HostSrvr SW(VMware)
(formerly Licensing_Dedicated Hosts)",110,V2,CSBC,2025-06-03,2025-07-09,37,27,Next day after: June 2/25 - V1 sent to Province,July 9/25 - V2 rec'd; V3 with Cathy/Craig,"Lori: please confirm this project/SCO mapping. This is an educated guess: ""iStore to MySC (Addition)"" -> ""SCO-PROV-732 HostSrvr SW(VMware)
(formerly Licensing_Dedicated Hosts)"" (token overlap 1/2; hint matched: istore, score 88).","Sept 23/25 - Adobe Sign
Sept 18/25 - V4.3 sent to Province; V4.4 sent to Province
Sept 17/25 - V4.2 sent to Province, with responses to questions
Sept 11/25 - V4.1 sent to Province
Sept 10/25 - updated; with Cathy
Sept 5/25 - V4 sent to Province; meeting held with Lina/Carol; with ADSL to update
Aug 26/25 - V3 rec'd; V4 with Cathy, Jessica, Craig
July 31/25 - Jessica sent email to Lina; waiting for direction from Lina
July 30/25 - RM to get info from Lina re requirements 
July 11/25 - Internal meeting scheduled today - With Maria U. and Jess H. to provide info from HUB to give to Province re: iStore PI info, and further discussion on VDI host servers
July 9/25 - V2 rec'd; V3 with Cathy/Craig
June 27/25 - V 1.1 sent to Ptovince
June 2/25 - V1 sent to Province
May 26/25 - Cathy updated SW fee; with Craig
Apr 28/25 - Followed up with Sian, she has a few questions before it can be sent
Apr 15/25 - Follow up with Sian
Apr 9/25 - With Sian
Apr 8/25 - With Tyler
Apr 3/25 - with Cathy/Craig"
iStore to MySC (Addition),88,token overlap 1/2; hint matched: istore,"SCO-PROV-732 HostSrvr SW(VMware)
(formerly Licensing_Dedicated Hosts)",110,V3,CSBC,2025-07-10,2025-08-26,48,34,Next day after: July 9/25 - V2 rec'd; V3 with Cathy/Craig,"Aug 26/25 - V3 rec'd; V4 with Cathy, Jessica, Craig","Lori: please confirm this project/SCO mapping. This is an educated guess: ""iStore to MySC (Addition)"" -> ""SCO-PROV-732 HostSrvr SW(VMware)
(formerly Licensing_Dedicated Hosts)"" (token overlap 1/2; hint matched: istore, score 88).","Sept 23/25 - Adobe Sign
Sept 18/25 - V4.3 sent to Province; V4.4 sent to Province
Sept 17/25 - V4.2 sent to Province, with responses to questions
Sept 11/25 - V4.1 sent to Province
Sept 10/25 - updated; with Cathy
Sept 5/25 - V4 sent to Province; meeting held with Lina/Carol; with ADSL to update
Aug 26/25 - V3 rec'd; V4 with Cathy, Jessica, Craig
July 31/25 - Jessica sent email to Lina; waiting for direction from Lina
July 30/25 - RM to get info from Lina re requirements 
July 11/25 - Internal meeting scheduled today - With Maria U. and Jess H. to provide info from HUB to give to Province re: iStore PI info, and further discussion on VDI host servers
July 9/25 - V2 rec'd; V3 with Cathy/Craig
June 27/25 - V 1.1 sent to Ptovince
June 2/25 - V1 sent to Province
May 26/25 - Cathy updated SW fee; with Craig
Apr 28/25 - Followed up with Sian, she has a few questions before it can be sent
Apr 15/25 - Follow up with Sian
Apr 9/25 - With Sian
Apr 8/25 - With Tyler
Apr 3/25 - with Cathy/Craig"
iStore to MySC (Addition),88,token overlap 1/2; hint matched: istore,"SCO-PROV-732 HostSrvr SW(VMware)
(formerly Licensing_Dedicated Hosts)",110,V4,ADSL,2025-08-27,2025-09-05,10,8,"Next day after: Aug 26/25 - V3 rec'd; V4 with Cathy, Jessica, Craig",Sept 5/25 - V4 sent to Province; meeting held with Lina/Carol; with ADSL to update,"Lori: please confirm this project/SCO mapping. This is an educated guess: ""iStore to MySC (Addition)"" -> ""SCO-PROV-732 HostSrvr SW(VMware)
(formerly Licensing_Dedicated Hosts)"" (token overlap 1/2; hint matched: istore, score 88).","Sept 23/25 - Adobe Sign
Sept 18/25 - V4.3 sent to Province; V4.4 sent to Province
Sept 17/25 - V4.2 sent to Province, with responses to questions
Sept 11/25 - V4.1 sent to Province
Sept 10/25 - updated; with Cathy
Sept 5/25 - V4 sent to Province; meeting held with Lina/Carol; with ADSL to update
Aug 26/25 - V3 rec'd; V4 with Cathy, Jessica, Craig
July 31/25 - Jessica sent email to Lina; waiting for direction from Lina
July 30/25 - RM to get info from Lina re requirements 
July 11/25 - Internal meeting scheduled today - With Maria U. and Jess H. to provide info from HUB to give to Province re: iStore PI info, and further discussion on VDI host servers
July 9/25 - V2 rec'd; V3 with Cathy/Craig
June 27/25 - V 1.1 sent to Ptovince
June 2/25 - V1 sent to Province
May 26/25 - Cathy updated SW fee; with Craig
Apr 28/25 - Followed up with Sian, she has a few questions before it can be sent
Apr 15/25 - Follow up with Sian
Apr 9/25 - With Sian
Apr 8/25 - With Tyler
Apr 3/25 - with Cathy/Craig"
iStore to MySC (Addition),88,token overlap 1/2; hint matched: istore,"SCO-PROV-732 HostSrvr SW(VMware)
(formerly Licensing_Dedicated Hosts)",110,V5,CSBC,2025-09-06,2025-09-18,13,9,Next day after: Sept 5/25 - V4 sent to Province; meeting held with Lina/Carol; with ADSL to update,Sept 18/25 - V4.3 sent to Province; V4.4 sent to Province,"Lori: inferred handoff to ADSL from internal ADSL work line; please confirm. Lori: please confirm this project/SCO mapping. This is an educated guess: ""iStore to MySC (Addition)"" -> ""SCO-PROV-732 HostSrvr SW(VMware)
(formerly Licensing_Dedicated Hosts)"" (token overlap 1/2; hint matched: istore, score 88).","Sept 23/25 - Adobe Sign
Sept 18/25 - V4.3 sent to Province; V4.4 sent to Province
Sept 17/25 - V4.2 sent to Province, with responses to questions
Sept 11/25 - V4.1 sent to Province
Sept 10/25 - updated; with Cathy
Sept 5/25 - V4 sent to Province; meeting held with Lina/Carol; with ADSL to update
Aug 26/25 - V3 rec'd; V4 with Cathy, Jessica, Craig
July 31/25 - Jessica sent email to Lina; waiting for direction from Lina
July 30/25 - RM to get info from Lina re requirements 
July 11/25 - Internal meeting scheduled today - With Maria U. and Jess H. to provide info from HUB to give to Province re: iStore PI info, and further discussion on VDI host servers
July 9/25 - V2 rec'd; V3 with Cathy/Craig
June 27/25 - V 1.1 sent to Ptovince
June 2/25 - V1 sent to Province
May 26/25 - Cathy updated SW fee; with Craig
Apr 28/25 - Followed up with Sian, she has a few questions before it can be sent
Apr 15/25 - Follow up with Sian
Apr 9/25 - With Sian
Apr 8/25 - With Tyler
Apr 3/25 - with Cathy/Craig"
iStore to MySC (Addition),88,token overlap 1/2; hint matched: istore,"SCO-PROV-732 HostSrvr SW(VMware)
(formerly Licensing_Dedicated Hosts)",110,V6,ADSL,2025-09-10,2025-09-11,2,2,Sept 10/25 - updated; with Cathy,Sept 11/25 - V4.1 sent to Province,"Lori: please confirm this project/SCO mapping. This is an educated guess: ""iStore to MySC (Addition)"" -> ""SCO-PROV-732 HostSrvr SW(VMware)
(formerly Licensing_Dedicated Hosts)"" (token overlap 1/2; hint matched: istore, score 88).","Sept 23/25 - Adobe Sign
Sept 18/25 - V4.3 sent to Province; V4.4 sent to Province
Sept 17/25 - V4.2 sent to Province, with responses to questions
Sept 11/25 - V4.1 sent to Province
Sept 10/25 - updated; with Cathy
Sept 5/25 - V4 sent to Province; meeting held with Lina/Carol; with ADSL to update
Aug 26/25 - V3 rec'd; V4 with Cathy, Jessica, Craig
July 31/25 - Jessica sent email to Lina; waiting for direction from Lina
July 30/25 - RM to get info from Lina re requirements 
July 11/25 - Internal meeting scheduled today - With Maria U. and Jess H. to provide info from HUB to give to Province re: iStore PI info, and further discussion on VDI host servers
July 9/25 - V2 rec'd; V3 with Cathy/Craig
June 27/25 - V 1.1 sent to Ptovince
June 2/25 - V1 sent to Province
May 26/25 - Cathy updated SW fee; with Craig
Apr 28/25 - Followed up with Sian, she has a few questions before it can be sent
Apr 15/25 - Follow up with Sian
Apr 9/25 - With Sian
Apr 8/25 - With Tyler
Apr 3/25 - with Cathy/Craig"
iStore to MySC (Addition),88,token overlap 1/2; hint matched: istore,"SCO-PROV-732 HostSrvr SW(VMware)
(formerly Licensing_Dedicated Hosts)",110,V4.1,ADSL,2025-09-11,2025-09-11,1,1,Sept 11/25 - V4.1 sent to Province,Sept 11/25 - V4.1 sent to Province,"Lori: please confirm this project/SCO mapping. This is an educated guess: ""iStore to MySC (Addition)"" -> ""SCO-PROV-732 HostSrvr SW(VMware)
(formerly Licensing_Dedicated Hosts)"" (token overlap 1/2; hint matched: istore, score 88).","Sept 23/25 - Adobe Sign
Sept 18/25 - V4.3 sent to Province; V4.4 sent to Province
Sept 17/25 - V4.2 sent to Province, with responses to questions
Sept 11/25 - V4.1 sent to Province
Sept 10/25 - updated; with Cathy
Sept 5/25 - V4 sent to Province; meeting held with Lina/Carol; with ADSL to update
Aug 26/25 - V3 rec'd; V4 with Cathy, Jessica, Craig
July 31/25 - Jessica sent email to Lina; waiting for direction from Lina
July 30/25 - RM to get info from Lina re requirements 
July 11/25 - Internal meeting scheduled today - With Maria U. and Jess H. to provide info from HUB to give to Province re: iStore PI info, and further discussion on VDI host servers
July 9/25 - V2 rec'd; V3 with Cathy/Craig
June 27/25 - V 1.1 sent to Ptovince
June 2/25 - V1 sent to Province
May 26/25 - Cathy updated SW fee; with Craig
Apr 28/25 - Followed up with Sian, she has a few questions before it can be sent
Apr 15/25 - Follow up with Sian
Apr 9/25 - With Sian
Apr 8/25 - With Tyler
Apr 3/25 - with Cathy/Craig"
iStore to MySC (Addition),88,token overlap 1/2; hint matched: istore,"SCO-PROV-732 HostSrvr SW(VMware)
(formerly Licensing_Dedicated Hosts)",110,V4.2,ADSL,2025-09-17,2025-09-17,1,1,"Sept 17/25 - V4.2 sent to Province, with responses to questions","Sept 17/25 - V4.2 sent to Province, with responses to questions","Lori: please confirm this project/SCO mapping. This is an educated guess: ""iStore to MySC (Addition)"" -> ""SCO-PROV-732 HostSrvr SW(VMware)
(formerly Licensing_Dedicated Hosts)"" (token overlap 1/2; hint matched: istore, score 88).","Sept 23/25 - Adobe Sign
Sept 18/25 - V4.3 sent to Province; V4.4 sent to Province
Sept 17/25 - V4.2 sent to Province, with responses to questions
Sept 11/25 - V4.1 sent to Province
Sept 10/25 - updated; with Cathy
Sept 5/25 - V4 sent to Province; meeting held with Lina/Carol; with ADSL to update
Aug 26/25 - V3 rec'd; V4 with Cathy, Jessica, Craig
July 31/25 - Jessica sent email to Lina; waiting for direction from Lina
July 30/25 - RM to get info from Lina re requirements 
July 11/25 - Internal meeting scheduled today - With Maria U. and Jess H. to provide info from HUB to give to Province re: iStore PI info, and further discussion on VDI host servers
July 9/25 - V2 rec'd; V3 with Cathy/Craig
June 27/25 - V 1.1 sent to Ptovince
June 2/25 - V1 sent to Province
May 26/25 - Cathy updated SW fee; with Craig
Apr 28/25 - Followed up with Sian, she has a few questions before it can be sent
Apr 15/25 - Follow up with Sian
Apr 9/25 - With Sian
Apr 8/25 - With Tyler
Apr 3/25 - with Cathy/Craig"
iStore to MySC (Addition),88,token overlap 1/2; hint matched: istore,"SCO-PROV-732 HostSrvr SW(VMware)
(formerly Licensing_Dedicated Hosts)",110,V4.3,ADSL,2025-09-18,2025-09-18,1,1,Sept 18/25 - V4.3 sent to Province; V4.4 sent to Province,Sept 18/25 - V4.3 sent to Province; V4.4 sent to Province,"Lori: please confirm this project/SCO mapping. This is an educated guess: ""iStore to MySC (Addition)"" -> ""SCO-PROV-732 HostSrvr SW(VMware)
(formerly Licensing_Dedicated Hosts)"" (token overlap 1/2; hint matched: istore, score 88).","Sept 23/25 - Adobe Sign
Sept 18/25 - V4.3 sent to Province; V4.4 sent to Province
Sept 17/25 - V4.2 sent to Province, with responses to questions
Sept 11/25 - V4.1 sent to Province
Sept 10/25 - updated; with Cathy
Sept 5/25 - V4 sent to Province; meeting held with Lina/Carol; with ADSL to update
Aug 26/25 - V3 rec'd; V4 with Cathy, Jessica, Craig
July 31/25 - Jessica sent email to Lina; waiting for direction from Lina
July 30/25 - RM to get info from Lina re requirements 
July 11/25 - Internal meeting scheduled today - With Maria U. and Jess H. to provide info from HUB to give to Province re: iStore PI info, and further discussion on VDI host servers
July 9/25 - V2 rec'd; V3 with Cathy/Craig
June 27/25 - V 1.1 sent to Ptovince
June 2/25 - V1 sent to Province
May 26/25 - Cathy updated SW fee; with Craig
Apr 28/25 - Followed up with Sian, she has a few questions before it can be sent
Apr 15/25 - Follow up with Sian
Apr 9/25 - With Sian
Apr 8/25 - With Tyler
Apr 3/25 - with Cathy/Craig"
iStore to MySC (Addition),88,token overlap 1/2; hint matched: istore,"SCO-PROV-732 HostSrvr SW(VMware)
(formerly Licensing_Dedicated Hosts)",110,V4.3,SIGNINGTIME,2025-09-23,2025-09-23,1,1,Sept 23/25 - Adobe Sign,Sept 23/25 - Adobe Sign,"Lori: please confirm this project/SCO mapping. This is an educated guess: ""iStore to MySC (Addition)"" -> ""SCO-PROV-732 HostSrvr SW(VMware)
(formerly Licensing_Dedicated Hosts)"" (token overlap 1/2; hint matched: istore, score 88).","Sept 23/25 - Adobe Sign
Sept 18/25 - V4.3 sent to Province; V4.4 sent to Province
Sept 17/25 - V4.2 sent to Province, with responses to questions
Sept 11/25 - V4.1 sent to Province
Sept 10/25 - updated; with Cathy
Sept 5/25 - V4 sent to Province; meeting held with Lina/Carol; with ADSL to update
Aug 26/25 - V3 rec'd; V4 with Cathy, Jessica, Craig
July 31/25 - Jessica sent email to Lina; waiting for direction from Lina
July 30/25 - RM to get info from Lina re requirements 
July 11/25 - Internal meeting scheduled today - With Maria U. and Jess H. to provide info from HUB to give to Province re: iStore PI info, and further discussion on VDI host servers
July 9/25 - V2 rec'd; V3 with Cathy/Craig
June 27/25 - V 1.1 sent to Ptovince
June 2/25 - V1 sent to Province
May 26/25 - Cathy updated SW fee; with Craig
Apr 28/25 - Followed up with Sian, she has a few questions before it can be sent
Apr 15/25 - Follow up with Sian
Apr 9/25 - With Sian
Apr 8/25 - With Tyler
Apr 3/25 - with Cathy/Craig"
iStore to MySC (Addition),88,token overlap 1/2; hint matched: istore,SCO-PROV-743 iStore Replacement,121,V1,ADSL,2025-05-21,2025-05-22,2,2,May 21/25 - with Sian,May 22/25 - V1 sent to Province,"Lori: please confirm this project/SCO mapping. This is an educated guess: ""iStore to MySC (Addition)"" -> ""SCO-PROV-743 iStore Replacement"" (token overlap 1/2; hint matched: istore, score 88).","July 15/25 - Completed
July 10/25 - Sent via Adobe Sign
July 9/25 - Province agreed to move to final
July 7/25 - V5 sent to Province
June 27/25 - V4 rec'd; with Rian
June 4/25 - V3 sent to Province
May 29/25 - V2.1 rec'd; with Rian
May 22/25 - V1 sent to Province
May 21/25 - with Sian"
iStore to MySC (Addition),88,token overlap 1/2; hint matched: istore,SCO-PROV-743 iStore Replacement,121,V2.1,CSBC,2025-05-23,2025-05-29,7,5,Next day after: May 22/25 - V1 sent to Province,May 29/25 - V2.1 rec'd; with Rian,"Lori: please confirm this project/SCO mapping. This is an educated guess: ""iStore to MySC (Addition)"" -> ""SCO-PROV-743 iStore Replacement"" (token overlap 1/2; hint matched: istore, score 88).","July 15/25 - Completed
July 10/25 - Sent via Adobe Sign
July 9/25 - Province agreed to move to final
July 7/25 - V5 sent to Province
June 27/25 - V4 rec'd; with Rian
June 4/25 - V3 sent to Province
May 29/25 - V2.1 rec'd; with Rian
May 22/25 - V1 sent to Province
May 21/25 - with Sian"
iStore to MySC (Addition),88,token overlap 1/2; hint matched: istore,SCO-PROV-743 iStore Replacement,121,V3,ADSL,2025-05-30,2025-06-04,6,4,Next day after: May 29/25 - V2.1 rec'd; with Rian,June 4/25 - V3 sent to Province,"Lori: please confirm this project/SCO mapping. This is an educated guess: ""iStore to MySC (Addition)"" -> ""SCO-PROV-743 iStore Replacement"" (token overlap 1/2; hint matched: istore, score 88).","July 15/25 - Completed
July 10/25 - Sent via Adobe Sign
July 9/25 - Province agreed to move to final
July 7/25 - V5 sent to Province
June 27/25 - V4 rec'd; with Rian
June 4/25 - V3 sent to Province
May 29/25 - V2.1 rec'd; with Rian
May 22/25 - V1 sent to Province
May 21/25 - with Sian"
iStore to MySC (Addition),88,token overlap 1/2; hint matched: istore,SCO-PROV-743 iStore Replacement,121,V4,CSBC,2025-06-05,2025-06-27,23,17,Next day after: June 4/25 - V3 sent to Province,June 27/25 - V4 rec'd; with Rian,"Lori: please confirm this project/SCO mapping. This is an educated guess: ""iStore to MySC (Addition)"" -> ""SCO-PROV-743 iStore Replacement"" (token overlap 1/2; hint matched: istore, score 88).","July 15/25 - Completed
July 10/25 - Sent via Adobe Sign
July 9/25 - Province agreed to move to final
July 7/25 - V5 sent to Province
June 27/25 - V4 rec'd; with Rian
June 4/25 - V3 sent to Province
May 29/25 - V2.1 rec'd; with Rian
May 22/25 - V1 sent to Province
May 21/25 - with Sian"
iStore to MySC (Addition),88,token overlap 1/2; hint matched: istore,SCO-PROV-743 iStore Replacement,121,V5,ADSL,2025-06-28,2025-07-07,10,6,Next day after: June 27/25 - V4 rec'd; with Rian,July 7/25 - V5 sent to Province,"Lori: please confirm this project/SCO mapping. This is an educated guess: ""iStore to MySC (Addition)"" -> ""SCO-PROV-743 iStore Replacement"" (token overlap 1/2; hint matched: istore, score 88).","July 15/25 - Completed
July 10/25 - Sent via Adobe Sign
July 9/25 - Province agreed to move to final
July 7/25 - V5 sent to Province
June 27/25 - V4 rec'd; with Rian
June 4/25 - V3 sent to Province
May 29/25 - V2.1 rec'd; with Rian
May 22/25 - V1 sent to Province
May 21/25 - with Sian"
iStore to MySC (Addition),88,token overlap 1/2; hint matched: istore,SCO-PROV-743 iStore Replacement,121,V5,SIGNINGTIME,2025-07-09,2025-07-15,7,5,July 9/25 - Province agreed to move to final,July 15/25 - Completed,"Lori: please confirm this project/SCO mapping. This is an educated guess: ""iStore to MySC (Addition)"" -> ""SCO-PROV-743 iStore Replacement"" (token overlap 1/2; hint matched: istore, score 88).","July 15/25 - Completed
July 10/25 - Sent via Adobe Sign
July 9/25 - Province agreed to move to final
July 7/25 - V5 sent to Province
June 27/25 - V4 rec'd; with Rian
June 4/25 - V3 sent to Province
May 29/25 - V2.1 rec'd; with Rian
May 22/25 - V1 sent to Province
May 21/25 - with Sian"
iStore to MySC (Addition),88,token overlap 1/2; hint matched: istore,SCO-PROV-756 Amd SCO-743 iStore Replacement,134,V1,ADSL,2025-07-18,2025-08-01,15,11,July 18/25 - with Michelle / Cathy,Aug 1/25 - V1 sent to Province,"Lori: please confirm this project/SCO mapping. This is an educated guess: ""iStore to MySC (Addition)"" -> ""SCO-PROV-756 Amd SCO-743 iStore Replacement"" (token overlap 1/2; hint matched: istore, score 88).","Oct 31/25 - Adobe Sign
Aug 6/25 - V1.1 sent to Province
Aug 1/25 - V1 sent to Province
July 18/25 - with Michelle / Cathy"
iStore to MySC (Addition),88,token overlap 1/2; hint matched: istore,SCO-PROV-756 Amd SCO-743 iStore Replacement,134,V2,CSBC,2025-08-02,2025-08-06,5,3,Next day after: Aug 1/25 - V1 sent to Province,Aug 6/25 - V1.1 sent to Province,"Lori: please confirm this project/SCO mapping. This is an educated guess: ""iStore to MySC (Addition)"" -> ""SCO-PROV-756 Amd SCO-743 iStore Replacement"" (token overlap 1/2; hint matched: istore, score 88).","Oct 31/25 - Adobe Sign
Aug 6/25 - V1.1 sent to Province
Aug 1/25 - V1 sent to Province
July 18/25 - with Michelle / Cathy"
iStore to MySC (Addition),88,token overlap 1/2; hint matched: istore,SCO-PROV-756 Amd SCO-743 iStore Replacement,134,V1.1,ADSL,2025-08-06,2025-08-06,1,1,Aug 6/25 - V1.1 sent to Province,Aug 6/25 - V1.1 sent to Province,"Lori: please confirm this project/SCO mapping. This is an educated guess: ""iStore to MySC (Addition)"" -> ""SCO-PROV-756 Amd SCO-743 iStore Replacement"" (token overlap 1/2; hint matched: istore, score 88).","Oct 31/25 - Adobe Sign
Aug 6/25 - V1.1 sent to Province
Aug 1/25 - V1 sent to Province
July 18/25 - with Michelle / Cathy"
iStore to MySC (Addition),88,token overlap 1/2; hint matched: istore,SCO-PROV-756 Amd SCO-743 iStore Replacement,134,V1.1,SIGNINGTIME,2025-10-31,2025-10-31,1,1,Oct 31/25 - Adobe Sign,Oct 31/25 - Adobe Sign,"Lori: please confirm this project/SCO mapping. This is an educated guess: ""iStore to MySC (Addition)"" -> ""SCO-PROV-756 Amd SCO-743 iStore Replacement"" (token overlap 1/2; hint matched: istore, score 88).","Oct 31/25 - Adobe Sign
Aug 6/25 - V1.1 sent to Province
Aug 1/25 - V1 sent to Province
July 18/25 - with Michelle / Cathy"
iStore to MySC (Addition),88,token overlap 1/2; hint matched: istore,SCO-PROV-771 Amd SCO-743 iStore Replacement,152,V1,ADSL,2025-12-17,2025-12-18,2,2,Dec 17/25 - with Sian,Dec 18/25 - V1 sent to Province,"Lori: please confirm this project/SCO mapping. This is an educated guess: ""iStore to MySC (Addition)"" -> ""SCO-PROV-771 Amd SCO-743 iStore Replacement"" (token overlap 1/2; hint matched: istore, score 88).","Jan 13/26 - V2 rec'd; Adobe Sign
Dec 18/25 - V1 sent to Province
Dec 17/25 - with Sian"
iStore to MySC (Addition),88,token overlap 1/2; hint matched: istore,SCO-PROV-771 Amd SCO-743 iStore Replacement,152,V1,SIGNINGTIME,2026-01-13,2026-01-13,1,1,Jan 13/26 - V2 rec'd; Adobe Sign,Jan 13/26 - V2 rec'd; Adobe Sign,"Lori: please confirm this project/SCO mapping. This is an educated guess: ""iStore to MySC (Addition)"" -> ""SCO-PROV-771 Amd SCO-743 iStore Replacement"" (token overlap 1/2; hint matched: istore, score 88).","Jan 13/26 - V2 rec'd; Adobe Sign
Dec 18/25 - V1 sent to Province
Dec 17/25 - with Sian"
iStore to MySC (Addition),88,token overlap 1/2; hint matched: istore,SCO-PROV-782 Amd SCO-743 iStore Repl,162,V1,ADSL,2026-02-13,2026-02-13,1,1,Feb 13/26 - V1 sent to Province,Feb 13/26 - V1 sent to Province,"Lori: please confirm this project/SCO mapping. This is an educated guess: ""iStore to MySC (Addition)"" -> ""SCO-PROV-782 Amd SCO-743 iStore Repl"" (token overlap 1/2; hint matched: istore, score 88).","Mar 13/26 - Adobe Sign
Feb 13/26 - V1 sent to Province"
iStore to MySC (Addition),88,token overlap 1/2; hint matched: istore,SCO-PROV-782 Amd SCO-743 iStore Repl,162,V1,SIGNINGTIME,2026-03-13,2026-03-13,1,1,Mar 13/26 - Adobe Sign,Mar 13/26 - Adobe Sign,"Lori: please confirm this project/SCO mapping. This is an educated guess: ""iStore to MySC (Addition)"" -> ""SCO-PROV-782 Amd SCO-743 iStore Repl"" (token overlap 1/2; hint matched: istore, score 88).","Mar 13/26 - Adobe Sign
Feb 13/26 - V1 sent to Province"
