projectname,project_match_score,project_match_reason,sco,excel_row_number,versionnumber,with_party,started_on,ended_on,total_calendar_days,total_business_days,source_start_event,source_end_event,needs_lori_to_confirm,reasoning_because_this_was_complex,raw_status_text
Maestro Firewall Upgrade,100,project supplied directly by Lori's Completed SCOs consolidated lists v1.0.xlsx,CR-CAP-038 Maestro GEN_SEC Refresh,2,V1,ADSL,2025-03-31,2025-04-01,2,2,Mar 31/25 - with Sam,"Apr 1/25 - V1 sent to Province, pending tech stew",,"The lifecycle opened on the ADSL side until the first Province handoff was visible. The send/submission date is counted with the sender, per Sam.","Aug 27/25 - Signed
Aug 26/25 - approved for signing; Province to confirm signatory
Aug 7/25 - V3 sent to Province
Aug 6/25 - V2.3 rec'd
July 8/25 - V1.1 sent to Province
July 7/25 - V1.1 with Cathy/Joyce
July 4/25 - Joyce updating table
June 27/25 - internal meeting scheduled for July 4
June 24/25 - with Sam / Joyce
June 12/25 - Still waiting on quotes for a few replacement items
May 27/25 - Pending client design approval and final quotes from vendors.
May 15/25 - Brian and Sam discussing
Apr 22/25 - No Tech Stew approval needed, Province has V1
Apr 1/25 - V1 sent to Province, pending tech stew
Mar 31/25 - with Sam"
Maestro Firewall Upgrade,100,project supplied directly by Lori's Completed SCOs consolidated lists v1.0.xlsx,CR-CAP-038 Maestro GEN_SEC Refresh,2,V2,CSBC,2025-04-02,2025-05-14,43,31,"Apr 1/25 - V1 sent to Province, pending tech stew",May 15/25 - Brian and Sam discussing,ADSL/internal work resumed after a Province send without an explicit returned/back/received line; v9 inferred a CSBC interval followed by the next ADSL turn.,Province held the document after the prior send until the next explicit or inferred hand-back.,"Aug 27/25 - Signed
Aug 26/25 - approved for signing; Province to confirm signatory
Aug 7/25 - V3 sent to Province
Aug 6/25 - V2.3 rec'd
July 8/25 - V1.1 sent to Province
July 7/25 - V1.1 with Cathy/Joyce
July 4/25 - Joyce updating table
June 27/25 - internal meeting scheduled for July 4
June 24/25 - with Sam / Joyce
June 12/25 - Still waiting on quotes for a few replacement items
May 27/25 - Pending client design approval and final quotes from vendors.
May 15/25 - Brian and Sam discussing
Apr 22/25 - No Tech Stew approval needed, Province has V1
Apr 1/25 - V1 sent to Province, pending tech stew
Mar 31/25 - with Sam"
Maestro Firewall Upgrade,100,project supplied directly by Lori's Completed SCOs consolidated lists v1.0.xlsx,CR-CAP-038 Maestro GEN_SEC Refresh,2,V3,ADSL,2025-05-15,2025-07-08,55,39,May 15/25 - Brian and Sam discussing,July 8/25 - V1.1 sent to Province,ADSL/internal work resumed after a Province send without an explicit returned/back/received line; v9 inferred a CSBC interval followed by the next ADSL turn.,"ADSL/internal work resumed, so a new ADSL editing turn was inferred before the next send/signing event. The send/submission date is counted with the sender, per Sam.","Aug 27/25 - Signed
Aug 26/25 - approved for signing; Province to confirm signatory
Aug 7/25 - V3 sent to Province
Aug 6/25 - V2.3 rec'd
July 8/25 - V1.1 sent to Province
July 7/25 - V1.1 with Cathy/Joyce
July 4/25 - Joyce updating table
June 27/25 - internal meeting scheduled for July 4
June 24/25 - with Sam / Joyce
June 12/25 - Still waiting on quotes for a few replacement items
May 27/25 - Pending client design approval and final quotes from vendors.
May 15/25 - Brian and Sam discussing
Apr 22/25 - No Tech Stew approval needed, Province has V1
Apr 1/25 - V1 sent to Province, pending tech stew
Mar 31/25 - with Sam"
Maestro Firewall Upgrade,100,project supplied directly by Lori's Completed SCOs consolidated lists v1.0.xlsx,CR-CAP-038 Maestro GEN_SEC Refresh,2,V4,CSBC,2025-07-09,2025-08-06,29,21,July 8/25 - V1.1 sent to Province,Aug 6/25 - V2.3 rec'd,Explicit returned version 2.3 did not match the normalized ownership turn V4; v9 kept normalized turn labels and Lori should confirm the exact version breadcrumb.,Province held the document after the prior send until the next explicit or inferred hand-back.,"Aug 27/25 - Signed
Aug 26/25 - approved for signing; Province to confirm signatory
Aug 7/25 - V3 sent to Province
Aug 6/25 - V2.3 rec'd
July 8/25 - V1.1 sent to Province
July 7/25 - V1.1 with Cathy/Joyce
July 4/25 - Joyce updating table
June 27/25 - internal meeting scheduled for July 4
June 24/25 - with Sam / Joyce
June 12/25 - Still waiting on quotes for a few replacement items
May 27/25 - Pending client design approval and final quotes from vendors.
May 15/25 - Brian and Sam discussing
Apr 22/25 - No Tech Stew approval needed, Province has V1
Apr 1/25 - V1 sent to Province, pending tech stew
Mar 31/25 - with Sam"
Maestro Firewall Upgrade,100,project supplied directly by Lori's Completed SCOs consolidated lists v1.0.xlsx,CR-CAP-038 Maestro GEN_SEC Refresh,2,V5,ADSL,2025-08-07,2025-08-07,1,1,Aug 6/25 - V2.3 rec'd,Aug 7/25 - V3 sent to Province,,"After the returned/back event, the next ADSL turn ran until the next Province submission. The send/submission date is counted with the sender, per Sam.","Aug 27/25 - Signed
Aug 26/25 - approved for signing; Province to confirm signatory
Aug 7/25 - V3 sent to Province
Aug 6/25 - V2.3 rec'd
July 8/25 - V1.1 sent to Province
July 7/25 - V1.1 with Cathy/Joyce
July 4/25 - Joyce updating table
June 27/25 - internal meeting scheduled for July 4
June 24/25 - with Sam / Joyce
June 12/25 - Still waiting on quotes for a few replacement items
May 27/25 - Pending client design approval and final quotes from vendors.
May 15/25 - Brian and Sam discussing
Apr 22/25 - No Tech Stew approval needed, Province has V1
Apr 1/25 - V1 sent to Province, pending tech stew
Mar 31/25 - with Sam"
Maestro Firewall Upgrade,100,project supplied directly by Lori's Completed SCOs consolidated lists v1.0.xlsx,CR-CAP-038 Maestro GEN_SEC Refresh,2,V5,SIGNINGTIME,2025-08-08,2025-08-27,20,14,Aug 7/25 - V3 sent to Province,Aug 27/25 - Signed,,"The next meaningful event after the send was signing/final workflow, so no new CSBC editing turn was created.","Aug 27/25 - Signed
Aug 26/25 - approved for signing; Province to confirm signatory
Aug 7/25 - V3 sent to Province
Aug 6/25 - V2.3 rec'd
July 8/25 - V1.1 sent to Province
July 7/25 - V1.1 with Cathy/Joyce
July 4/25 - Joyce updating table
June 27/25 - internal meeting scheduled for July 4
June 24/25 - with Sam / Joyce
June 12/25 - Still waiting on quotes for a few replacement items
May 27/25 - Pending client design approval and final quotes from vendors.
May 15/25 - Brian and Sam discussing
Apr 22/25 - No Tech Stew approval needed, Province has V1
Apr 1/25 - V1 sent to Province, pending tech stew
Mar 31/25 - with Sam"
Public Cloud MCS OpenShift Project (ROSA),100,project supplied directly by Lori's Completed SCOs consolidated lists v1.0.xlsx,CR-CAP-053 CITZ MCS OpenShift Server,3,V1,ADSL,2025-06-25,2025-07-04,10,8,June 25/25 - with Cathy / Adam,July 4/25 - V1 sent to Province,,"The lifecycle opened on the ADSL side until the first Province handoff was visible. The send/submission date is counted with the sender, per Sam.","Aug 14/25 - Signed
July 30/25 - V3 sent to Province
July 28/25 - V2.1 rec'd
July 22/25 - V1.1 sent to Province
July 4/25 - V1 sent to Province
June 25/25 - with Cathy / Adam"
Public Cloud MCS OpenShift Project (ROSA),100,project supplied directly by Lori's Completed SCOs consolidated lists v1.0.xlsx,CR-CAP-053 CITZ MCS OpenShift Server,3,V2,CSBC,2025-07-05,2025-07-21,17,11,July 4/25 - V1 sent to Province,July 22/25 - V1.1 sent to Province,A new Province submission appeared without an explicit return line; v9 inferred the prior CSBC interval and then started the next ADSL turn on the new send date.,Province held the document after the prior send until the next explicit or inferred hand-back.,"Aug 14/25 - Signed
July 30/25 - V3 sent to Province
July 28/25 - V2.1 rec'd
July 22/25 - V1.1 sent to Province
July 4/25 - V1 sent to Province
June 25/25 - with Cathy / Adam"
Public Cloud MCS OpenShift Project (ROSA),100,project supplied directly by Lori's Completed SCOs consolidated lists v1.0.xlsx,CR-CAP-053 CITZ MCS OpenShift Server,3,V3,ADSL,2025-07-22,2025-07-22,1,1,July 22/25 - V1.1 sent to Province,July 22/25 - V1.1 sent to Province,A new Province submission appeared without an explicit return line; Lori should confirm the missing hand-back sequence.,"A new ADSL turn was inferred because a later Province submission occurred without an explicit return event in the source text. The send/submission date is counted with the sender, per Sam.","Aug 14/25 - Signed
July 30/25 - V3 sent to Province
July 28/25 - V2.1 rec'd
July 22/25 - V1.1 sent to Province
July 4/25 - V1 sent to Province
June 25/25 - with Cathy / Adam"
Public Cloud MCS OpenShift Project (ROSA),100,project supplied directly by Lori's Completed SCOs consolidated lists v1.0.xlsx,CR-CAP-053 CITZ MCS OpenShift Server,3,V4,CSBC,2025-07-23,2025-07-28,6,4,July 22/25 - V1.1 sent to Province,July 28/25 - V2.1 rec'd,Explicit returned version 2.1 did not match the normalized ownership turn V4; v9 kept normalized turn labels and Lori should confirm the exact version breadcrumb.,Province held the document after the prior send until the next explicit or inferred hand-back.,"Aug 14/25 - Signed
July 30/25 - V3 sent to Province
July 28/25 - V2.1 rec'd
July 22/25 - V1.1 sent to Province
July 4/25 - V1 sent to Province
June 25/25 - with Cathy / Adam"
Public Cloud MCS OpenShift Project (ROSA),100,project supplied directly by Lori's Completed SCOs consolidated lists v1.0.xlsx,CR-CAP-053 CITZ MCS OpenShift Server,3,V5,ADSL,2025-07-29,2025-07-30,2,2,July 28/25 - V2.1 rec'd,July 30/25 - V3 sent to Province,,"After the returned/back event, the next ADSL turn ran until the next Province submission. The send/submission date is counted with the sender, per Sam.","Aug 14/25 - Signed
July 30/25 - V3 sent to Province
July 28/25 - V2.1 rec'd
July 22/25 - V1.1 sent to Province
July 4/25 - V1 sent to Province
June 25/25 - with Cathy / Adam"
Public Cloud MCS OpenShift Project (ROSA),100,project supplied directly by Lori's Completed SCOs consolidated lists v1.0.xlsx,CR-CAP-053 CITZ MCS OpenShift Server,3,V5,SIGNINGTIME,2025-07-31,2025-08-14,15,11,July 30/25 - V3 sent to Province,Aug 14/25 - Signed,,"The next meaningful event after the send was signing/final workflow, so no new CSBC editing turn was created.","Aug 14/25 - Signed
July 30/25 - V3 sent to Province
July 28/25 - V2.1 rec'd
July 22/25 - V1.1 sent to Province
July 4/25 - V1 sent to Province
June 25/25 - with Cathy / Adam"
Public Cloud MCS OpenShift Project (ROSA),100,project supplied directly by Lori's Completed SCOs consolidated lists v1.0.xlsx,CR-CAP-056 MCS OpenShift Gold Cl Ext Mtc,4,V1,ADSL,2025-07-07,2025-07-08,2,2,July 7/25 - with Cathy,July 8/25 - V1 sent to Province,,"The lifecycle opened on the ADSL side until the first Province handoff was visible. The send/submission date is counted with the sender, per Sam.","Aug 21/25 - Signed
Aug 18/25 - moved to final; waiting for PR
July 29/25 - response sent to Province
July 28/25 - Province question with Sam
July 23/25 - V3 sent to Province
July 21/25 - V2 rec'd
July 8/25 - V1 sent to Province
July 7/25 - with Cathy"
Public Cloud MCS OpenShift Project (ROSA),100,project supplied directly by Lori's Completed SCOs consolidated lists v1.0.xlsx,CR-CAP-056 MCS OpenShift Gold Cl Ext Mtc,4,V2,CSBC,2025-07-09,2025-07-21,13,9,July 8/25 - V1 sent to Province,July 21/25 - V2 rec'd,,Province held the document after the prior send until the next explicit or inferred hand-back.,"Aug 21/25 - Signed
Aug 18/25 - moved to final; waiting for PR
July 29/25 - response sent to Province
July 28/25 - Province question with Sam
July 23/25 - V3 sent to Province
July 21/25 - V2 rec'd
July 8/25 - V1 sent to Province
July 7/25 - with Cathy"
Public Cloud MCS OpenShift Project (ROSA),100,project supplied directly by Lori's Completed SCOs consolidated lists v1.0.xlsx,CR-CAP-056 MCS OpenShift Gold Cl Ext Mtc,4,V3,ADSL,2025-07-22,2025-07-23,2,2,July 21/25 - V2 rec'd,July 23/25 - V3 sent to Province,,"After the returned/back event, the next ADSL turn ran until the next Province submission. The send/submission date is counted with the sender, per Sam.","Aug 21/25 - Signed
Aug 18/25 - moved to final; waiting for PR
July 29/25 - response sent to Province
July 28/25 - Province question with Sam
July 23/25 - V3 sent to Province
July 21/25 - V2 rec'd
July 8/25 - V1 sent to Province
July 7/25 - with Cathy"
Public Cloud MCS OpenShift Project (ROSA),100,project supplied directly by Lori's Completed SCOs consolidated lists v1.0.xlsx,CR-CAP-056 MCS OpenShift Gold Cl Ext Mtc,4,V4,CSBC,2025-07-24,2025-07-27,4,2,July 23/25 - V3 sent to Province,July 28/25 - Province question with Sam,ADSL/internal work resumed after a Province send without an explicit returned/back/received line; v9 inferred a CSBC interval followed by the next ADSL turn.,Province held the document after the prior send until the next explicit or inferred hand-back.,"Aug 21/25 - Signed
Aug 18/25 - moved to final; waiting for PR
July 29/25 - response sent to Province
July 28/25 - Province question with Sam
July 23/25 - V3 sent to Province
July 21/25 - V2 rec'd
July 8/25 - V1 sent to Province
July 7/25 - with Cathy"
Public Cloud MCS OpenShift Project (ROSA),100,project supplied directly by Lori's Completed SCOs consolidated lists v1.0.xlsx,CR-CAP-056 MCS OpenShift Gold Cl Ext Mtc,4,V5,ADSL,2025-07-28,2025-07-29,2,2,July 28/25 - Province question with Sam,July 29/25 - response sent to Province,ADSL/internal work resumed after a Province send without an explicit returned/back/received line; v9 inferred a CSBC interval followed by the next ADSL turn.,"ADSL/internal work resumed, so a new ADSL editing turn was inferred before the next send/signing event. The send/submission date is counted with the sender, per Sam.","Aug 21/25 - Signed
Aug 18/25 - moved to final; waiting for PR
July 29/25 - response sent to Province
July 28/25 - Province question with Sam
July 23/25 - V3 sent to Province
July 21/25 - V2 rec'd
July 8/25 - V1 sent to Province
July 7/25 - with Cathy"
Public Cloud MCS OpenShift Project (ROSA),100,project supplied directly by Lori's Completed SCOs consolidated lists v1.0.xlsx,CR-CAP-056 MCS OpenShift Gold Cl Ext Mtc,4,V5,SIGNINGTIME,2025-07-30,2025-08-21,23,17,July 29/25 - response sent to Province,Aug 21/25 - Signed,,"The next meaningful event after the send was signing/final workflow, so no new CSBC editing turn was created.","Aug 21/25 - Signed
Aug 18/25 - moved to final; waiting for PR
July 29/25 - response sent to Province
July 28/25 - Province question with Sam
July 23/25 - V3 sent to Province
July 21/25 - V2 rec'd
July 8/25 - V1 sent to Province
July 7/25 - with Cathy"
Public Cloud MCS OpenShift Project (ROSA),100,project supplied directly by Lori's Completed SCOs consolidated lists v1.0.xlsx,CR-CAP-067 MCS OpenShift Gold Cluster,5,V1,ADSL,2025-08-19,2025-08-20,2,2,Aug 19/25 - with Cathy,Aug 20/25 - V1 sent to Province,,"The lifecycle opened on the ADSL side until the first Province handoff was visible. The send/submission date is counted with the sender, per Sam.","Oct 29/25 - Signed
Oct 23/25 - quote rec'd; V3 sent to Province 
Oct 14/25 - waiting for timeline of new switches; getting new quote
Oct 8/25 - question to Tyler
Sept 25/25 - follow up with Chris
Sept 17/25 - with Chris to confirm refresh dates
Sept 10/25 - V2 rec'd; Province requested less than 1 year; with Procurement
Aug 20/25 - V1 sent to Province
Aug 19/25 - with Cathy"
Public Cloud MCS OpenShift Project (ROSA),100,project supplied directly by Lori's Completed SCOs consolidated lists v1.0.xlsx,CR-CAP-067 MCS OpenShift Gold Cluster,5,V2,CSBC,2025-08-21,2025-09-10,21,15,Aug 20/25 - V1 sent to Province,Sept 10/25 - V2 rec'd; Province requested less than 1 year; with Procurement,,Province held the document after the prior send until the next explicit or inferred hand-back.,"Oct 29/25 - Signed
Oct 23/25 - quote rec'd; V3 sent to Province 
Oct 14/25 - waiting for timeline of new switches; getting new quote
Oct 8/25 - question to Tyler
Sept 25/25 - follow up with Chris
Sept 17/25 - with Chris to confirm refresh dates
Sept 10/25 - V2 rec'd; Province requested less than 1 year; with Procurement
Aug 20/25 - V1 sent to Province
Aug 19/25 - with Cathy"
Public Cloud MCS OpenShift Project (ROSA),100,project supplied directly by Lori's Completed SCOs consolidated lists v1.0.xlsx,CR-CAP-067 MCS OpenShift Gold Cluster,5,V3,ADSL,2025-09-17,2025-10-22,36,26,Sept 17/25 - with Chris to confirm refresh dates,Oct 23/25 - quote rec'd; V3 sent to Province,A returned/back event appeared without a clearly logged Province submission for the prior ADSL turn; Lori should confirm whether a send event is missing in the source text.,The file was back from Province and ADSL/internal work resumed before the next send.,"Oct 29/25 - Signed
Oct 23/25 - quote rec'd; V3 sent to Province 
Oct 14/25 - waiting for timeline of new switches; getting new quote
Oct 8/25 - question to Tyler
Sept 25/25 - follow up with Chris
Sept 17/25 - with Chris to confirm refresh dates
Sept 10/25 - V2 rec'd; Province requested less than 1 year; with Procurement
Aug 20/25 - V1 sent to Province
Aug 19/25 - with Cathy"
Public Cloud MCS OpenShift Project (ROSA),100,project supplied directly by Lori's Completed SCOs consolidated lists v1.0.xlsx,CR-CAP-067 MCS OpenShift Gold Cluster,5,V5,ADSL,2025-10-23,2025-10-23,1,1,Oct 23/25 - quote rec'd; V3 sent to Province,Oct 23/25 - quote rec'd; V3 sent to Province,,"After the returned/back event, the next ADSL turn ran until the next Province submission. The send/submission date is counted with the sender, per Sam.","Oct 29/25 - Signed
Oct 23/25 - quote rec'd; V3 sent to Province 
Oct 14/25 - waiting for timeline of new switches; getting new quote
Oct 8/25 - question to Tyler
Sept 25/25 - follow up with Chris
Sept 17/25 - with Chris to confirm refresh dates
Sept 10/25 - V2 rec'd; Province requested less than 1 year; with Procurement
Aug 20/25 - V1 sent to Province
Aug 19/25 - with Cathy"
Public Cloud MCS OpenShift Project (ROSA),100,project supplied directly by Lori's Completed SCOs consolidated lists v1.0.xlsx,CR-CAP-067 MCS OpenShift Gold Cluster,5,V5,SIGNINGTIME,2025-10-24,2025-10-29,6,4,Oct 23/25 - quote rec'd; V3 sent to Province,Oct 29/25 - Signed,,"The next meaningful event after the send was signing/final workflow, so no new CSBC editing turn was created.","Oct 29/25 - Signed
Oct 23/25 - quote rec'd; V3 sent to Province 
Oct 14/25 - waiting for timeline of new switches; getting new quote
Oct 8/25 - question to Tyler
Sept 25/25 - follow up with Chris
Sept 17/25 - with Chris to confirm refresh dates
Sept 10/25 - V2 rec'd; Province requested less than 1 year; with Procurement
Aug 20/25 - V1 sent to Province
Aug 19/25 - with Cathy"
Public Cloud MCS OpenShift Project (ROSA),100,project supplied directly by Lori's Completed SCOs consolidated lists v1.0.xlsx,CR-CAP-068 MCS OpenShift Custom HW,6,V1,ADSL,2025-08-25,2025-08-26,2,2,Aug 25/25 - with Sian,Aug 26/25 - V1 sent to Province,,"The lifecycle opened on the ADSL side until the first Province handoff was visible. The send/submission date is counted with the sender, per Sam.","Sept 11/25 - Signed
Aug 26/25 - V1 sent to Province
Aug 25/25 - with Sian"
Public Cloud MCS OpenShift Project (ROSA),100,project supplied directly by Lori's Completed SCOs consolidated lists v1.0.xlsx,CR-CAP-068 MCS OpenShift Custom HW,6,V1,SIGNINGTIME,2025-08-27,2025-09-11,16,12,Aug 26/25 - V1 sent to Province,Sept 11/25 - Signed,,"The next meaningful event after the send was signing/final workflow, so no new CSBC editing turn was created.","Sept 11/25 - Signed
Aug 26/25 - V1 sent to Province
Aug 25/25 - with Sian"
Public Cloud MCS OpenShift Project (ROSA),100,project supplied directly by Lori's Completed SCOs consolidated lists v1.0.xlsx,CR-CAP-069 Redhat OpenShift MCS Servers,7,V1,ADSL,2025-08-28,2025-08-28,1,1,Aug 28/25 - V1 sent to Province,Aug 28/25 - V1 sent to Province,,"The lifecycle opened on the ADSL side until the first Province handoff was visible. The send/submission date is counted with the sender, per Sam.","Sept 19/25 - Signed
Sept 17/25 - V5 sent to Province
Sept 16/25 - V4 rec'd
Sept 10/25 - V3 sent to Province
Sept 9/25 - V2 rec'd; with Joyce
Aug 28/25 - V1 sent to Province"
Public Cloud MCS OpenShift Project (ROSA),100,project supplied directly by Lori's Completed SCOs consolidated lists v1.0.xlsx,CR-CAP-069 Redhat OpenShift MCS Servers,7,V2,CSBC,2025-08-29,2025-09-09,12,8,Aug 28/25 - V1 sent to Province,Sept 9/25 - V2 rec'd; with Joyce,,Province held the document after the prior send until the next explicit or inferred hand-back.,"Sept 19/25 - Signed
Sept 17/25 - V5 sent to Province
Sept 16/25 - V4 rec'd
Sept 10/25 - V3 sent to Province
Sept 9/25 - V2 rec'd; with Joyce
Aug 28/25 - V1 sent to Province"
Public Cloud MCS OpenShift Project (ROSA),100,project supplied directly by Lori's Completed SCOs consolidated lists v1.0.xlsx,CR-CAP-069 Redhat OpenShift MCS Servers,7,V3,ADSL,2025-09-10,2025-09-10,1,1,Sept 9/25 - V2 rec'd; with Joyce,Sept 10/25 - V3 sent to Province,,"After the returned/back event, the next ADSL turn ran until the next Province submission. The send/submission date is counted with the sender, per Sam.","Sept 19/25 - Signed
Sept 17/25 - V5 sent to Province
Sept 16/25 - V4 rec'd
Sept 10/25 - V3 sent to Province
Sept 9/25 - V2 rec'd; with Joyce
Aug 28/25 - V1 sent to Province"
Public Cloud MCS OpenShift Project (ROSA),100,project supplied directly by Lori's Completed SCOs consolidated lists v1.0.xlsx,CR-CAP-069 Redhat OpenShift MCS Servers,7,V4,CSBC,2025-09-11,2025-09-16,6,4,Sept 10/25 - V3 sent to Province,Sept 16/25 - V4 rec'd,,Province held the document after the prior send until the next explicit or inferred hand-back.,"Sept 19/25 - Signed
Sept 17/25 - V5 sent to Province
Sept 16/25 - V4 rec'd
Sept 10/25 - V3 sent to Province
Sept 9/25 - V2 rec'd; with Joyce
Aug 28/25 - V1 sent to Province"
Public Cloud MCS OpenShift Project (ROSA),100,project supplied directly by Lori's Completed SCOs consolidated lists v1.0.xlsx,CR-CAP-069 Redhat OpenShift MCS Servers,7,V5,ADSL,2025-09-17,2025-09-17,1,1,Sept 16/25 - V4 rec'd,Sept 17/25 - V5 sent to Province,,"After the returned/back event, the next ADSL turn ran until the next Province submission. The send/submission date is counted with the sender, per Sam.","Sept 19/25 - Signed
Sept 17/25 - V5 sent to Province
Sept 16/25 - V4 rec'd
Sept 10/25 - V3 sent to Province
Sept 9/25 - V2 rec'd; with Joyce
Aug 28/25 - V1 sent to Province"
Public Cloud MCS OpenShift Project (ROSA),100,project supplied directly by Lori's Completed SCOs consolidated lists v1.0.xlsx,CR-CAP-069 Redhat OpenShift MCS Servers,7,V5,SIGNINGTIME,2025-09-18,2025-09-19,2,2,Sept 17/25 - V5 sent to Province,Sept 19/25 - Signed,,"The next meaningful event after the send was signing/final workflow, so no new CSBC editing turn was created.","Sept 19/25 - Signed
Sept 17/25 - V5 sent to Province
Sept 16/25 - V4 rec'd
Sept 10/25 - V3 sent to Province
Sept 9/25 - V2 rec'd; with Joyce
Aug 28/25 - V1 sent to Province"
Public Cloud MCS OpenShift Project (ROSA),100,project supplied directly by Lori's Completed SCOs consolidated lists v1.0.xlsx,CR-CAP-073 MCS OpenShift Custom HW,8,V1,ADSL,2025-08-28,2025-09-03,7,5,Aug 28/25 - with Cathy / Bruce,Sept 3/25 - V1 sent to Province,,"The lifecycle opened on the ADSL side until the first Province handoff was visible. The send/submission date is counted with the sender, per Sam.","Oct 24/25 - Signed
Oct 23/25 - V2 rec'd; V3 and V3.1 sent to Province; Adobe Sign
Oct 20/25 - V1.1 sent to Province
Oct 15/25 - Sam to confirm if new quotes correct
Sept 23/25 - Province asked some clarifying questions around the ordering of this proposed hardware
Sept 9/25 - on hold; Sam reviewing port counts which may change
Sept 3/25 - V1 sent to Province
Aug 28/25 - with Cathy / Bruce"
Public Cloud MCS OpenShift Project (ROSA),100,project supplied directly by Lori's Completed SCOs consolidated lists v1.0.xlsx,CR-CAP-073 MCS OpenShift Custom HW,8,V2,CSBC,2025-09-04,2025-09-08,5,3,Sept 3/25 - V1 sent to Province,Sept 9/25 - on hold; Sam reviewing port counts which may change,ADSL/internal work resumed after a Province send without an explicit returned/back/received line; v9 inferred a CSBC interval followed by the next ADSL turn.,Province held the document after the prior send until the next explicit or inferred hand-back.,"Oct 24/25 - Signed
Oct 23/25 - V2 rec'd; V3 and V3.1 sent to Province; Adobe Sign
Oct 20/25 - V1.1 sent to Province
Oct 15/25 - Sam to confirm if new quotes correct
Sept 23/25 - Province asked some clarifying questions around the ordering of this proposed hardware
Sept 9/25 - on hold; Sam reviewing port counts which may change
Sept 3/25 - V1 sent to Province
Aug 28/25 - with Cathy / Bruce"
Public Cloud MCS OpenShift Project (ROSA),100,project supplied directly by Lori's Completed SCOs consolidated lists v1.0.xlsx,CR-CAP-073 MCS OpenShift Custom HW,8,V3,ADSL,2025-09-09,2025-10-20,42,30,Sept 9/25 - on hold; Sam reviewing port counts which may change,Oct 20/25 - V1.1 sent to Province,ADSL/internal work resumed after a Province send without an explicit returned/back/received line; v9 inferred a CSBC interval followed by the next ADSL turn.,"ADSL/internal work resumed, so a new ADSL editing turn was inferred before the next send/signing event. The send/submission date is counted with the sender, per Sam.","Oct 24/25 - Signed
Oct 23/25 - V2 rec'd; V3 and V3.1 sent to Province; Adobe Sign
Oct 20/25 - V1.1 sent to Province
Oct 15/25 - Sam to confirm if new quotes correct
Sept 23/25 - Province asked some clarifying questions around the ordering of this proposed hardware
Sept 9/25 - on hold; Sam reviewing port counts which may change
Sept 3/25 - V1 sent to Province
Aug 28/25 - with Cathy / Bruce"
Public Cloud MCS OpenShift Project (ROSA),100,project supplied directly by Lori's Completed SCOs consolidated lists v1.0.xlsx,CR-CAP-073 MCS OpenShift Custom HW,8,V4,CSBC,2025-10-21,2025-10-23,3,3,Oct 20/25 - V1.1 sent to Province,Oct 23/25 - V2 rec'd; V3 and V3.1 sent to Province; Adobe Sign,Explicit returned version 2 did not match the normalized ownership turn V4; v9 kept normalized turn labels and Lori should confirm the exact version breadcrumb.,Province held the document after the prior send until the next explicit or inferred hand-back.,"Oct 24/25 - Signed
Oct 23/25 - V2 rec'd; V3 and V3.1 sent to Province; Adobe Sign
Oct 20/25 - V1.1 sent to Province
Oct 15/25 - Sam to confirm if new quotes correct
Sept 23/25 - Province asked some clarifying questions around the ordering of this proposed hardware
Sept 9/25 - on hold; Sam reviewing port counts which may change
Sept 3/25 - V1 sent to Province
Aug 28/25 - with Cathy / Bruce"
Public Cloud MCS OpenShift Project (ROSA),100,project supplied directly by Lori's Completed SCOs consolidated lists v1.0.xlsx,CR-CAP-073 MCS OpenShift Custom HW,8,V5,ADSL,2025-10-23,2025-10-23,1,1,Oct 23/25 - V2 rec'd; V3 and V3.1 sent to Province; Adobe Sign,Oct 23/25 - V2 rec'd; V3 and V3.1 sent to Province; Adobe Sign,,"After the returned/back event, the next ADSL turn ran until the next Province submission. The send/submission date is counted with the sender, per Sam.","Oct 24/25 - Signed
Oct 23/25 - V2 rec'd; V3 and V3.1 sent to Province; Adobe Sign
Oct 20/25 - V1.1 sent to Province
Oct 15/25 - Sam to confirm if new quotes correct
Sept 23/25 - Province asked some clarifying questions around the ordering of this proposed hardware
Sept 9/25 - on hold; Sam reviewing port counts which may change
Sept 3/25 - V1 sent to Province
Aug 28/25 - with Cathy / Bruce"
Public Cloud MCS OpenShift Project (ROSA),100,project supplied directly by Lori's Completed SCOs consolidated lists v1.0.xlsx,CR-CAP-073 MCS OpenShift Custom HW,8,V5,SIGNINGTIME,2025-10-23,2025-10-24,2,2,Oct 23/25 - V2 rec'd; V3 and V3.1 sent to Province; Adobe Sign,Oct 24/25 - Signed,,"The next meaningful event after the send was signing/final workflow, so no new CSBC editing turn was created.","Oct 24/25 - Signed
Oct 23/25 - V2 rec'd; V3 and V3.1 sent to Province; Adobe Sign
Oct 20/25 - V1.1 sent to Province
Oct 15/25 - Sam to confirm if new quotes correct
Sept 23/25 - Province asked some clarifying questions around the ordering of this proposed hardware
Sept 9/25 - on hold; Sam reviewing port counts which may change
Sept 3/25 - V1 sent to Province
Aug 28/25 - with Cathy / Bruce"
Public Cloud MCS OpenShift Project (ROSA),100,project supplied directly by Lori's Completed SCOs consolidated lists v1.0.xlsx,CR-CAP-074 Redhat OpenShift MCS Srvrs,9,V1,ADSL,2025-09-17,2025-09-18,2,2,Sept 17/25 - with Tyler,Sept 18/25 - V1 sent to Province,,"The lifecycle opened on the ADSL side until the first Province handoff was visible. The send/submission date is counted with the sender, per Sam.","Oct 1/25 - Signed
Sept 26/25 - Adobe Sign
Sept 18/25 - V1 sent to Province
Sept 17/25 - with Tyler"
Public Cloud MCS OpenShift Project (ROSA),100,project supplied directly by Lori's Completed SCOs consolidated lists v1.0.xlsx,CR-CAP-074 Redhat OpenShift MCS Srvrs,9,V1,SIGNINGTIME,2025-09-19,2025-10-01,13,9,Sept 18/25 - V1 sent to Province,Oct 1/25 - Signed,,"The next meaningful event after the send was signing/final workflow, so no new CSBC editing turn was created.","Oct 1/25 - Signed
Sept 26/25 - Adobe Sign
Sept 18/25 - V1 sent to Province
Sept 17/25 - with Tyler"
Public Cloud MCS OpenShift Project (ROSA),100,project supplied directly by Lori's Completed SCOs consolidated lists v1.0.xlsx,CR-CAP-078 Redhat OpenShift MCS Srvrs,10,V1,ADSL,2025-09-29,2025-10-01,3,3,Sept 29/25 - with Tyler,Oct 1/25 - V1 sent to Province,,"The lifecycle opened on the ADSL side until the first Province handoff was visible. The send/submission date is counted with the sender, per Sam.","Oct 27/25 - Signed
Oct 23/25 - quote rec'd; with Chris for PR
Oct 22/25 - approved for signing; quote requested
Oct 15/25 - V3 sent to Province (upgrade removed)
Oct 14/25 - V2 rec'd
Oct 1/25 - V1 sent to Province
Sept 29/25 - with Tyler"
Public Cloud MCS OpenShift Project (ROSA),100,project supplied directly by Lori's Completed SCOs consolidated lists v1.0.xlsx,CR-CAP-078 Redhat OpenShift MCS Srvrs,10,V2,CSBC,2025-10-02,2025-10-14,13,9,Oct 1/25 - V1 sent to Province,Oct 14/25 - V2 rec'd,,Province held the document after the prior send until the next explicit or inferred hand-back.,"Oct 27/25 - Signed
Oct 23/25 - quote rec'd; with Chris for PR
Oct 22/25 - approved for signing; quote requested
Oct 15/25 - V3 sent to Province (upgrade removed)
Oct 14/25 - V2 rec'd
Oct 1/25 - V1 sent to Province
Sept 29/25 - with Tyler"
Public Cloud MCS OpenShift Project (ROSA),100,project supplied directly by Lori's Completed SCOs consolidated lists v1.0.xlsx,CR-CAP-078 Redhat OpenShift MCS Srvrs,10,V3,ADSL,2025-10-15,2025-10-15,1,1,Oct 14/25 - V2 rec'd,Oct 15/25 - V3 sent to Province (upgrade removed),,"After the returned/back event, the next ADSL turn ran until the next Province submission. The send/submission date is counted with the sender, per Sam.","Oct 27/25 - Signed
Oct 23/25 - quote rec'd; with Chris for PR
Oct 22/25 - approved for signing; quote requested
Oct 15/25 - V3 sent to Province (upgrade removed)
Oct 14/25 - V2 rec'd
Oct 1/25 - V1 sent to Province
Sept 29/25 - with Tyler"
Public Cloud MCS OpenShift Project (ROSA),100,project supplied directly by Lori's Completed SCOs consolidated lists v1.0.xlsx,CR-CAP-078 Redhat OpenShift MCS Srvrs,10,V3,SIGNINGTIME,2025-10-16,2025-10-27,12,8,Oct 15/25 - V3 sent to Province (upgrade removed),Oct 27/25 - Signed,Source text suggests editing or review activity after SIGNINGTIME began; Lori should confirm whether this SCO was reopened or whether the line is still part of final workflow.,"The next meaningful event after the send was signing/final workflow, so no new CSBC editing turn was created.","Oct 27/25 - Signed
Oct 23/25 - quote rec'd; with Chris for PR
Oct 22/25 - approved for signing; quote requested
Oct 15/25 - V3 sent to Province (upgrade removed)
Oct 14/25 - V2 rec'd
Oct 1/25 - V1 sent to Province
Sept 29/25 - with Tyler"
MCCS - Service Expansion,100,project supplied directly by Lori's Completed SCOs consolidated lists v1.0.xlsx,CR-CAP-083 MCCS Virtual Connections,11,V1,ADSL,2025-10-02,2025-10-08,7,5,Oct 2/25 - with Cathy/Killian,Oct 8/25 - V1 sent to Province,,"The lifecycle opened on the ADSL side until the first Province handoff was visible. The send/submission date is counted with the sender, per Sam.","Nov 21/25 - Adobe Sign
Nov 4/25 - Sam confirmed which VC get standup fee
Oct 27/25 - V1.1 sent to Province
Oct 24/25 - V1.1 with Shane/Cathy
Oct 22/25 - V1.1 with Killian / Cathy
Oct 8/25 - V1 sent to Province
Oct 2/25 - with Cathy/Killian"
MCCS - Service Expansion,100,project supplied directly by Lori's Completed SCOs consolidated lists v1.0.xlsx,CR-CAP-083 MCCS Virtual Connections,11,V2,CSBC,2025-10-09,2025-10-21,13,9,Oct 8/25 - V1 sent to Province,Oct 22/25 - V1.1 with Killian / Cathy,ADSL/internal work resumed after a Province send without an explicit returned/back/received line; v9 inferred a CSBC interval followed by the next ADSL turn.,Province held the document after the prior send until the next explicit or inferred hand-back.,"Nov 21/25 - Adobe Sign
Nov 4/25 - Sam confirmed which VC get standup fee
Oct 27/25 - V1.1 sent to Province
Oct 24/25 - V1.1 with Shane/Cathy
Oct 22/25 - V1.1 with Killian / Cathy
Oct 8/25 - V1 sent to Province
Oct 2/25 - with Cathy/Killian"
MCCS - Service Expansion,100,project supplied directly by Lori's Completed SCOs consolidated lists v1.0.xlsx,CR-CAP-083 MCCS Virtual Connections,11,V3,ADSL,2025-10-22,2025-10-27,6,4,Oct 22/25 - V1.1 with Killian / Cathy,Oct 27/25 - V1.1 sent to Province,ADSL/internal work resumed after a Province send without an explicit returned/back/received line; v9 inferred a CSBC interval followed by the next ADSL turn.,"ADSL/internal work resumed, so a new ADSL editing turn was inferred before the next send/signing event. The send/submission date is counted with the sender, per Sam.","Nov 21/25 - Adobe Sign
Nov 4/25 - Sam confirmed which VC get standup fee
Oct 27/25 - V1.1 sent to Province
Oct 24/25 - V1.1 with Shane/Cathy
Oct 22/25 - V1.1 with Killian / Cathy
Oct 8/25 - V1 sent to Province
Oct 2/25 - with Cathy/Killian"
MCCS - Service Expansion,100,project supplied directly by Lori's Completed SCOs consolidated lists v1.0.xlsx,CR-CAP-083 MCCS Virtual Connections,11,V4,CSBC,2025-10-28,2025-11-03,7,5,Oct 27/25 - V1.1 sent to Province,Nov 4/25 - Sam confirmed which VC get standup fee,ADSL/internal work resumed after a Province send without an explicit returned/back/received line; v9 inferred a CSBC interval followed by the next ADSL turn.,Province held the document after the prior send until the next explicit or inferred hand-back.,"Nov 21/25 - Adobe Sign
Nov 4/25 - Sam confirmed which VC get standup fee
Oct 27/25 - V1.1 sent to Province
Oct 24/25 - V1.1 with Shane/Cathy
Oct 22/25 - V1.1 with Killian / Cathy
Oct 8/25 - V1 sent to Province
Oct 2/25 - with Cathy/Killian"
MCCS - Service Expansion,100,project supplied directly by Lori's Completed SCOs consolidated lists v1.0.xlsx,CR-CAP-083 MCCS Virtual Connections,11,V5,ADSL,2025-11-04,2025-11-20,17,13,Nov 4/25 - Sam confirmed which VC get standup fee,Nov 21/25 - Adobe Sign,ADSL/internal work resumed after a Province send without an explicit returned/back/received line; v9 inferred a CSBC interval followed by the next ADSL turn.,"ADSL/internal work resumed, so a new ADSL editing turn was inferred before the next send/signing event.","Nov 21/25 - Adobe Sign
Nov 4/25 - Sam confirmed which VC get standup fee
Oct 27/25 - V1.1 sent to Province
Oct 24/25 - V1.1 with Shane/Cathy
Oct 22/25 - V1.1 with Killian / Cathy
Oct 8/25 - V1 sent to Province
Oct 2/25 - with Cathy/Killian"
MCCS - Service Expansion,100,project supplied directly by Lori's Completed SCOs consolidated lists v1.0.xlsx,CR-CAP-083 MCCS Virtual Connections,11,V5,SIGNINGTIME,2025-11-21,2025-11-21,1,1,Nov 21/25 - Adobe Sign,Nov 21/25 - Adobe Sign,,"Once signing/final workflow began, later final lines were kept within one SIGNINGTIME sequence.","Nov 21/25 - Adobe Sign
Nov 4/25 - Sam confirmed which VC get standup fee
Oct 27/25 - V1.1 sent to Province
Oct 24/25 - V1.1 with Shane/Cathy
Oct 22/25 - V1.1 with Killian / Cathy
Oct 8/25 - V1 sent to Province
Oct 2/25 - with Cathy/Killian"
MCCS - Service Expansion,100,project supplied directly by Lori's Completed SCOs consolidated lists v1.0.xlsx,CR-CAP-087 MCCS Azure VCs,12,V1,ADSL,2025-11-14,2025-11-18,5,3,Nov 14/25 - with Yale / Cathy,Nov 18/25 - V1 sent to Province,,"The lifecycle opened on the ADSL side until the first Province handoff was visible. The send/submission date is counted with the sender, per Sam.","Dec 2/25 - re-sent to Adobe Sign
Nov 27/25 - Adobe Sign
Nov 18/25 - V1 sent to Province
Nov 14/25 - with Yale / Cathy"
MCCS - Service Expansion,100,project supplied directly by Lori's Completed SCOs consolidated lists v1.0.xlsx,CR-CAP-087 MCCS Azure VCs,12,V1,SIGNINGTIME,2025-11-19,2025-12-02,14,10,Nov 18/25 - V1 sent to Province,Dec 2/25 - re-sent to Adobe Sign,,"The next meaningful event after the send was signing/final workflow, so no new CSBC editing turn was created.","Dec 2/25 - re-sent to Adobe Sign
Nov 27/25 - Adobe Sign
Nov 18/25 - V1 sent to Province
Nov 14/25 - with Yale / Cathy"
MCCS - Service Expansion,100,project supplied directly by Lori's Completed SCOs consolidated lists v1.0.xlsx,CR-CAP-101 MCCS CAS VCs,13,V1,ADSL,2025-12-19,2025-12-19,1,1,Dec 19/25 - V1 sent to Province,Dec 19/25 - V1 sent to Province,,"The lifecycle opened on the ADSL side until the first Province handoff was visible. The send/submission date is counted with the sender, per Sam.","Jan 22/26 - Adobe Sign
Dec 19/25 - V1 sent to Province"
MCCS - Service Expansion,100,project supplied directly by Lori's Completed SCOs consolidated lists v1.0.xlsx,CR-CAP-101 MCCS CAS VCs,13,V1,SIGNINGTIME,2025-12-20,2026-01-22,34,24,Dec 19/25 - V1 sent to Province,Jan 22/26 - Adobe Sign,,"The next meaningful event after the send was signing/final workflow, so no new CSBC editing turn was created.","Jan 22/26 - Adobe Sign
Dec 19/25 - V1 sent to Province"
MCCS - Service Expansion,100,project supplied directly by Lori's Completed SCOs consolidated lists v1.0.xlsx,CR-CAP-128 Amd CAP-101 MCCS CAS VCs,14,V1,ADSL,2026-03-12,2026-03-17,6,4,Mar 12/26 - with Tyler,Mar 17/26 - V1 sent to Province,,"The lifecycle opened on the ADSL side until the first Province handoff was visible. The send/submission date is counted with the sender, per Sam.","Mar 30/26 - Adobe Sign
Mar 24/26 - Province question with Shane; V3 sent to Province 
Mar 19/26 - V2 rec'd; with RM (Kevin)
Mar 17/26 - V1 sent to Province
Mar 12/26 - with Tyler"
MCCS - Service Expansion,100,project supplied directly by Lori's Completed SCOs consolidated lists v1.0.xlsx,CR-CAP-128 Amd CAP-101 MCCS CAS VCs,14,V2,CSBC,2026-03-18,2026-03-19,2,2,Mar 17/26 - V1 sent to Province,Mar 19/26 - V2 rec'd; with RM (Kevin),,Province held the document after the prior send until the next explicit or inferred hand-back.,"Mar 30/26 - Adobe Sign
Mar 24/26 - Province question with Shane; V3 sent to Province 
Mar 19/26 - V2 rec'd; with RM (Kevin)
Mar 17/26 - V1 sent to Province
Mar 12/26 - with Tyler"
MCCS - Service Expansion,100,project supplied directly by Lori's Completed SCOs consolidated lists v1.0.xlsx,CR-CAP-128 Amd CAP-101 MCCS CAS VCs,14,V3,ADSL,2026-03-24,2026-03-24,1,1,Mar 24/26 - Province question with Shane; V3 sent to Province,Mar 24/26 - Province question with Shane; V3 sent to Province,,"The file was back from Province and ADSL/internal work resumed before the next send. The send/submission date is counted with the sender, per Sam.","Mar 30/26 - Adobe Sign
Mar 24/26 - Province question with Shane; V3 sent to Province 
Mar 19/26 - V2 rec'd; with RM (Kevin)
Mar 17/26 - V1 sent to Province
Mar 12/26 - with Tyler"
MCCS - Service Expansion,100,project supplied directly by Lori's Completed SCOs consolidated lists v1.0.xlsx,CR-CAP-128 Amd CAP-101 MCCS CAS VCs,14,V3,SIGNINGTIME,2026-03-25,2026-03-30,6,4,Mar 24/26 - Province question with Shane; V3 sent to Province,Mar 30/26 - Adobe Sign,,"The next meaningful event after the send was signing/final workflow, so no new CSBC editing turn was created.","Mar 30/26 - Adobe Sign
Mar 24/26 - Province question with Shane; V3 sent to Province 
Mar 19/26 - V2 rec'd; with RM (Kevin)
Mar 17/26 - V1 sent to Province
Mar 12/26 - with Tyler"
RTMC Remediation Project,100,project supplied directly by Lori's Completed SCOs consolidated lists v1.0.xlsx,SCO-PROV-355 RTMC Professional Services Remediation,15,V1,ADSL,2021-09-28,2021-09-28,1,1,Sept 28/21 - first model sent to Province; internally AS thinks Q4,Sept 28/21 - first model sent to Province; internally AS thinks Q4,,"The lifecycle opened on the ADSL side until the first Province handoff was visible. The send/submission date is counted with the sender, per Sam.","Jan 4/22 - Signed
Dec 17/21 - V3 submitted to Province
Dec 15/21 - with Sian for approval
Dec 14/21 - with Cathy to review Province comments.
Nov 22/21 - submitted to Province
Nov 18/21 - with Serge for approval
Nov 9/21 - Province has questions re effort and SW
Oct 26/21 - pricing submitted to Province
Oct 12/21 - internal meeting to discuss Province feedback
Sept 28/21 - first model sent to Province; internally AS thinks Q4"
RTMC Remediation Project,100,project supplied directly by Lori's Completed SCOs consolidated lists v1.0.xlsx,SCO-PROV-355 RTMC Professional Services Remediation,15,V2,CSBC,2021-09-29,2021-10-11,13,9,Sept 28/21 - first model sent to Province; internally AS thinks Q4,Oct 12/21 - internal meeting to discuss Province feedback,ADSL/internal work resumed after a Province send without an explicit returned/back/received line; v9 inferred a CSBC interval followed by the next ADSL turn.,Province held the document after the prior send until the next explicit or inferred hand-back.,"Jan 4/22 - Signed
Dec 17/21 - V3 submitted to Province
Dec 15/21 - with Sian for approval
Dec 14/21 - with Cathy to review Province comments.
Nov 22/21 - submitted to Province
Nov 18/21 - with Serge for approval
Nov 9/21 - Province has questions re effort and SW
Oct 26/21 - pricing submitted to Province
Oct 12/21 - internal meeting to discuss Province feedback
Sept 28/21 - first model sent to Province; internally AS thinks Q4"
RTMC Remediation Project,100,project supplied directly by Lori's Completed SCOs consolidated lists v1.0.xlsx,SCO-PROV-355 RTMC Professional Services Remediation,15,V3,ADSL,2021-10-12,2021-10-26,15,11,Oct 12/21 - internal meeting to discuss Province feedback,Oct 26/21 - pricing submitted to Province,ADSL/internal work resumed after a Province send without an explicit returned/back/received line; v9 inferred a CSBC interval followed by the next ADSL turn.,"ADSL/internal work resumed, so a new ADSL editing turn was inferred before the next send/signing event. The send/submission date is counted with the sender, per Sam.","Jan 4/22 - Signed
Dec 17/21 - V3 submitted to Province
Dec 15/21 - with Sian for approval
Dec 14/21 - with Cathy to review Province comments.
Nov 22/21 - submitted to Province
Nov 18/21 - with Serge for approval
Nov 9/21 - Province has questions re effort and SW
Oct 26/21 - pricing submitted to Province
Oct 12/21 - internal meeting to discuss Province feedback
Sept 28/21 - first model sent to Province; internally AS thinks Q4"
RTMC Remediation Project,100,project supplied directly by Lori's Completed SCOs consolidated lists v1.0.xlsx,SCO-PROV-355 RTMC Professional Services Remediation,15,V4,CSBC,2021-10-27,2021-11-17,22,16,Oct 26/21 - pricing submitted to Province,Nov 18/21 - with Serge for approval,ADSL/internal work resumed after a Province send without an explicit returned/back/received line; v9 inferred a CSBC interval followed by the next ADSL turn.,Province held the document after the prior send until the next explicit or inferred hand-back.,"Jan 4/22 - Signed
Dec 17/21 - V3 submitted to Province
Dec 15/21 - with Sian for approval
Dec 14/21 - with Cathy to review Province comments.
Nov 22/21 - submitted to Province
Nov 18/21 - with Serge for approval
Nov 9/21 - Province has questions re effort and SW
Oct 26/21 - pricing submitted to Province
Oct 12/21 - internal meeting to discuss Province feedback
Sept 28/21 - first model sent to Province; internally AS thinks Q4"
RTMC Remediation Project,100,project supplied directly by Lori's Completed SCOs consolidated lists v1.0.xlsx,SCO-PROV-355 RTMC Professional Services Remediation,15,V5,ADSL,2021-11-18,2021-11-22,5,3,Nov 18/21 - with Serge for approval,Nov 22/21 - submitted to Province,ADSL/internal work resumed after a Province send without an explicit returned/back/received line; v9 inferred a CSBC interval followed by the next ADSL turn.,"ADSL/internal work resumed, so a new ADSL editing turn was inferred before the next send/signing event. The send/submission date is counted with the sender, per Sam.","Jan 4/22 - Signed
Dec 17/21 - V3 submitted to Province
Dec 15/21 - with Sian for approval
Dec 14/21 - with Cathy to review Province comments.
Nov 22/21 - submitted to Province
Nov 18/21 - with Serge for approval
Nov 9/21 - Province has questions re effort and SW
Oct 26/21 - pricing submitted to Province
Oct 12/21 - internal meeting to discuss Province feedback
Sept 28/21 - first model sent to Province; internally AS thinks Q4"
RTMC Remediation Project,100,project supplied directly by Lori's Completed SCOs consolidated lists v1.0.xlsx,SCO-PROV-355 RTMC Professional Services Remediation,15,V6,CSBC,2021-11-23,2021-12-13,21,15,Nov 22/21 - submitted to Province,Dec 14/21 - with Cathy to review Province comments.,ADSL/internal work resumed after a Province send without an explicit returned/back/received line; v9 inferred a CSBC interval followed by the next ADSL turn.,Province held the document after the prior send until the next explicit or inferred hand-back.,"Jan 4/22 - Signed
Dec 17/21 - V3 submitted to Province
Dec 15/21 - with Sian for approval
Dec 14/21 - with Cathy to review Province comments.
Nov 22/21 - submitted to Province
Nov 18/21 - with Serge for approval
Nov 9/21 - Province has questions re effort and SW
Oct 26/21 - pricing submitted to Province
Oct 12/21 - internal meeting to discuss Province feedback
Sept 28/21 - first model sent to Province; internally AS thinks Q4"
RTMC Remediation Project,100,project supplied directly by Lori's Completed SCOs consolidated lists v1.0.xlsx,SCO-PROV-355 RTMC Professional Services Remediation,15,V7,ADSL,2021-12-14,2021-12-17,4,4,Dec 14/21 - with Cathy to review Province comments.,Dec 17/21 - V3 submitted to Province,ADSL/internal work resumed after a Province send without an explicit returned/back/received line; v9 inferred a CSBC interval followed by the next ADSL turn.,"ADSL/internal work resumed, so a new ADSL editing turn was inferred before the next send/signing event. The send/submission date is counted with the sender, per Sam.","Jan 4/22 - Signed
Dec 17/21 - V3 submitted to Province
Dec 15/21 - with Sian for approval
Dec 14/21 - with Cathy to review Province comments.
Nov 22/21 - submitted to Province
Nov 18/21 - with Serge for approval
Nov 9/21 - Province has questions re effort and SW
Oct 26/21 - pricing submitted to Province
Oct 12/21 - internal meeting to discuss Province feedback
Sept 28/21 - first model sent to Province; internally AS thinks Q4"
RTMC Remediation Project,100,project supplied directly by Lori's Completed SCOs consolidated lists v1.0.xlsx,SCO-PROV-355 RTMC Professional Services Remediation,15,V7,SIGNINGTIME,2021-12-18,2022-01-04,18,12,Dec 17/21 - V3 submitted to Province,Jan 4/22 - Signed,,"The next meaningful event after the send was signing/final workflow, so no new CSBC editing turn was created.","Jan 4/22 - Signed
Dec 17/21 - V3 submitted to Province
Dec 15/21 - with Sian for approval
Dec 14/21 - with Cathy to review Province comments.
Nov 22/21 - submitted to Province
Nov 18/21 - with Serge for approval
Nov 9/21 - Province has questions re effort and SW
Oct 26/21 - pricing submitted to Province
Oct 12/21 - internal meeting to discuss Province feedback
Sept 28/21 - first model sent to Province; internally AS thinks Q4"
Public Cloud MCS OpenShift Project (ROSA),100,project supplied directly by Lori's Completed SCOs consolidated lists v1.0.xlsx,SCO-PROV-383 Public Cloud MCS OpenShift,16,V1,ADSL,2022-01-10,2022-02-10,32,24,Jan 10/22 - SCO drafted; Jen to provide SOW,Feb 10/22 - submitted to Province,,"The lifecycle opened on the ADSL side until the first Province handoff was visible. The send/submission date is counted with the sender, per Sam.","Mar 25/22 - Signed
Mar 24/22 - with Province for signing
Mar 22/22 - with Serge for signing
Mar 7/22 - submitted to Province
Mar 3/22 - with Serge for approval
Mar 2/22 - with Jen for review/updating
Feb 10/22 - submitted to Province
Feb 3/22 - with Sian for approval
Feb 2/22 - with Cathy/Jen for review
Jan 10/22 - SCO drafted; Jen to provide SOW"
Public Cloud MCS OpenShift Project (ROSA),100,project supplied directly by Lori's Completed SCOs consolidated lists v1.0.xlsx,SCO-PROV-383 Public Cloud MCS OpenShift,16,V2,CSBC,2022-02-11,2022-03-01,19,13,Feb 10/22 - submitted to Province,Mar 2/22 - with Jen for review/updating,ADSL/internal work resumed after a Province send without an explicit returned/back/received line; v9 inferred a CSBC interval followed by the next ADSL turn.,Province held the document after the prior send until the next explicit or inferred hand-back.,"Mar 25/22 - Signed
Mar 24/22 - with Province for signing
Mar 22/22 - with Serge for signing
Mar 7/22 - submitted to Province
Mar 3/22 - with Serge for approval
Mar 2/22 - with Jen for review/updating
Feb 10/22 - submitted to Province
Feb 3/22 - with Sian for approval
Feb 2/22 - with Cathy/Jen for review
Jan 10/22 - SCO drafted; Jen to provide SOW"
Public Cloud MCS OpenShift Project (ROSA),100,project supplied directly by Lori's Completed SCOs consolidated lists v1.0.xlsx,SCO-PROV-383 Public Cloud MCS OpenShift,16,V3,ADSL,2022-03-02,2022-03-07,6,4,Mar 2/22 - with Jen for review/updating,Mar 7/22 - submitted to Province,ADSL/internal work resumed after a Province send without an explicit returned/back/received line; v9 inferred a CSBC interval followed by the next ADSL turn.,"ADSL/internal work resumed, so a new ADSL editing turn was inferred before the next send/signing event. The send/submission date is counted with the sender, per Sam.","Mar 25/22 - Signed
Mar 24/22 - with Province for signing
Mar 22/22 - with Serge for signing
Mar 7/22 - submitted to Province
Mar 3/22 - with Serge for approval
Mar 2/22 - with Jen for review/updating
Feb 10/22 - submitted to Province
Feb 3/22 - with Sian for approval
Feb 2/22 - with Cathy/Jen for review
Jan 10/22 - SCO drafted; Jen to provide SOW"
Public Cloud MCS OpenShift Project (ROSA),100,project supplied directly by Lori's Completed SCOs consolidated lists v1.0.xlsx,SCO-PROV-383 Public Cloud MCS OpenShift,16,V3,SIGNINGTIME,2022-03-08,2022-03-25,18,14,Mar 7/22 - submitted to Province,Mar 25/22 - Signed,,"The next meaningful event after the send was signing/final workflow, so no new CSBC editing turn was created.","Mar 25/22 - Signed
Mar 24/22 - with Province for signing
Mar 22/22 - with Serge for signing
Mar 7/22 - submitted to Province
Mar 3/22 - with Serge for approval
Mar 2/22 - with Jen for review/updating
Feb 10/22 - submitted to Province
Feb 3/22 - with Sian for approval
Feb 2/22 - with Cathy/Jen for review
Jan 10/22 - SCO drafted; Jen to provide SOW"
MS Defender Proof of Concept,100,project supplied directly by Lori's Completed SCOs consolidated lists v1.0.xlsx,SCO-PROV-416 Antivirus Product Evaluation,17,V1,ADSL,2022-04-06,2022-04-20,15,11,Apr 6/22 - with Rian for review,Apr 20/22 - submitted to Province,,"The lifecycle opened on the ADSL side until the first Province handoff was visible. The send/submission date is counted with the sender, per Sam.","June 29/22 - Signed
June 23/22 - V4 sent to Province
June 20/22 - V3 received
June 2/22 - V2 submitted to Province
June 1/22 - V2 with Rian and Cathy for review
Apr 20/22 - submitted to Province
Apr 13/22 - with Serge for approval
Apr 12/22 - Rian reviewing with Lori Collins
Apr 6/22 - with Rian for review"
MS Defender Proof of Concept,100,project supplied directly by Lori's Completed SCOs consolidated lists v1.0.xlsx,SCO-PROV-416 Antivirus Product Evaluation,17,V2,CSBC,2022-04-21,2022-05-31,41,29,Apr 20/22 - submitted to Province,June 1/22 - V2 with Rian and Cathy for review,ADSL/internal work resumed after a Province send without an explicit returned/back/received line; v9 inferred a CSBC interval followed by the next ADSL turn.,Province held the document after the prior send until the next explicit or inferred hand-back.,"June 29/22 - Signed
June 23/22 - V4 sent to Province
June 20/22 - V3 received
June 2/22 - V2 submitted to Province
June 1/22 - V2 with Rian and Cathy for review
Apr 20/22 - submitted to Province
Apr 13/22 - with Serge for approval
Apr 12/22 - Rian reviewing with Lori Collins
Apr 6/22 - with Rian for review"
MS Defender Proof of Concept,100,project supplied directly by Lori's Completed SCOs consolidated lists v1.0.xlsx,SCO-PROV-416 Antivirus Product Evaluation,17,V3,ADSL,2022-06-01,2022-06-02,2,2,June 1/22 - V2 with Rian and Cathy for review,June 2/22 - V2 submitted to Province,ADSL/internal work resumed after a Province send without an explicit returned/back/received line; v9 inferred a CSBC interval followed by the next ADSL turn.,"ADSL/internal work resumed, so a new ADSL editing turn was inferred before the next send/signing event. The send/submission date is counted with the sender, per Sam.","June 29/22 - Signed
June 23/22 - V4 sent to Province
June 20/22 - V3 received
June 2/22 - V2 submitted to Province
June 1/22 - V2 with Rian and Cathy for review
Apr 20/22 - submitted to Province
Apr 13/22 - with Serge for approval
Apr 12/22 - Rian reviewing with Lori Collins
Apr 6/22 - with Rian for review"
MS Defender Proof of Concept,100,project supplied directly by Lori's Completed SCOs consolidated lists v1.0.xlsx,SCO-PROV-416 Antivirus Product Evaluation,17,V4,CSBC,2022-06-03,2022-06-20,18,12,June 2/22 - V2 submitted to Province,June 20/22 - V3 received,Explicit returned version 3 did not match the normalized ownership turn V4; v9 kept normalized turn labels and Lori should confirm the exact version breadcrumb.,Province held the document after the prior send until the next explicit or inferred hand-back.,"June 29/22 - Signed
June 23/22 - V4 sent to Province
June 20/22 - V3 received
June 2/22 - V2 submitted to Province
June 1/22 - V2 with Rian and Cathy for review
Apr 20/22 - submitted to Province
Apr 13/22 - with Serge for approval
Apr 12/22 - Rian reviewing with Lori Collins
Apr 6/22 - with Rian for review"
MS Defender Proof of Concept,100,project supplied directly by Lori's Completed SCOs consolidated lists v1.0.xlsx,SCO-PROV-416 Antivirus Product Evaluation,17,V5,ADSL,2022-06-21,2022-06-23,3,3,June 20/22 - V3 received,June 23/22 - V4 sent to Province,,"After the returned/back event, the next ADSL turn ran until the next Province submission. The send/submission date is counted with the sender, per Sam.","June 29/22 - Signed
June 23/22 - V4 sent to Province
June 20/22 - V3 received
June 2/22 - V2 submitted to Province
June 1/22 - V2 with Rian and Cathy for review
Apr 20/22 - submitted to Province
Apr 13/22 - with Serge for approval
Apr 12/22 - Rian reviewing with Lori Collins
Apr 6/22 - with Rian for review"
MS Defender Proof of Concept,100,project supplied directly by Lori's Completed SCOs consolidated lists v1.0.xlsx,SCO-PROV-416 Antivirus Product Evaluation,17,V5,SIGNINGTIME,2022-06-24,2022-06-29,6,4,June 23/22 - V4 sent to Province,June 29/22 - Signed,,"The next meaningful event after the send was signing/final workflow, so no new CSBC editing turn was created.","June 29/22 - Signed
June 23/22 - V4 sent to Province
June 20/22 - V3 received
June 2/22 - V2 submitted to Province
June 1/22 - V2 with Rian and Cathy for review
Apr 20/22 - submitted to Province
Apr 13/22 - with Serge for approval
Apr 12/22 - Rian reviewing with Lori Collins
Apr 6/22 - with Rian for review"
RTMC Remediation Project,100,project supplied directly by Lori's Completed SCOs consolidated lists v1.0.xlsx,SCO-PROV-453 Amd SCO-355 RTMC PS Remed,18,V1,ADSL,2022-10-04,2022-10-04,1,1,Oct 4/22 - V1 sent to Province,Oct 4/22 - V1 sent to Province,,"The lifecycle opened on the ADSL side until the first Province handoff was visible. The send/submission date is counted with the sender, per Sam.","Oct 14/22 - Signed
Oct 13/22 - V2 rec'd
Oct 4/22 - V1 sent to Province"
RTMC Remediation Project,100,project supplied directly by Lori's Completed SCOs consolidated lists v1.0.xlsx,SCO-PROV-453 Amd SCO-355 RTMC PS Remed,18,V2,CSBC,2022-10-05,2022-10-13,9,7,Oct 4/22 - V1 sent to Province,Oct 13/22 - V2 rec'd,,Province held the document after the prior send until the next explicit or inferred hand-back.,"Oct 14/22 - Signed
Oct 13/22 - V2 rec'd
Oct 4/22 - V1 sent to Province"
RTMC Remediation Project,100,project supplied directly by Lori's Completed SCOs consolidated lists v1.0.xlsx,SCO-PROV-453 Amd SCO-355 RTMC PS Remed,18,V1,SIGNINGTIME,2022-10-14,2022-10-14,1,1,Oct 14/22 - Signed,Oct 14/22 - Signed,Signing/final workflow began after a return from Province without an explicit new send; Lori should confirm whether a send/final handoff is missing from the source text.,Signing/final workflow began after the last real edit turn.,"Oct 14/22 - Signed
Oct 13/22 - V2 rec'd
Oct 4/22 - V1 sent to Province"
Next Gen Shared File Phase 5,100,project supplied directly by Lori's Completed SCOs consolidated lists v1.0.xlsx,SCO-PROV-463 Next Gen Shared File Phase 5,19,V1,ADSL,2022-11-22,2022-11-22,1,1,Nov 22/22 - submitted to Province,Nov 22/22 - submitted to Province,,"The lifecycle opened on the ADSL side until the first Province handoff was visible. The send/submission date is counted with the sender, per Sam.","June 30/23 - Signed
June 27/23 - V5 sent to Province
June 27/23 - V4 back from Province - would like sign off prior to June 30
June 20/23 - V3 sent to Province
June 19/23 - SCO out for review internally
June 19/23 - SOW approved, SCO in draft
June 6/23 - During BN/BA meeting Brian asked to have the SCO ready to go so that once the BA is approved we can proceed right away
Apr 27/23 - SOW sent to Province
Mar 27/23 - Province approved to move forward to SOW/SCO, awaiting internal SOW creation
Dec 2/22 - Lori C. advised this will be reverting back to BA 
Nov 24/22 - V2 submitted to Province
Nov 23/22 - V2 with Sian for approval
Nov 22/22 - submitted to Province"
Next Gen Shared File Phase 5,100,project supplied directly by Lori's Completed SCOs consolidated lists v1.0.xlsx,SCO-PROV-463 Next Gen Shared File Phase 5,19,V3,ADSL,2022-11-23,2022-11-24,2,2,Nov 23/22 - V2 with Sian for approval,Nov 24/22 - V2 submitted to Province,ADSL/internal work resumed after a Province send without an explicit returned/back/received line; v9 inferred a CSBC interval followed by the next ADSL turn.,"ADSL/internal work resumed, so a new ADSL editing turn was inferred before the next send/signing event. The send/submission date is counted with the sender, per Sam.","June 30/23 - Signed
June 27/23 - V5 sent to Province
June 27/23 - V4 back from Province - would like sign off prior to June 30
June 20/23 - V3 sent to Province
June 19/23 - SCO out for review internally
June 19/23 - SOW approved, SCO in draft
June 6/23 - During BN/BA meeting Brian asked to have the SCO ready to go so that once the BA is approved we can proceed right away
Apr 27/23 - SOW sent to Province
Mar 27/23 - Province approved to move forward to SOW/SCO, awaiting internal SOW creation
Dec 2/22 - Lori C. advised this will be reverting back to BA 
Nov 24/22 - V2 submitted to Province
Nov 23/22 - V2 with Sian for approval
Nov 22/22 - submitted to Province"
Next Gen Shared File Phase 5,100,project supplied directly by Lori's Completed SCOs consolidated lists v1.0.xlsx,SCO-PROV-463 Next Gen Shared File Phase 5,19,V2,CSBC,2022-11-25,2022-12-01,7,5,Nov 24/22 - V2 submitted to Province,Dec 2/22 - Lori C. advised this will be reverting back to BA,ADSL/internal work resumed after a Province send without an explicit returned/back/received line; v9 inferred a CSBC interval followed by the next ADSL turn.,Province held the document after the prior send until the next explicit or inferred hand-back.,"June 30/23 - Signed
June 27/23 - V5 sent to Province
June 27/23 - V4 back from Province - would like sign off prior to June 30
June 20/23 - V3 sent to Province
June 19/23 - SCO out for review internally
June 19/23 - SOW approved, SCO in draft
June 6/23 - During BN/BA meeting Brian asked to have the SCO ready to go so that once the BA is approved we can proceed right away
Apr 27/23 - SOW sent to Province
Mar 27/23 - Province approved to move forward to SOW/SCO, awaiting internal SOW creation
Dec 2/22 - Lori C. advised this will be reverting back to BA 
Nov 24/22 - V2 submitted to Province
Nov 23/22 - V2 with Sian for approval
Nov 22/22 - submitted to Province"
Next Gen Shared File Phase 5,100,project supplied directly by Lori's Completed SCOs consolidated lists v1.0.xlsx,SCO-PROV-463 Next Gen Shared File Phase 5,19,V5,ADSL,2022-12-02,2023-04-27,147,105,Dec 2/22 - Lori C. advised this will be reverting back to BA,Apr 27/23 - SOW sent to Province,ADSL/internal work resumed after a Province send without an explicit returned/back/received line; v9 inferred a CSBC interval followed by the next ADSL turn.,"ADSL/internal work resumed, so a new ADSL editing turn was inferred before the next send/signing event. The send/submission date is counted with the sender, per Sam.","June 30/23 - Signed
June 27/23 - V5 sent to Province
June 27/23 - V4 back from Province - would like sign off prior to June 30
June 20/23 - V3 sent to Province
June 19/23 - SCO out for review internally
June 19/23 - SOW approved, SCO in draft
June 6/23 - During BN/BA meeting Brian asked to have the SCO ready to go so that once the BA is approved we can proceed right away
Apr 27/23 - SOW sent to Province
Mar 27/23 - Province approved to move forward to SOW/SCO, awaiting internal SOW creation
Dec 2/22 - Lori C. advised this will be reverting back to BA 
Nov 24/22 - V2 submitted to Province
Nov 23/22 - V2 with Sian for approval
Nov 22/22 - submitted to Province"
Next Gen Shared File Phase 5,100,project supplied directly by Lori's Completed SCOs consolidated lists v1.0.xlsx,SCO-PROV-463 Next Gen Shared File Phase 5,19,V4,CSBC,2023-04-28,2023-06-05,39,27,Apr 27/23 - SOW sent to Province,June 6/23 - During BN/BA meeting Brian asked to have the SCO ready to go so that once the BA is approved we can proceed right away,ADSL/internal work resumed after a Province send without an explicit returned/back/received line; v9 inferred a CSBC interval followed by the next ADSL turn.,Province held the document after the prior send until the next explicit or inferred hand-back.,"June 30/23 - Signed
June 27/23 - V5 sent to Province
June 27/23 - V4 back from Province - would like sign off prior to June 30
June 20/23 - V3 sent to Province
June 19/23 - SCO out for review internally
June 19/23 - SOW approved, SCO in draft
June 6/23 - During BN/BA meeting Brian asked to have the SCO ready to go so that once the BA is approved we can proceed right away
Apr 27/23 - SOW sent to Province
Mar 27/23 - Province approved to move forward to SOW/SCO, awaiting internal SOW creation
Dec 2/22 - Lori C. advised this will be reverting back to BA 
Nov 24/22 - V2 submitted to Province
Nov 23/22 - V2 with Sian for approval
Nov 22/22 - submitted to Province"
Next Gen Shared File Phase 5,100,project supplied directly by Lori's Completed SCOs consolidated lists v1.0.xlsx,SCO-PROV-463 Next Gen Shared File Phase 5,19,V7,ADSL,2023-06-06,2023-06-20,15,11,June 6/23 - During BN/BA meeting Brian asked to have the SCO ready to go so that once the BA is approved we can proceed right away,June 20/23 - V3 sent to Province,ADSL/internal work resumed after a Province send without an explicit returned/back/received line; v9 inferred a CSBC interval followed by the next ADSL turn.,"ADSL/internal work resumed, so a new ADSL editing turn was inferred before the next send/signing event. The send/submission date is counted with the sender, per Sam.","June 30/23 - Signed
June 27/23 - V5 sent to Province
June 27/23 - V4 back from Province - would like sign off prior to June 30
June 20/23 - V3 sent to Province
June 19/23 - SCO out for review internally
June 19/23 - SOW approved, SCO in draft
June 6/23 - During BN/BA meeting Brian asked to have the SCO ready to go so that once the BA is approved we can proceed right away
Apr 27/23 - SOW sent to Province
Mar 27/23 - Province approved to move forward to SOW/SCO, awaiting internal SOW creation
Dec 2/22 - Lori C. advised this will be reverting back to BA 
Nov 24/22 - V2 submitted to Province
Nov 23/22 - V2 with Sian for approval
Nov 22/22 - submitted to Province"
Next Gen Shared File Phase 5,100,project supplied directly by Lori's Completed SCOs consolidated lists v1.0.xlsx,SCO-PROV-463 Next Gen Shared File Phase 5,19,V6,CSBC,2023-06-21,2023-06-27,7,5,June 20/23 - V3 sent to Province,June 27/23 - V4 back from Province - would like sign off prior to June 30,Explicit returned version 4 did not match the normalized ownership turn V6; v9 kept normalized turn labels and Lori should confirm the exact version breadcrumb.,Province held the document after the prior send until the next explicit or inferred hand-back.,"June 30/23 - Signed
June 27/23 - V5 sent to Province
June 27/23 - V4 back from Province - would like sign off prior to June 30
June 20/23 - V3 sent to Province
June 19/23 - SCO out for review internally
June 19/23 - SOW approved, SCO in draft
June 6/23 - During BN/BA meeting Brian asked to have the SCO ready to go so that once the BA is approved we can proceed right away
Apr 27/23 - SOW sent to Province
Mar 27/23 - Province approved to move forward to SOW/SCO, awaiting internal SOW creation
Dec 2/22 - Lori C. advised this will be reverting back to BA 
Nov 24/22 - V2 submitted to Province
Nov 23/22 - V2 with Sian for approval
Nov 22/22 - submitted to Province"
Next Gen Shared File Phase 5,100,project supplied directly by Lori's Completed SCOs consolidated lists v1.0.xlsx,SCO-PROV-463 Next Gen Shared File Phase 5,19,V9,ADSL,2023-06-27,2023-06-27,1,1,June 27/23 - V4 back from Province - would like sign off prior to June 30,June 27/23 - V5 sent to Province,,"After the returned/back event, the next ADSL turn ran until the next Province submission. The send/submission date is counted with the sender, per Sam.","June 30/23 - Signed
June 27/23 - V5 sent to Province
June 27/23 - V4 back from Province - would like sign off prior to June 30
June 20/23 - V3 sent to Province
June 19/23 - SCO out for review internally
June 19/23 - SOW approved, SCO in draft
June 6/23 - During BN/BA meeting Brian asked to have the SCO ready to go so that once the BA is approved we can proceed right away
Apr 27/23 - SOW sent to Province
Mar 27/23 - Province approved to move forward to SOW/SCO, awaiting internal SOW creation
Dec 2/22 - Lori C. advised this will be reverting back to BA 
Nov 24/22 - V2 submitted to Province
Nov 23/22 - V2 with Sian for approval
Nov 22/22 - submitted to Province"
Next Gen Shared File Phase 5,100,project supplied directly by Lori's Completed SCOs consolidated lists v1.0.xlsx,SCO-PROV-463 Next Gen Shared File Phase 5,19,V9,SIGNINGTIME,2023-06-28,2023-06-30,3,3,June 27/23 - V5 sent to Province,June 30/23 - Signed,,"The next meaningful event after the send was signing/final workflow, so no new CSBC editing turn was created.","June 30/23 - Signed
June 27/23 - V5 sent to Province
June 27/23 - V4 back from Province - would like sign off prior to June 30
June 20/23 - V3 sent to Province
June 19/23 - SCO out for review internally
June 19/23 - SOW approved, SCO in draft
June 6/23 - During BN/BA meeting Brian asked to have the SCO ready to go so that once the BA is approved we can proceed right away
Apr 27/23 - SOW sent to Province
Mar 27/23 - Province approved to move forward to SOW/SCO, awaiting internal SOW creation
Dec 2/22 - Lori C. advised this will be reverting back to BA 
Nov 24/22 - V2 submitted to Province
Nov 23/22 - V2 with Sian for approval
Nov 22/22 - submitted to Province"
OpenVMS Hardware Upgrade,100,project supplied directly by Lori's Completed SCOs consolidated lists v1.0.xlsx,SCO-PROV-466 OpenVMS Custom Servers,20,V1,ADSL,2022-11-22,2022-11-28,7,5,Nov 22/22 - with Jen and Cathy for review,Nov 28/22 - SCO submitted to Province,,"The lifecycle opened on the ADSL side until the first Province handoff was visible. The send/submission date is counted with the sender, per Sam.","Dec 5/22 - Signed
Dec 3/22 - Moved to FINAL and sent to Sian/Serge for approval
Dec 3/22 - V4 recevied back from the Province
Dec 3/22 - V3 sent to Province
Dec 2/22 - Edits made, back with Lori/Cathy
Dec 1/22 - V2 back from Province, with Cathy/Lori C. for review
Nov 28/22 - SCO submitted to Province
Nov 28/22 with Sian for approval to submit to Province
Nov 25/22 - Followed up with vendor re: hardware availability, vendor confirmed
Nov 23/22 - hold on sending OpenVMS refresh to the Province, waiting to hear from vendor
Nov 22/22 - with Jen and Cathy for review"
OpenVMS Hardware Upgrade,100,project supplied directly by Lori's Completed SCOs consolidated lists v1.0.xlsx,SCO-PROV-466 OpenVMS Custom Servers,20,V2,CSBC,2022-11-29,2022-12-01,3,3,Nov 28/22 - SCO submitted to Province,"Dec 1/22 - V2 back from Province, with Cathy/Lori C. for review",,Province held the document after the prior send until the next explicit or inferred hand-back.,"Dec 5/22 - Signed
Dec 3/22 - Moved to FINAL and sent to Sian/Serge for approval
Dec 3/22 - V4 recevied back from the Province
Dec 3/22 - V3 sent to Province
Dec 2/22 - Edits made, back with Lori/Cathy
Dec 1/22 - V2 back from Province, with Cathy/Lori C. for review
Nov 28/22 - SCO submitted to Province
Nov 28/22 with Sian for approval to submit to Province
Nov 25/22 - Followed up with vendor re: hardware availability, vendor confirmed
Nov 23/22 - hold on sending OpenVMS refresh to the Province, waiting to hear from vendor
Nov 22/22 - with Jen and Cathy for review"
OpenVMS Hardware Upgrade,100,project supplied directly by Lori's Completed SCOs consolidated lists v1.0.xlsx,SCO-PROV-466 OpenVMS Custom Servers,20,V3,ADSL,2022-12-02,2022-12-03,2,1,"Dec 2/22 - Edits made, back with Lori/Cathy",Dec 3/22 - V3 sent to Province,,"The file was back from Province and ADSL/internal work resumed before the next send. The send/submission date is counted with the sender, per Sam.","Dec 5/22 - Signed
Dec 3/22 - Moved to FINAL and sent to Sian/Serge for approval
Dec 3/22 - V4 recevied back from the Province
Dec 3/22 - V3 sent to Province
Dec 2/22 - Edits made, back with Lori/Cathy
Dec 1/22 - V2 back from Province, with Cathy/Lori C. for review
Nov 28/22 - SCO submitted to Province
Nov 28/22 with Sian for approval to submit to Province
Nov 25/22 - Followed up with vendor re: hardware availability, vendor confirmed
Nov 23/22 - hold on sending OpenVMS refresh to the Province, waiting to hear from vendor
Nov 22/22 - with Jen and Cathy for review"
OpenVMS Hardware Upgrade,100,project supplied directly by Lori's Completed SCOs consolidated lists v1.0.xlsx,SCO-PROV-466 OpenVMS Custom Servers,20,V3,SIGNINGTIME,2022-12-03,2022-12-05,3,1,Dec 3/22 - V3 sent to Province,Dec 5/22 - Signed,,"The next meaningful event after the send was signing/final workflow, so no new CSBC editing turn was created.","Dec 5/22 - Signed
Dec 3/22 - Moved to FINAL and sent to Sian/Serge for approval
Dec 3/22 - V4 recevied back from the Province
Dec 3/22 - V3 sent to Province
Dec 2/22 - Edits made, back with Lori/Cathy
Dec 1/22 - V2 back from Province, with Cathy/Lori C. for review
Nov 28/22 - SCO submitted to Province
Nov 28/22 with Sian for approval to submit to Province
Nov 25/22 - Followed up with vendor re: hardware availability, vendor confirmed
Nov 23/22 - hold on sending OpenVMS refresh to the Province, waiting to hear from vendor
Nov 22/22 - with Jen and Cathy for review"
RTMC Remediation Project,100,project supplied directly by Lori's Completed SCOs consolidated lists v1.0.xlsx,SCO-PROV-479 Amend SCO-453 RTMC PS Remed,21,V1,ADSL,2023-01-09,2023-01-10,2,2,Jan 9/23 - With Sian,Jan 10/23 - V1 Sent to Province,,"The lifecycle opened on the ADSL side until the first Province handoff was visible. The send/submission date is counted with the sender, per Sam.","Feb 9/23 - Signed
Feb 8/23 - With Province for signature
Feb 8/23 - With Sian for signature approval
Feb 7/23 - V4 sent to Province
Feb 3/23 - Province question with Sharon
Jan 31/23 - V3 sent to Province
Jan 31/23 - Followed up with Sharon
Jan 25/23 - Sent Sharon T to answer question
Jan 20/23 - Sent to Sian
Jan 20/23 - Province sent V2 back with a Q
Jan 10/23 - V1 Sent to Province
Jan 9/23 - With Sian"
RTMC Remediation Project,100,project supplied directly by Lori's Completed SCOs consolidated lists v1.0.xlsx,SCO-PROV-479 Amend SCO-453 RTMC PS Remed,21,V2,CSBC,2023-01-11,2023-01-19,9,7,Jan 10/23 - V1 Sent to Province,Jan 20/23 - Sent to Sian,ADSL/internal work resumed after a Province send without an explicit returned/back/received line; v9 inferred a CSBC interval followed by the next ADSL turn.,Province held the document after the prior send until the next explicit or inferred hand-back.,"Feb 9/23 - Signed
Feb 8/23 - With Province for signature
Feb 8/23 - With Sian for signature approval
Feb 7/23 - V4 sent to Province
Feb 3/23 - Province question with Sharon
Jan 31/23 - V3 sent to Province
Jan 31/23 - Followed up with Sharon
Jan 25/23 - Sent Sharon T to answer question
Jan 20/23 - Sent to Sian
Jan 20/23 - Province sent V2 back with a Q
Jan 10/23 - V1 Sent to Province
Jan 9/23 - With Sian"
RTMC Remediation Project,100,project supplied directly by Lori's Completed SCOs consolidated lists v1.0.xlsx,SCO-PROV-479 Amend SCO-453 RTMC PS Remed,21,V3,ADSL,2023-01-20,2023-01-31,12,8,Jan 20/23 - Sent to Sian,Jan 31/23 - V3 sent to Province,ADSL/internal work resumed after a Province send without an explicit returned/back/received line; v9 inferred a CSBC interval followed by the next ADSL turn.,"ADSL/internal work resumed, so a new ADSL editing turn was inferred before the next send/signing event. The send/submission date is counted with the sender, per Sam.","Feb 9/23 - Signed
Feb 8/23 - With Province for signature
Feb 8/23 - With Sian for signature approval
Feb 7/23 - V4 sent to Province
Feb 3/23 - Province question with Sharon
Jan 31/23 - V3 sent to Province
Jan 31/23 - Followed up with Sharon
Jan 25/23 - Sent Sharon T to answer question
Jan 20/23 - Sent to Sian
Jan 20/23 - Province sent V2 back with a Q
Jan 10/23 - V1 Sent to Province
Jan 9/23 - With Sian"
RTMC Remediation Project,100,project supplied directly by Lori's Completed SCOs consolidated lists v1.0.xlsx,SCO-PROV-479 Amend SCO-453 RTMC PS Remed,21,V4,CSBC,2023-02-01,2023-02-02,2,2,Jan 31/23 - V3 sent to Province,Feb 3/23 - Province question with Sharon,ADSL/internal work resumed after a Province send without an explicit returned/back/received line; v9 inferred a CSBC interval followed by the next ADSL turn.,Province held the document after the prior send until the next explicit or inferred hand-back.,"Feb 9/23 - Signed
Feb 8/23 - With Province for signature
Feb 8/23 - With Sian for signature approval
Feb 7/23 - V4 sent to Province
Feb 3/23 - Province question with Sharon
Jan 31/23 - V3 sent to Province
Jan 31/23 - Followed up with Sharon
Jan 25/23 - Sent Sharon T to answer question
Jan 20/23 - Sent to Sian
Jan 20/23 - Province sent V2 back with a Q
Jan 10/23 - V1 Sent to Province
Jan 9/23 - With Sian"
RTMC Remediation Project,100,project supplied directly by Lori's Completed SCOs consolidated lists v1.0.xlsx,SCO-PROV-479 Amend SCO-453 RTMC PS Remed,21,V5,ADSL,2023-02-03,2023-02-07,5,3,Feb 3/23 - Province question with Sharon,Feb 7/23 - V4 sent to Province,ADSL/internal work resumed after a Province send without an explicit returned/back/received line; v9 inferred a CSBC interval followed by the next ADSL turn.,"ADSL/internal work resumed, so a new ADSL editing turn was inferred before the next send/signing event. The send/submission date is counted with the sender, per Sam.","Feb 9/23 - Signed
Feb 8/23 - With Province for signature
Feb 8/23 - With Sian for signature approval
Feb 7/23 - V4 sent to Province
Feb 3/23 - Province question with Sharon
Jan 31/23 - V3 sent to Province
Jan 31/23 - Followed up with Sharon
Jan 25/23 - Sent Sharon T to answer question
Jan 20/23 - Sent to Sian
Jan 20/23 - Province sent V2 back with a Q
Jan 10/23 - V1 Sent to Province
Jan 9/23 - With Sian"
RTMC Remediation Project,100,project supplied directly by Lori's Completed SCOs consolidated lists v1.0.xlsx,SCO-PROV-479 Amend SCO-453 RTMC PS Remed,21,V5,SIGNINGTIME,2023-02-08,2023-02-09,2,2,Feb 7/23 - V4 sent to Province,Feb 9/23 - Signed,,"The next meaningful event after the send was signing/final workflow, so no new CSBC editing turn was created.","Feb 9/23 - Signed
Feb 8/23 - With Province for signature
Feb 8/23 - With Sian for signature approval
Feb 7/23 - V4 sent to Province
Feb 3/23 - Province question with Sharon
Jan 31/23 - V3 sent to Province
Jan 31/23 - Followed up with Sharon
Jan 25/23 - Sent Sharon T to answer question
Jan 20/23 - Sent to Sian
Jan 20/23 - Province sent V2 back with a Q
Jan 10/23 - V1 Sent to Province
Jan 9/23 - With Sian"
Patch Management Phase 2,100,project supplied directly by Lori's Completed SCOs consolidated lists v1.0.xlsx,SCO-PROV-482 Patch Management Phase 2,22,V1,ADSL,2023-01-25,2023-01-27,3,3,Jan 25/23 - With Jen to draft,Jan 27/23 - Sent to Province,,"The lifecycle opened on the ADSL side until the first Province handoff was visible. The send/submission date is counted with the sender, per Sam.","Feb 16/23 - Completed
Feb 16/23 - Final sent to Province for signature
Feb 15/23 - With Sian for signature approval
Feb 13/23 - Province requested to move to Final
Feb 8/23 - V3 Sent to Province
Feb 8/23 - With Cathy/Lori
Feb 3/23 - V2 back from Province with comments
Jan 27/23 - Sent to Province
Jan 27/23 - With Sian
Jan 26/23 - With Lori/Cathy for review
Jan 26/23 - Requested pricing table from Cathy
Jan 25/23 - With Jen to draft"
Patch Management Phase 2,100,project supplied directly by Lori's Completed SCOs consolidated lists v1.0.xlsx,SCO-PROV-482 Patch Management Phase 2,22,V2,CSBC,2023-01-28,2023-02-03,7,5,Jan 27/23 - Sent to Province,Feb 3/23 - V2 back from Province with comments,,Province held the document after the prior send until the next explicit or inferred hand-back.,"Feb 16/23 - Completed
Feb 16/23 - Final sent to Province for signature
Feb 15/23 - With Sian for signature approval
Feb 13/23 - Province requested to move to Final
Feb 8/23 - V3 Sent to Province
Feb 8/23 - With Cathy/Lori
Feb 3/23 - V2 back from Province with comments
Jan 27/23 - Sent to Province
Jan 27/23 - With Sian
Jan 26/23 - With Lori/Cathy for review
Jan 26/23 - Requested pricing table from Cathy
Jan 25/23 - With Jen to draft"
Patch Management Phase 2,100,project supplied directly by Lori's Completed SCOs consolidated lists v1.0.xlsx,SCO-PROV-482 Patch Management Phase 2,22,V3,ADSL,2023-02-08,2023-02-08,1,1,Feb 8/23 - With Cathy/Lori,Feb 8/23 - V3 Sent to Province,,"The file was back from Province and ADSL/internal work resumed before the next send. The send/submission date is counted with the sender, per Sam.","Feb 16/23 - Completed
Feb 16/23 - Final sent to Province for signature
Feb 15/23 - With Sian for signature approval
Feb 13/23 - Province requested to move to Final
Feb 8/23 - V3 Sent to Province
Feb 8/23 - With Cathy/Lori
Feb 3/23 - V2 back from Province with comments
Jan 27/23 - Sent to Province
Jan 27/23 - With Sian
Jan 26/23 - With Lori/Cathy for review
Jan 26/23 - Requested pricing table from Cathy
Jan 25/23 - With Jen to draft"
Patch Management Phase 2,100,project supplied directly by Lori's Completed SCOs consolidated lists v1.0.xlsx,SCO-PROV-482 Patch Management Phase 2,22,V3,SIGNINGTIME,2023-02-09,2023-02-16,8,6,Feb 8/23 - V3 Sent to Province,Feb 16/23 - Final sent to Province for signature,,"The next meaningful event after the send was signing/final workflow, so no new CSBC editing turn was created.","Feb 16/23 - Completed
Feb 16/23 - Final sent to Province for signature
Feb 15/23 - With Sian for signature approval
Feb 13/23 - Province requested to move to Final
Feb 8/23 - V3 Sent to Province
Feb 8/23 - With Cathy/Lori
Feb 3/23 - V2 back from Province with comments
Jan 27/23 - Sent to Province
Jan 27/23 - With Sian
Jan 26/23 - With Lori/Cathy for review
Jan 26/23 - Requested pricing table from Cathy
Jan 25/23 - With Jen to draft"
IT Modernization Roadmap,100,project supplied directly by Lori's Completed SCOs consolidated lists v1.0.xlsx,SCO-PROV-484 IT Modernization Roadmap,23,V1,ADSL,2023-01-31,2023-02-01,2,2,Jan 31/23 - Lori Sent SOW,Feb 1/23 - V1 sent to Province,,"The lifecycle opened on the ADSL side until the first Province handoff was visible. The send/submission date is counted with the sender, per Sam.","Mar 14/23 - Completed/signed
Mar 10/23 - Final sent to Province
Mar 10/23 - Province requested to move to signature, with Sian
Mar 7/23 - V4 sent to Province 
Mar 2/23 - Q with Cathy
Feb 22/23 - With Jen to amend/review
Feb 22/23 - Sent to Cathy for review
Feb 16/23 - V3 back from Province
Feb 10/23 - V2 sent to Province
Feb 9/23 - Updates to SOW, V2 with Lori for review
Feb 1/23 - V1 sent to Province
Feb 1/23 - With Sian
Feb 1/23 - Draft sent to Cathy/Lori for review
Jan 31/23 - Lori Sent SOW"
IT Modernization Roadmap,100,project supplied directly by Lori's Completed SCOs consolidated lists v1.0.xlsx,SCO-PROV-484 IT Modernization Roadmap,23,V2,CSBC,2023-02-02,2023-02-08,7,5,Feb 1/23 - V1 sent to Province,"Feb 9/23 - Updates to SOW, V2 with Lori for review",ADSL/internal work resumed after a Province send without an explicit returned/back/received line; v9 inferred a CSBC interval followed by the next ADSL turn.,Province held the document after the prior send until the next explicit or inferred hand-back.,"Mar 14/23 - Completed/signed
Mar 10/23 - Final sent to Province
Mar 10/23 - Province requested to move to signature, with Sian
Mar 7/23 - V4 sent to Province 
Mar 2/23 - Q with Cathy
Feb 22/23 - With Jen to amend/review
Feb 22/23 - Sent to Cathy for review
Feb 16/23 - V3 back from Province
Feb 10/23 - V2 sent to Province
Feb 9/23 - Updates to SOW, V2 with Lori for review
Feb 1/23 - V1 sent to Province
Feb 1/23 - With Sian
Feb 1/23 - Draft sent to Cathy/Lori for review
Jan 31/23 - Lori Sent SOW"
IT Modernization Roadmap,100,project supplied directly by Lori's Completed SCOs consolidated lists v1.0.xlsx,SCO-PROV-484 IT Modernization Roadmap,23,V3,ADSL,2023-02-09,2023-02-10,2,2,"Feb 9/23 - Updates to SOW, V2 with Lori for review",Feb 10/23 - V2 sent to Province,ADSL/internal work resumed after a Province send without an explicit returned/back/received line; v9 inferred a CSBC interval followed by the next ADSL turn.,"ADSL/internal work resumed, so a new ADSL editing turn was inferred before the next send/signing event. The send/submission date is counted with the sender, per Sam.","Mar 14/23 - Completed/signed
Mar 10/23 - Final sent to Province
Mar 10/23 - Province requested to move to signature, with Sian
Mar 7/23 - V4 sent to Province 
Mar 2/23 - Q with Cathy
Feb 22/23 - With Jen to amend/review
Feb 22/23 - Sent to Cathy for review
Feb 16/23 - V3 back from Province
Feb 10/23 - V2 sent to Province
Feb 9/23 - Updates to SOW, V2 with Lori for review
Feb 1/23 - V1 sent to Province
Feb 1/23 - With Sian
Feb 1/23 - Draft sent to Cathy/Lori for review
Jan 31/23 - Lori Sent SOW"
IT Modernization Roadmap,100,project supplied directly by Lori's Completed SCOs consolidated lists v1.0.xlsx,SCO-PROV-484 IT Modernization Roadmap,23,V4,CSBC,2023-02-11,2023-02-16,6,4,Feb 10/23 - V2 sent to Province,Feb 16/23 - V3 back from Province,Explicit returned version 3 did not match the normalized ownership turn V4; v9 kept normalized turn labels and Lori should confirm the exact version breadcrumb.,Province held the document after the prior send until the next explicit or inferred hand-back.,"Mar 14/23 - Completed/signed
Mar 10/23 - Final sent to Province
Mar 10/23 - Province requested to move to signature, with Sian
Mar 7/23 - V4 sent to Province 
Mar 2/23 - Q with Cathy
Feb 22/23 - With Jen to amend/review
Feb 22/23 - Sent to Cathy for review
Feb 16/23 - V3 back from Province
Feb 10/23 - V2 sent to Province
Feb 9/23 - Updates to SOW, V2 with Lori for review
Feb 1/23 - V1 sent to Province
Feb 1/23 - With Sian
Feb 1/23 - Draft sent to Cathy/Lori for review
Jan 31/23 - Lori Sent SOW"
IT Modernization Roadmap,100,project supplied directly by Lori's Completed SCOs consolidated lists v1.0.xlsx,SCO-PROV-484 IT Modernization Roadmap,23,V5,ADSL,2023-02-22,2023-03-07,14,10,Feb 22/23 - With Jen to amend/review,Mar 7/23 - V4 sent to Province,,"The file was back from Province and ADSL/internal work resumed before the next send. The send/submission date is counted with the sender, per Sam.","Mar 14/23 - Completed/signed
Mar 10/23 - Final sent to Province
Mar 10/23 - Province requested to move to signature, with Sian
Mar 7/23 - V4 sent to Province 
Mar 2/23 - Q with Cathy
Feb 22/23 - With Jen to amend/review
Feb 22/23 - Sent to Cathy for review
Feb 16/23 - V3 back from Province
Feb 10/23 - V2 sent to Province
Feb 9/23 - Updates to SOW, V2 with Lori for review
Feb 1/23 - V1 sent to Province
Feb 1/23 - With Sian
Feb 1/23 - Draft sent to Cathy/Lori for review
Jan 31/23 - Lori Sent SOW"
IT Modernization Roadmap,100,project supplied directly by Lori's Completed SCOs consolidated lists v1.0.xlsx,SCO-PROV-484 IT Modernization Roadmap,23,V6,CSBC,2023-03-08,2023-03-09,2,2,Mar 7/23 - V4 sent to Province,"Mar 10/23 - Province requested to move to signature, with Sian",ADSL/internal work resumed after a Province send without an explicit returned/back/received line; v9 inferred a CSBC interval followed by the next ADSL turn.,Province held the document after the prior send until the next explicit or inferred hand-back.,"Mar 14/23 - Completed/signed
Mar 10/23 - Final sent to Province
Mar 10/23 - Province requested to move to signature, with Sian
Mar 7/23 - V4 sent to Province 
Mar 2/23 - Q with Cathy
Feb 22/23 - With Jen to amend/review
Feb 22/23 - Sent to Cathy for review
Feb 16/23 - V3 back from Province
Feb 10/23 - V2 sent to Province
Feb 9/23 - Updates to SOW, V2 with Lori for review
Feb 1/23 - V1 sent to Province
Feb 1/23 - With Sian
Feb 1/23 - Draft sent to Cathy/Lori for review
Jan 31/23 - Lori Sent SOW"
IT Modernization Roadmap,100,project supplied directly by Lori's Completed SCOs consolidated lists v1.0.xlsx,SCO-PROV-484 IT Modernization Roadmap,23,V7,ADSL,2023-03-10,2023-03-10,1,1,"Mar 10/23 - Province requested to move to signature, with Sian",Mar 10/23 - Final sent to Province,ADSL/internal work resumed after a Province send without an explicit returned/back/received line; v9 inferred a CSBC interval followed by the next ADSL turn. | Signing/final workflow began on the same day as the inferred ADSL interval start; Lori should confirm whether the edit time should be collapsed or absorbed into SIGNINGTIME.,"ADSL/internal work resumed, so a new ADSL editing turn was inferred before the next send/signing event.","Mar 14/23 - Completed/signed
Mar 10/23 - Final sent to Province
Mar 10/23 - Province requested to move to signature, with Sian
Mar 7/23 - V4 sent to Province 
Mar 2/23 - Q with Cathy
Feb 22/23 - With Jen to amend/review
Feb 22/23 - Sent to Cathy for review
Feb 16/23 - V3 back from Province
Feb 10/23 - V2 sent to Province
Feb 9/23 - Updates to SOW, V2 with Lori for review
Feb 1/23 - V1 sent to Province
Feb 1/23 - With Sian
Feb 1/23 - Draft sent to Cathy/Lori for review
Jan 31/23 - Lori Sent SOW"
IT Modernization Roadmap,100,project supplied directly by Lori's Completed SCOs consolidated lists v1.0.xlsx,SCO-PROV-484 IT Modernization Roadmap,23,V7,SIGNINGTIME,2023-03-10,2023-03-14,5,3,Mar 10/23 - Final sent to Province,Mar 14/23 - Completed/signed,,"Once signing/final workflow began, later final lines were kept within one SIGNINGTIME sequence.","Mar 14/23 - Completed/signed
Mar 10/23 - Final sent to Province
Mar 10/23 - Province requested to move to signature, with Sian
Mar 7/23 - V4 sent to Province 
Mar 2/23 - Q with Cathy
Feb 22/23 - With Jen to amend/review
Feb 22/23 - Sent to Cathy for review
Feb 16/23 - V3 back from Province
Feb 10/23 - V2 sent to Province
Feb 9/23 - Updates to SOW, V2 with Lori for review
Feb 1/23 - V1 sent to Province
Feb 1/23 - With Sian
Feb 1/23 - Draft sent to Cathy/Lori for review
Jan 31/23 - Lori Sent SOW"
SDN Release 4,100,project supplied directly by Lori's Completed SCOs consolidated lists v1.0.xlsx,SCO-PROV-515 SDN Release 4 Implementation,24,V1,ADSL,2023-05-05,2023-07-11,68,48,"May 5/23 - SOW with Province who have asked for an early project start, so SCO number assigned so a WBS code can be created","July 12/23 - SOW rec'd from vendor, internal review scheduled for today",A returned/back event appeared without a clearly logged Province submission for the prior ADSL turn; Lori should confirm whether a send event is missing in the source text.,The lifecycle opened on the ADSL side until the first Province handoff was visible.,"Aug 23/23 - Signed
Aug 21/23 - Province agreed to move to Final, with Sian
Aug 15/23 - V5 sent to Province
Aug 14/23 - V4 back from Province
Aug 9/23 - Rian talking to Emma
Aug 8/23 - Province responded with statement regarding SOWs not being ROM picing, internal convo needed, emailed Michelle
Aug 1/23 - V3 sent to Province
July 27/23 - V2 back from Province, question with Chris
July 14/23 - V1 sent to Province
July 14/23 - With Lori C. and Sian for approval
July 12/23 - Decision to remove licenses from this SCO and scribe them at a later date, with internal team for review
July 12/23 - SOW rec'd from vendor, internal review scheduled for today
July 10/23 - Cathy followed up with Vendor
July 6/23 - Cathy getting quotes from vendors 
June 23/23 - Michelle C following up with Vendor quotes
June 19/23 - Cathy emailed Chris to obtain vendor quotes for the external resources
June 19/23 - Followed up and scheduled an internal mtg 
June 15/23 - Draft started, emailed Chris/Cathy for the updated table 
June 13/23 - SOW Rel 4 approved
May 5/23 - SOW with Province who have asked for an early project start, so SCO number assigned so a WBS code can be created"
SDN Release 4,100,project supplied directly by Lori's Completed SCOs consolidated lists v1.0.xlsx,SCO-PROV-515 SDN Release 4 Implementation,24,V3,ADSL,2023-07-14,2023-07-14,1,1,July 14/23 - With Lori C. and Sian for approval,July 14/23 - V1 sent to Province,,"The file was back from Province and ADSL/internal work resumed before the next send. The send/submission date is counted with the sender, per Sam.","Aug 23/23 - Signed
Aug 21/23 - Province agreed to move to Final, with Sian
Aug 15/23 - V5 sent to Province
Aug 14/23 - V4 back from Province
Aug 9/23 - Rian talking to Emma
Aug 8/23 - Province responded with statement regarding SOWs not being ROM picing, internal convo needed, emailed Michelle
Aug 1/23 - V3 sent to Province
July 27/23 - V2 back from Province, question with Chris
July 14/23 - V1 sent to Province
July 14/23 - With Lori C. and Sian for approval
July 12/23 - Decision to remove licenses from this SCO and scribe them at a later date, with internal team for review
July 12/23 - SOW rec'd from vendor, internal review scheduled for today
July 10/23 - Cathy followed up with Vendor
July 6/23 - Cathy getting quotes from vendors 
June 23/23 - Michelle C following up with Vendor quotes
June 19/23 - Cathy emailed Chris to obtain vendor quotes for the external resources
June 19/23 - Followed up and scheduled an internal mtg 
June 15/23 - Draft started, emailed Chris/Cathy for the updated table 
June 13/23 - SOW Rel 4 approved
May 5/23 - SOW with Province who have asked for an early project start, so SCO number assigned so a WBS code can be created"
SDN Release 4,100,project supplied directly by Lori's Completed SCOs consolidated lists v1.0.xlsx,SCO-PROV-515 SDN Release 4 Implementation,24,V2,CSBC,2023-07-15,2023-07-27,13,9,July 14/23 - V1 sent to Province,"July 27/23 - V2 back from Province, question with Chris",,Province held the document after the prior send until the next explicit or inferred hand-back.,"Aug 23/23 - Signed
Aug 21/23 - Province agreed to move to Final, with Sian
Aug 15/23 - V5 sent to Province
Aug 14/23 - V4 back from Province
Aug 9/23 - Rian talking to Emma
Aug 8/23 - Province responded with statement regarding SOWs not being ROM picing, internal convo needed, emailed Michelle
Aug 1/23 - V3 sent to Province
July 27/23 - V2 back from Province, question with Chris
July 14/23 - V1 sent to Province
July 14/23 - With Lori C. and Sian for approval
July 12/23 - Decision to remove licenses from this SCO and scribe them at a later date, with internal team for review
July 12/23 - SOW rec'd from vendor, internal review scheduled for today
July 10/23 - Cathy followed up with Vendor
July 6/23 - Cathy getting quotes from vendors 
June 23/23 - Michelle C following up with Vendor quotes
June 19/23 - Cathy emailed Chris to obtain vendor quotes for the external resources
June 19/23 - Followed up and scheduled an internal mtg 
June 15/23 - Draft started, emailed Chris/Cathy for the updated table 
June 13/23 - SOW Rel 4 approved
May 5/23 - SOW with Province who have asked for an early project start, so SCO number assigned so a WBS code can be created"
SDN Release 4,100,project supplied directly by Lori's Completed SCOs consolidated lists v1.0.xlsx,SCO-PROV-515 SDN Release 4 Implementation,24,V5,ADSL,2023-07-28,2023-08-01,5,3,"July 27/23 - V2 back from Province, question with Chris",Aug 1/23 - V3 sent to Province,,"After the returned/back event, the next ADSL turn ran until the next Province submission. The send/submission date is counted with the sender, per Sam.","Aug 23/23 - Signed
Aug 21/23 - Province agreed to move to Final, with Sian
Aug 15/23 - V5 sent to Province
Aug 14/23 - V4 back from Province
Aug 9/23 - Rian talking to Emma
Aug 8/23 - Province responded with statement regarding SOWs not being ROM picing, internal convo needed, emailed Michelle
Aug 1/23 - V3 sent to Province
July 27/23 - V2 back from Province, question with Chris
July 14/23 - V1 sent to Province
July 14/23 - With Lori C. and Sian for approval
July 12/23 - Decision to remove licenses from this SCO and scribe them at a later date, with internal team for review
July 12/23 - SOW rec'd from vendor, internal review scheduled for today
July 10/23 - Cathy followed up with Vendor
July 6/23 - Cathy getting quotes from vendors 
June 23/23 - Michelle C following up with Vendor quotes
June 19/23 - Cathy emailed Chris to obtain vendor quotes for the external resources
June 19/23 - Followed up and scheduled an internal mtg 
June 15/23 - Draft started, emailed Chris/Cathy for the updated table 
June 13/23 - SOW Rel 4 approved
May 5/23 - SOW with Province who have asked for an early project start, so SCO number assigned so a WBS code can be created"
SDN Release 4,100,project supplied directly by Lori's Completed SCOs consolidated lists v1.0.xlsx,SCO-PROV-515 SDN Release 4 Implementation,24,V4,CSBC,2023-08-02,2023-08-07,6,4,Aug 1/23 - V3 sent to Province,"Aug 8/23 - Province responded with statement regarding SOWs not being ROM picing, internal convo needed, emailed Michelle",ADSL/internal work resumed after a Province send without an explicit returned/back/received line; v9 inferred a CSBC interval followed by the next ADSL turn.,Province held the document after the prior send until the next explicit or inferred hand-back.,"Aug 23/23 - Signed
Aug 21/23 - Province agreed to move to Final, with Sian
Aug 15/23 - V5 sent to Province
Aug 14/23 - V4 back from Province
Aug 9/23 - Rian talking to Emma
Aug 8/23 - Province responded with statement regarding SOWs not being ROM picing, internal convo needed, emailed Michelle
Aug 1/23 - V3 sent to Province
July 27/23 - V2 back from Province, question with Chris
July 14/23 - V1 sent to Province
July 14/23 - With Lori C. and Sian for approval
July 12/23 - Decision to remove licenses from this SCO and scribe them at a later date, with internal team for review
July 12/23 - SOW rec'd from vendor, internal review scheduled for today
July 10/23 - Cathy followed up with Vendor
July 6/23 - Cathy getting quotes from vendors 
June 23/23 - Michelle C following up with Vendor quotes
June 19/23 - Cathy emailed Chris to obtain vendor quotes for the external resources
June 19/23 - Followed up and scheduled an internal mtg 
June 15/23 - Draft started, emailed Chris/Cathy for the updated table 
June 13/23 - SOW Rel 4 approved
May 5/23 - SOW with Province who have asked for an early project start, so SCO number assigned so a WBS code can be created"
SDN Release 4,100,project supplied directly by Lori's Completed SCOs consolidated lists v1.0.xlsx,SCO-PROV-515 SDN Release 4 Implementation,24,V7,ADSL,2023-08-08,2023-08-13,6,4,"Aug 8/23 - Province responded with statement regarding SOWs not being ROM picing, internal convo needed, emailed Michelle",Aug 14/23 - V4 back from Province,ADSL/internal work resumed after a Province send without an explicit returned/back/received line; v9 inferred a CSBC interval followed by the next ADSL turn. | A returned/back event appeared without a clearly logged Province submission for the prior ADSL turn; Lori should confirm whether a send event is missing in the source text.,"ADSL/internal work resumed, so a new ADSL editing turn was inferred before the next send/signing event.","Aug 23/23 - Signed
Aug 21/23 - Province agreed to move to Final, with Sian
Aug 15/23 - V5 sent to Province
Aug 14/23 - V4 back from Province
Aug 9/23 - Rian talking to Emma
Aug 8/23 - Province responded with statement regarding SOWs not being ROM picing, internal convo needed, emailed Michelle
Aug 1/23 - V3 sent to Province
July 27/23 - V2 back from Province, question with Chris
July 14/23 - V1 sent to Province
July 14/23 - With Lori C. and Sian for approval
July 12/23 - Decision to remove licenses from this SCO and scribe them at a later date, with internal team for review
July 12/23 - SOW rec'd from vendor, internal review scheduled for today
July 10/23 - Cathy followed up with Vendor
July 6/23 - Cathy getting quotes from vendors 
June 23/23 - Michelle C following up with Vendor quotes
June 19/23 - Cathy emailed Chris to obtain vendor quotes for the external resources
June 19/23 - Followed up and scheduled an internal mtg 
June 15/23 - Draft started, emailed Chris/Cathy for the updated table 
June 13/23 - SOW Rel 4 approved
May 5/23 - SOW with Province who have asked for an early project start, so SCO number assigned so a WBS code can be created"
SDN Release 4,100,project supplied directly by Lori's Completed SCOs consolidated lists v1.0.xlsx,SCO-PROV-515 SDN Release 4 Implementation,24,V9,ADSL,2023-08-15,2023-08-15,1,1,Aug 14/23 - V4 back from Province,Aug 15/23 - V5 sent to Province,,"After the returned/back event, the next ADSL turn ran until the next Province submission. The send/submission date is counted with the sender, per Sam.","Aug 23/23 - Signed
Aug 21/23 - Province agreed to move to Final, with Sian
Aug 15/23 - V5 sent to Province
Aug 14/23 - V4 back from Province
Aug 9/23 - Rian talking to Emma
Aug 8/23 - Province responded with statement regarding SOWs not being ROM picing, internal convo needed, emailed Michelle
Aug 1/23 - V3 sent to Province
July 27/23 - V2 back from Province, question with Chris
July 14/23 - V1 sent to Province
July 14/23 - With Lori C. and Sian for approval
July 12/23 - Decision to remove licenses from this SCO and scribe them at a later date, with internal team for review
July 12/23 - SOW rec'd from vendor, internal review scheduled for today
July 10/23 - Cathy followed up with Vendor
July 6/23 - Cathy getting quotes from vendors 
June 23/23 - Michelle C following up with Vendor quotes
June 19/23 - Cathy emailed Chris to obtain vendor quotes for the external resources
June 19/23 - Followed up and scheduled an internal mtg 
June 15/23 - Draft started, emailed Chris/Cathy for the updated table 
June 13/23 - SOW Rel 4 approved
May 5/23 - SOW with Province who have asked for an early project start, so SCO number assigned so a WBS code can be created"
SDN Release 4,100,project supplied directly by Lori's Completed SCOs consolidated lists v1.0.xlsx,SCO-PROV-515 SDN Release 4 Implementation,24,V9,SIGNINGTIME,2023-08-16,2023-08-23,8,6,Aug 15/23 - V5 sent to Province,Aug 23/23 - Signed,,"The next meaningful event after the send was signing/final workflow, so no new CSBC editing turn was created.","Aug 23/23 - Signed
Aug 21/23 - Province agreed to move to Final, with Sian
Aug 15/23 - V5 sent to Province
Aug 14/23 - V4 back from Province
Aug 9/23 - Rian talking to Emma
Aug 8/23 - Province responded with statement regarding SOWs not being ROM picing, internal convo needed, emailed Michelle
Aug 1/23 - V3 sent to Province
July 27/23 - V2 back from Province, question with Chris
July 14/23 - V1 sent to Province
July 14/23 - With Lori C. and Sian for approval
July 12/23 - Decision to remove licenses from this SCO and scribe them at a later date, with internal team for review
July 12/23 - SOW rec'd from vendor, internal review scheduled for today
July 10/23 - Cathy followed up with Vendor
July 6/23 - Cathy getting quotes from vendors 
June 23/23 - Michelle C following up with Vendor quotes
June 19/23 - Cathy emailed Chris to obtain vendor quotes for the external resources
June 19/23 - Followed up and scheduled an internal mtg 
June 15/23 - Draft started, emailed Chris/Cathy for the updated table 
June 13/23 - SOW Rel 4 approved
May 5/23 - SOW with Province who have asked for an early project start, so SCO number assigned so a WBS code can be created"
MFA for BC SAG,100,project supplied directly by Lori's Completed SCOs consolidated lists v1.0.xlsx,SCO-PROV-516 Amd SCO-443 MFA for BC SAG,25,V1,ADSL,2023-03-22,2023-05-18,58,42,Mar 22/23 - Pricing provided,May 18/23 - V1 sent to Province,,"The lifecycle opened on the ADSL side until the first Province handoff was visible. The send/submission date is counted with the sender, per Sam.","Nov 28/23 - Completed
Nov 27/23 - Final sent to Province 
Nov 27/23 - Province agreed to move to final, with Sian
Nov 6/23 - V12 sent to Province
Oct 27/23 - V11 rec'd; with Cathy/Chris
Oct 25/23 - V10 sent to Province
Oct 24/23 - V9 rec'd from Province
Oct 19/23 - V8.1 submitted to Province
Oct 16/23 - with Cathy
Oct 8/23 - V8.1 with Cathy/Jen
Oct 5/23 - Followed up with Chris
Sept 19/23 - followed up with Chris re: his take-aways from meeting
Sept 11/23 - internal meeting scheduled for Sept 14
Sept 5/23 - V8 send to Province
Aug 22/23 - Question out to Ops again, then back to Cathy
Aug 9/23- V7 back from Province, question with Cathy
Aug 1/23 - V6 sent to Province 
July 17/23 - Emailed group for clarity
July 11/23 - Followed up with Chris again
July 6/23 - Follwed up with Chris/Lori
June 27/23 - Internal question out to Lori and Chris
June 23/23 - V5 back from Province
June 16/23 - V4 sent to Province
June 15/23 - New pricing from Cathy
June 13/23 - Internal meeting scheduled for June 15
June 12/23 - V4 with Lori/Cathy to answer comments
June 8/23 - V3 back from Province
June 5/23 - V2 sent to Province
June 5/23 - With Cathy to format pricing
May 18/23 - V1 sent to Province
May 18/23 - With Sian for approval
May 16/23 - Followed up with Lori
May 10/23 - Sent V1 to Lori for approval
May 3/23 - Followed up with Lori
Apr 26/23 - Sent to Lori for approval
Mar 28/23 - With Cathy
Mar 27/23 - With Cathy/Lori for review
Mar 22/23 - Pricing provided"
MFA for BC SAG,100,project supplied directly by Lori's Completed SCOs consolidated lists v1.0.xlsx,SCO-PROV-516 Amd SCO-443 MFA for BC SAG,25,V2,CSBC,2023-05-19,2023-06-04,17,11,May 18/23 - V1 sent to Province,June 5/23 - With Cathy to format pricing,ADSL/internal work resumed after a Province send without an explicit returned/back/received line; v9 inferred a CSBC interval followed by the next ADSL turn.,Province held the document after the prior send until the next explicit or inferred hand-back.,"Nov 28/23 - Completed
Nov 27/23 - Final sent to Province 
Nov 27/23 - Province agreed to move to final, with Sian
Nov 6/23 - V12 sent to Province
Oct 27/23 - V11 rec'd; with Cathy/Chris
Oct 25/23 - V10 sent to Province
Oct 24/23 - V9 rec'd from Province
Oct 19/23 - V8.1 submitted to Province
Oct 16/23 - with Cathy
Oct 8/23 - V8.1 with Cathy/Jen
Oct 5/23 - Followed up with Chris
Sept 19/23 - followed up with Chris re: his take-aways from meeting
Sept 11/23 - internal meeting scheduled for Sept 14
Sept 5/23 - V8 send to Province
Aug 22/23 - Question out to Ops again, then back to Cathy
Aug 9/23- V7 back from Province, question with Cathy
Aug 1/23 - V6 sent to Province 
July 17/23 - Emailed group for clarity
July 11/23 - Followed up with Chris again
July 6/23 - Follwed up with Chris/Lori
June 27/23 - Internal question out to Lori and Chris
June 23/23 - V5 back from Province
June 16/23 - V4 sent to Province
June 15/23 - New pricing from Cathy
June 13/23 - Internal meeting scheduled for June 15
June 12/23 - V4 with Lori/Cathy to answer comments
June 8/23 - V3 back from Province
June 5/23 - V2 sent to Province
June 5/23 - With Cathy to format pricing
May 18/23 - V1 sent to Province
May 18/23 - With Sian for approval
May 16/23 - Followed up with Lori
May 10/23 - Sent V1 to Lori for approval
May 3/23 - Followed up with Lori
Apr 26/23 - Sent to Lori for approval
Mar 28/23 - With Cathy
Mar 27/23 - With Cathy/Lori for review
Mar 22/23 - Pricing provided"
MFA for BC SAG,100,project supplied directly by Lori's Completed SCOs consolidated lists v1.0.xlsx,SCO-PROV-516 Amd SCO-443 MFA for BC SAG,25,V3,ADSL,2023-06-05,2023-06-05,1,1,June 5/23 - With Cathy to format pricing,June 5/23 - V2 sent to Province,ADSL/internal work resumed after a Province send without an explicit returned/back/received line; v9 inferred a CSBC interval followed by the next ADSL turn.,"ADSL/internal work resumed, so a new ADSL editing turn was inferred before the next send/signing event. The send/submission date is counted with the sender, per Sam.","Nov 28/23 - Completed
Nov 27/23 - Final sent to Province 
Nov 27/23 - Province agreed to move to final, with Sian
Nov 6/23 - V12 sent to Province
Oct 27/23 - V11 rec'd; with Cathy/Chris
Oct 25/23 - V10 sent to Province
Oct 24/23 - V9 rec'd from Province
Oct 19/23 - V8.1 submitted to Province
Oct 16/23 - with Cathy
Oct 8/23 - V8.1 with Cathy/Jen
Oct 5/23 - Followed up with Chris
Sept 19/23 - followed up with Chris re: his take-aways from meeting
Sept 11/23 - internal meeting scheduled for Sept 14
Sept 5/23 - V8 send to Province
Aug 22/23 - Question out to Ops again, then back to Cathy
Aug 9/23- V7 back from Province, question with Cathy
Aug 1/23 - V6 sent to Province 
July 17/23 - Emailed group for clarity
July 11/23 - Followed up with Chris again
July 6/23 - Follwed up with Chris/Lori
June 27/23 - Internal question out to Lori and Chris
June 23/23 - V5 back from Province
June 16/23 - V4 sent to Province
June 15/23 - New pricing from Cathy
June 13/23 - Internal meeting scheduled for June 15
June 12/23 - V4 with Lori/Cathy to answer comments
June 8/23 - V3 back from Province
June 5/23 - V2 sent to Province
June 5/23 - With Cathy to format pricing
May 18/23 - V1 sent to Province
May 18/23 - With Sian for approval
May 16/23 - Followed up with Lori
May 10/23 - Sent V1 to Lori for approval
May 3/23 - Followed up with Lori
Apr 26/23 - Sent to Lori for approval
Mar 28/23 - With Cathy
Mar 27/23 - With Cathy/Lori for review
Mar 22/23 - Pricing provided"
MFA for BC SAG,100,project supplied directly by Lori's Completed SCOs consolidated lists v1.0.xlsx,SCO-PROV-516 Amd SCO-443 MFA for BC SAG,25,V4,CSBC,2023-06-06,2023-06-08,3,3,June 5/23 - V2 sent to Province,June 8/23 - V3 back from Province,Explicit returned version 3 did not match the normalized ownership turn V4; v9 kept normalized turn labels and Lori should confirm the exact version breadcrumb.,Province held the document after the prior send until the next explicit or inferred hand-back.,"Nov 28/23 - Completed
Nov 27/23 - Final sent to Province 
Nov 27/23 - Province agreed to move to final, with Sian
Nov 6/23 - V12 sent to Province
Oct 27/23 - V11 rec'd; with Cathy/Chris
Oct 25/23 - V10 sent to Province
Oct 24/23 - V9 rec'd from Province
Oct 19/23 - V8.1 submitted to Province
Oct 16/23 - with Cathy
Oct 8/23 - V8.1 with Cathy/Jen
Oct 5/23 - Followed up with Chris
Sept 19/23 - followed up with Chris re: his take-aways from meeting
Sept 11/23 - internal meeting scheduled for Sept 14
Sept 5/23 - V8 send to Province
Aug 22/23 - Question out to Ops again, then back to Cathy
Aug 9/23- V7 back from Province, question with Cathy
Aug 1/23 - V6 sent to Province 
July 17/23 - Emailed group for clarity
July 11/23 - Followed up with Chris again
July 6/23 - Follwed up with Chris/Lori
June 27/23 - Internal question out to Lori and Chris
June 23/23 - V5 back from Province
June 16/23 - V4 sent to Province
June 15/23 - New pricing from Cathy
June 13/23 - Internal meeting scheduled for June 15
June 12/23 - V4 with Lori/Cathy to answer comments
June 8/23 - V3 back from Province
June 5/23 - V2 sent to Province
June 5/23 - With Cathy to format pricing
May 18/23 - V1 sent to Province
May 18/23 - With Sian for approval
May 16/23 - Followed up with Lori
May 10/23 - Sent V1 to Lori for approval
May 3/23 - Followed up with Lori
Apr 26/23 - Sent to Lori for approval
Mar 28/23 - With Cathy
Mar 27/23 - With Cathy/Lori for review
Mar 22/23 - Pricing provided"
MFA for BC SAG,100,project supplied directly by Lori's Completed SCOs consolidated lists v1.0.xlsx,SCO-PROV-516 Amd SCO-443 MFA for BC SAG,25,V5,ADSL,2023-06-12,2023-06-16,5,5,June 12/23 - V4 with Lori/Cathy to answer comments,June 16/23 - V4 sent to Province,,"The file was back from Province and ADSL/internal work resumed before the next send. The send/submission date is counted with the sender, per Sam.","Nov 28/23 - Completed
Nov 27/23 - Final sent to Province 
Nov 27/23 - Province agreed to move to final, with Sian
Nov 6/23 - V12 sent to Province
Oct 27/23 - V11 rec'd; with Cathy/Chris
Oct 25/23 - V10 sent to Province
Oct 24/23 - V9 rec'd from Province
Oct 19/23 - V8.1 submitted to Province
Oct 16/23 - with Cathy
Oct 8/23 - V8.1 with Cathy/Jen
Oct 5/23 - Followed up with Chris
Sept 19/23 - followed up with Chris re: his take-aways from meeting
Sept 11/23 - internal meeting scheduled for Sept 14
Sept 5/23 - V8 send to Province
Aug 22/23 - Question out to Ops again, then back to Cathy
Aug 9/23- V7 back from Province, question with Cathy
Aug 1/23 - V6 sent to Province 
July 17/23 - Emailed group for clarity
July 11/23 - Followed up with Chris again
July 6/23 - Follwed up with Chris/Lori
June 27/23 - Internal question out to Lori and Chris
June 23/23 - V5 back from Province
June 16/23 - V4 sent to Province
June 15/23 - New pricing from Cathy
June 13/23 - Internal meeting scheduled for June 15
June 12/23 - V4 with Lori/Cathy to answer comments
June 8/23 - V3 back from Province
June 5/23 - V2 sent to Province
June 5/23 - With Cathy to format pricing
May 18/23 - V1 sent to Province
May 18/23 - With Sian for approval
May 16/23 - Followed up with Lori
May 10/23 - Sent V1 to Lori for approval
May 3/23 - Followed up with Lori
Apr 26/23 - Sent to Lori for approval
Mar 28/23 - With Cathy
Mar 27/23 - With Cathy/Lori for review
Mar 22/23 - Pricing provided"
MFA for BC SAG,100,project supplied directly by Lori's Completed SCOs consolidated lists v1.0.xlsx,SCO-PROV-516 Amd SCO-443 MFA for BC SAG,25,V6,CSBC,2023-06-17,2023-06-23,7,5,June 16/23 - V4 sent to Province,June 23/23 - V5 back from Province,Explicit returned version 5 did not match the normalized ownership turn V6; v9 kept normalized turn labels and Lori should confirm the exact version breadcrumb.,Province held the document after the prior send until the next explicit or inferred hand-back.,"Nov 28/23 - Completed
Nov 27/23 - Final sent to Province 
Nov 27/23 - Province agreed to move to final, with Sian
Nov 6/23 - V12 sent to Province
Oct 27/23 - V11 rec'd; with Cathy/Chris
Oct 25/23 - V10 sent to Province
Oct 24/23 - V9 rec'd from Province
Oct 19/23 - V8.1 submitted to Province
Oct 16/23 - with Cathy
Oct 8/23 - V8.1 with Cathy/Jen
Oct 5/23 - Followed up with Chris
Sept 19/23 - followed up with Chris re: his take-aways from meeting
Sept 11/23 - internal meeting scheduled for Sept 14
Sept 5/23 - V8 send to Province
Aug 22/23 - Question out to Ops again, then back to Cathy
Aug 9/23- V7 back from Province, question with Cathy
Aug 1/23 - V6 sent to Province 
July 17/23 - Emailed group for clarity
July 11/23 - Followed up with Chris again
July 6/23 - Follwed up with Chris/Lori
June 27/23 - Internal question out to Lori and Chris
June 23/23 - V5 back from Province
June 16/23 - V4 sent to Province
June 15/23 - New pricing from Cathy
June 13/23 - Internal meeting scheduled for June 15
June 12/23 - V4 with Lori/Cathy to answer comments
June 8/23 - V3 back from Province
June 5/23 - V2 sent to Province
June 5/23 - With Cathy to format pricing
May 18/23 - V1 sent to Province
May 18/23 - With Sian for approval
May 16/23 - Followed up with Lori
May 10/23 - Sent V1 to Lori for approval
May 3/23 - Followed up with Lori
Apr 26/23 - Sent to Lori for approval
Mar 28/23 - With Cathy
Mar 27/23 - With Cathy/Lori for review
Mar 22/23 - Pricing provided"
MFA for BC SAG,100,project supplied directly by Lori's Completed SCOs consolidated lists v1.0.xlsx,SCO-PROV-516 Amd SCO-443 MFA for BC SAG,25,V7,ADSL,2023-06-27,2023-08-01,36,26,June 27/23 - Internal question out to Lori and Chris,Aug 1/23 - V6 sent to Province,,"The file was back from Province and ADSL/internal work resumed before the next send. The send/submission date is counted with the sender, per Sam.","Nov 28/23 - Completed
Nov 27/23 - Final sent to Province 
Nov 27/23 - Province agreed to move to final, with Sian
Nov 6/23 - V12 sent to Province
Oct 27/23 - V11 rec'd; with Cathy/Chris
Oct 25/23 - V10 sent to Province
Oct 24/23 - V9 rec'd from Province
Oct 19/23 - V8.1 submitted to Province
Oct 16/23 - with Cathy
Oct 8/23 - V8.1 with Cathy/Jen
Oct 5/23 - Followed up with Chris
Sept 19/23 - followed up with Chris re: his take-aways from meeting
Sept 11/23 - internal meeting scheduled for Sept 14
Sept 5/23 - V8 send to Province
Aug 22/23 - Question out to Ops again, then back to Cathy
Aug 9/23- V7 back from Province, question with Cathy
Aug 1/23 - V6 sent to Province 
July 17/23 - Emailed group for clarity
July 11/23 - Followed up with Chris again
July 6/23 - Follwed up with Chris/Lori
June 27/23 - Internal question out to Lori and Chris
June 23/23 - V5 back from Province
June 16/23 - V4 sent to Province
June 15/23 - New pricing from Cathy
June 13/23 - Internal meeting scheduled for June 15
June 12/23 - V4 with Lori/Cathy to answer comments
June 8/23 - V3 back from Province
June 5/23 - V2 sent to Province
June 5/23 - With Cathy to format pricing
May 18/23 - V1 sent to Province
May 18/23 - With Sian for approval
May 16/23 - Followed up with Lori
May 10/23 - Sent V1 to Lori for approval
May 3/23 - Followed up with Lori
Apr 26/23 - Sent to Lori for approval
Mar 28/23 - With Cathy
Mar 27/23 - With Cathy/Lori for review
Mar 22/23 - Pricing provided"
MFA for BC SAG,100,project supplied directly by Lori's Completed SCOs consolidated lists v1.0.xlsx,SCO-PROV-516 Amd SCO-443 MFA for BC SAG,25,V8,CSBC,2023-08-02,2023-08-09,8,6,Aug 1/23 - V6 sent to Province,"Aug 9/23- V7 back from Province, question with Cathy",Explicit returned version 7 did not match the normalized ownership turn V8; v9 kept normalized turn labels and Lori should confirm the exact version breadcrumb.,Province held the document after the prior send until the next explicit or inferred hand-back.,"Nov 28/23 - Completed
Nov 27/23 - Final sent to Province 
Nov 27/23 - Province agreed to move to final, with Sian
Nov 6/23 - V12 sent to Province
Oct 27/23 - V11 rec'd; with Cathy/Chris
Oct 25/23 - V10 sent to Province
Oct 24/23 - V9 rec'd from Province
Oct 19/23 - V8.1 submitted to Province
Oct 16/23 - with Cathy
Oct 8/23 - V8.1 with Cathy/Jen
Oct 5/23 - Followed up with Chris
Sept 19/23 - followed up with Chris re: his take-aways from meeting
Sept 11/23 - internal meeting scheduled for Sept 14
Sept 5/23 - V8 send to Province
Aug 22/23 - Question out to Ops again, then back to Cathy
Aug 9/23- V7 back from Province, question with Cathy
Aug 1/23 - V6 sent to Province 
July 17/23 - Emailed group for clarity
July 11/23 - Followed up with Chris again
July 6/23 - Follwed up with Chris/Lori
June 27/23 - Internal question out to Lori and Chris
June 23/23 - V5 back from Province
June 16/23 - V4 sent to Province
June 15/23 - New pricing from Cathy
June 13/23 - Internal meeting scheduled for June 15
June 12/23 - V4 with Lori/Cathy to answer comments
June 8/23 - V3 back from Province
June 5/23 - V2 sent to Province
June 5/23 - With Cathy to format pricing
May 18/23 - V1 sent to Province
May 18/23 - With Sian for approval
May 16/23 - Followed up with Lori
May 10/23 - Sent V1 to Lori for approval
May 3/23 - Followed up with Lori
Apr 26/23 - Sent to Lori for approval
Mar 28/23 - With Cathy
Mar 27/23 - With Cathy/Lori for review
Mar 22/23 - Pricing provided"
MFA for BC SAG,100,project supplied directly by Lori's Completed SCOs consolidated lists v1.0.xlsx,SCO-PROV-516 Amd SCO-443 MFA for BC SAG,25,V9,ADSL,2023-08-22,2023-10-19,59,43,"Aug 22/23 - Question out to Ops again, then back to Cathy",Oct 19/23 - V8.1 submitted to Province,,"The file was back from Province and ADSL/internal work resumed before the next send. The send/submission date is counted with the sender, per Sam.","Nov 28/23 - Completed
Nov 27/23 - Final sent to Province 
Nov 27/23 - Province agreed to move to final, with Sian
Nov 6/23 - V12 sent to Province
Oct 27/23 - V11 rec'd; with Cathy/Chris
Oct 25/23 - V10 sent to Province
Oct 24/23 - V9 rec'd from Province
Oct 19/23 - V8.1 submitted to Province
Oct 16/23 - with Cathy
Oct 8/23 - V8.1 with Cathy/Jen
Oct 5/23 - Followed up with Chris
Sept 19/23 - followed up with Chris re: his take-aways from meeting
Sept 11/23 - internal meeting scheduled for Sept 14
Sept 5/23 - V8 send to Province
Aug 22/23 - Question out to Ops again, then back to Cathy
Aug 9/23- V7 back from Province, question with Cathy
Aug 1/23 - V6 sent to Province 
July 17/23 - Emailed group for clarity
July 11/23 - Followed up with Chris again
July 6/23 - Follwed up with Chris/Lori
June 27/23 - Internal question out to Lori and Chris
June 23/23 - V5 back from Province
June 16/23 - V4 sent to Province
June 15/23 - New pricing from Cathy
June 13/23 - Internal meeting scheduled for June 15
June 12/23 - V4 with Lori/Cathy to answer comments
June 8/23 - V3 back from Province
June 5/23 - V2 sent to Province
June 5/23 - With Cathy to format pricing
May 18/23 - V1 sent to Province
May 18/23 - With Sian for approval
May 16/23 - Followed up with Lori
May 10/23 - Sent V1 to Lori for approval
May 3/23 - Followed up with Lori
Apr 26/23 - Sent to Lori for approval
Mar 28/23 - With Cathy
Mar 27/23 - With Cathy/Lori for review
Mar 22/23 - Pricing provided"
MFA for BC SAG,100,project supplied directly by Lori's Completed SCOs consolidated lists v1.0.xlsx,SCO-PROV-516 Amd SCO-443 MFA for BC SAG,25,V10,CSBC,2023-10-20,2023-10-24,5,3,Oct 19/23 - V8.1 submitted to Province,Oct 24/23 - V9 rec'd from Province,Explicit returned version 9 did not match the normalized ownership turn V10; v9 kept normalized turn labels and Lori should confirm the exact version breadcrumb.,Province held the document after the prior send until the next explicit or inferred hand-back.,"Nov 28/23 - Completed
Nov 27/23 - Final sent to Province 
Nov 27/23 - Province agreed to move to final, with Sian
Nov 6/23 - V12 sent to Province
Oct 27/23 - V11 rec'd; with Cathy/Chris
Oct 25/23 - V10 sent to Province
Oct 24/23 - V9 rec'd from Province
Oct 19/23 - V8.1 submitted to Province
Oct 16/23 - with Cathy
Oct 8/23 - V8.1 with Cathy/Jen
Oct 5/23 - Followed up with Chris
Sept 19/23 - followed up with Chris re: his take-aways from meeting
Sept 11/23 - internal meeting scheduled for Sept 14
Sept 5/23 - V8 send to Province
Aug 22/23 - Question out to Ops again, then back to Cathy
Aug 9/23- V7 back from Province, question with Cathy
Aug 1/23 - V6 sent to Province 
July 17/23 - Emailed group for clarity
July 11/23 - Followed up with Chris again
July 6/23 - Follwed up with Chris/Lori
June 27/23 - Internal question out to Lori and Chris
June 23/23 - V5 back from Province
June 16/23 - V4 sent to Province
June 15/23 - New pricing from Cathy
June 13/23 - Internal meeting scheduled for June 15
June 12/23 - V4 with Lori/Cathy to answer comments
June 8/23 - V3 back from Province
June 5/23 - V2 sent to Province
June 5/23 - With Cathy to format pricing
May 18/23 - V1 sent to Province
May 18/23 - With Sian for approval
May 16/23 - Followed up with Lori
May 10/23 - Sent V1 to Lori for approval
May 3/23 - Followed up with Lori
Apr 26/23 - Sent to Lori for approval
Mar 28/23 - With Cathy
Mar 27/23 - With Cathy/Lori for review
Mar 22/23 - Pricing provided"
MFA for BC SAG,100,project supplied directly by Lori's Completed SCOs consolidated lists v1.0.xlsx,SCO-PROV-516 Amd SCO-443 MFA for BC SAG,25,V11,ADSL,2023-10-25,2023-10-25,1,1,Oct 24/23 - V9 rec'd from Province,Oct 25/23 - V10 sent to Province,,"After the returned/back event, the next ADSL turn ran until the next Province submission. The send/submission date is counted with the sender, per Sam.","Nov 28/23 - Completed
Nov 27/23 - Final sent to Province 
Nov 27/23 - Province agreed to move to final, with Sian
Nov 6/23 - V12 sent to Province
Oct 27/23 - V11 rec'd; with Cathy/Chris
Oct 25/23 - V10 sent to Province
Oct 24/23 - V9 rec'd from Province
Oct 19/23 - V8.1 submitted to Province
Oct 16/23 - with Cathy
Oct 8/23 - V8.1 with Cathy/Jen
Oct 5/23 - Followed up with Chris
Sept 19/23 - followed up with Chris re: his take-aways from meeting
Sept 11/23 - internal meeting scheduled for Sept 14
Sept 5/23 - V8 send to Province
Aug 22/23 - Question out to Ops again, then back to Cathy
Aug 9/23- V7 back from Province, question with Cathy
Aug 1/23 - V6 sent to Province 
July 17/23 - Emailed group for clarity
July 11/23 - Followed up with Chris again
July 6/23 - Follwed up with Chris/Lori
June 27/23 - Internal question out to Lori and Chris
June 23/23 - V5 back from Province
June 16/23 - V4 sent to Province
June 15/23 - New pricing from Cathy
June 13/23 - Internal meeting scheduled for June 15
June 12/23 - V4 with Lori/Cathy to answer comments
June 8/23 - V3 back from Province
June 5/23 - V2 sent to Province
June 5/23 - With Cathy to format pricing
May 18/23 - V1 sent to Province
May 18/23 - With Sian for approval
May 16/23 - Followed up with Lori
May 10/23 - Sent V1 to Lori for approval
May 3/23 - Followed up with Lori
Apr 26/23 - Sent to Lori for approval
Mar 28/23 - With Cathy
Mar 27/23 - With Cathy/Lori for review
Mar 22/23 - Pricing provided"
MFA for BC SAG,100,project supplied directly by Lori's Completed SCOs consolidated lists v1.0.xlsx,SCO-PROV-516 Amd SCO-443 MFA for BC SAG,25,V12,CSBC,2023-10-26,2023-10-27,2,2,Oct 25/23 - V10 sent to Province,Oct 27/23 - V11 rec'd; with Cathy/Chris,Explicit returned version 11 did not match the normalized ownership turn V12; v9 kept normalized turn labels and Lori should confirm the exact version breadcrumb.,Province held the document after the prior send until the next explicit or inferred hand-back.,"Nov 28/23 - Completed
Nov 27/23 - Final sent to Province 
Nov 27/23 - Province agreed to move to final, with Sian
Nov 6/23 - V12 sent to Province
Oct 27/23 - V11 rec'd; with Cathy/Chris
Oct 25/23 - V10 sent to Province
Oct 24/23 - V9 rec'd from Province
Oct 19/23 - V8.1 submitted to Province
Oct 16/23 - with Cathy
Oct 8/23 - V8.1 with Cathy/Jen
Oct 5/23 - Followed up with Chris
Sept 19/23 - followed up with Chris re: his take-aways from meeting
Sept 11/23 - internal meeting scheduled for Sept 14
Sept 5/23 - V8 send to Province
Aug 22/23 - Question out to Ops again, then back to Cathy
Aug 9/23- V7 back from Province, question with Cathy
Aug 1/23 - V6 sent to Province 
July 17/23 - Emailed group for clarity
July 11/23 - Followed up with Chris again
July 6/23 - Follwed up with Chris/Lori
June 27/23 - Internal question out to Lori and Chris
June 23/23 - V5 back from Province
June 16/23 - V4 sent to Province
June 15/23 - New pricing from Cathy
June 13/23 - Internal meeting scheduled for June 15
June 12/23 - V4 with Lori/Cathy to answer comments
June 8/23 - V3 back from Province
June 5/23 - V2 sent to Province
June 5/23 - With Cathy to format pricing
May 18/23 - V1 sent to Province
May 18/23 - With Sian for approval
May 16/23 - Followed up with Lori
May 10/23 - Sent V1 to Lori for approval
May 3/23 - Followed up with Lori
Apr 26/23 - Sent to Lori for approval
Mar 28/23 - With Cathy
Mar 27/23 - With Cathy/Lori for review
Mar 22/23 - Pricing provided"
MFA for BC SAG,100,project supplied directly by Lori's Completed SCOs consolidated lists v1.0.xlsx,SCO-PROV-516 Amd SCO-443 MFA for BC SAG,25,V13,ADSL,2023-10-28,2023-11-06,10,6,Oct 27/23 - V11 rec'd; with Cathy/Chris,Nov 6/23 - V12 sent to Province,,"After the returned/back event, the next ADSL turn ran until the next Province submission. The send/submission date is counted with the sender, per Sam.","Nov 28/23 - Completed
Nov 27/23 - Final sent to Province 
Nov 27/23 - Province agreed to move to final, with Sian
Nov 6/23 - V12 sent to Province
Oct 27/23 - V11 rec'd; with Cathy/Chris
Oct 25/23 - V10 sent to Province
Oct 24/23 - V9 rec'd from Province
Oct 19/23 - V8.1 submitted to Province
Oct 16/23 - with Cathy
Oct 8/23 - V8.1 with Cathy/Jen
Oct 5/23 - Followed up with Chris
Sept 19/23 - followed up with Chris re: his take-aways from meeting
Sept 11/23 - internal meeting scheduled for Sept 14
Sept 5/23 - V8 send to Province
Aug 22/23 - Question out to Ops again, then back to Cathy
Aug 9/23- V7 back from Province, question with Cathy
Aug 1/23 - V6 sent to Province 
July 17/23 - Emailed group for clarity
July 11/23 - Followed up with Chris again
July 6/23 - Follwed up with Chris/Lori
June 27/23 - Internal question out to Lori and Chris
June 23/23 - V5 back from Province
June 16/23 - V4 sent to Province
June 15/23 - New pricing from Cathy
June 13/23 - Internal meeting scheduled for June 15
June 12/23 - V4 with Lori/Cathy to answer comments
June 8/23 - V3 back from Province
June 5/23 - V2 sent to Province
June 5/23 - With Cathy to format pricing
May 18/23 - V1 sent to Province
May 18/23 - With Sian for approval
May 16/23 - Followed up with Lori
May 10/23 - Sent V1 to Lori for approval
May 3/23 - Followed up with Lori
Apr 26/23 - Sent to Lori for approval
Mar 28/23 - With Cathy
Mar 27/23 - With Cathy/Lori for review
Mar 22/23 - Pricing provided"
MFA for BC SAG,100,project supplied directly by Lori's Completed SCOs consolidated lists v1.0.xlsx,SCO-PROV-516 Amd SCO-443 MFA for BC SAG,25,V13,SIGNINGTIME,2023-11-07,2023-11-28,22,16,Nov 6/23 - V12 sent to Province,Nov 28/23 - Completed,,"The next meaningful event after the send was signing/final workflow, so no new CSBC editing turn was created.","Nov 28/23 - Completed
Nov 27/23 - Final sent to Province 
Nov 27/23 - Province agreed to move to final, with Sian
Nov 6/23 - V12 sent to Province
Oct 27/23 - V11 rec'd; with Cathy/Chris
Oct 25/23 - V10 sent to Province
Oct 24/23 - V9 rec'd from Province
Oct 19/23 - V8.1 submitted to Province
Oct 16/23 - with Cathy
Oct 8/23 - V8.1 with Cathy/Jen
Oct 5/23 - Followed up with Chris
Sept 19/23 - followed up with Chris re: his take-aways from meeting
Sept 11/23 - internal meeting scheduled for Sept 14
Sept 5/23 - V8 send to Province
Aug 22/23 - Question out to Ops again, then back to Cathy
Aug 9/23- V7 back from Province, question with Cathy
Aug 1/23 - V6 sent to Province 
July 17/23 - Emailed group for clarity
July 11/23 - Followed up with Chris again
July 6/23 - Follwed up with Chris/Lori
June 27/23 - Internal question out to Lori and Chris
June 23/23 - V5 back from Province
June 16/23 - V4 sent to Province
June 15/23 - New pricing from Cathy
June 13/23 - Internal meeting scheduled for June 15
June 12/23 - V4 with Lori/Cathy to answer comments
June 8/23 - V3 back from Province
June 5/23 - V2 sent to Province
June 5/23 - With Cathy to format pricing
May 18/23 - V1 sent to Province
May 18/23 - With Sian for approval
May 16/23 - Followed up with Lori
May 10/23 - Sent V1 to Lori for approval
May 3/23 - Followed up with Lori
Apr 26/23 - Sent to Lori for approval
Mar 28/23 - With Cathy
Mar 27/23 - With Cathy/Lori for review
Mar 22/23 - Pricing provided"
Shared File for BCPS Phase 2,100,project supplied directly by Lori's Completed SCOs consolidated lists v1.0.xlsx,SCO-PROV-526 BCPS Shared File Solution Ph 1,26,V1,ADSL,2023-06-16,2023-06-20,5,3,"June 16/23 - Get started on SCO, pending answer from Province",June 20/23 - V1 sent to Province for review,,"The lifecycle opened on the ADSL side until the first Province handoff was visible. The send/submission date is counted with the sender, per Sam.","June 30/23 - completed
June 20/23 - V1 sent to Province for review
June 19/23 - V1 sent to Sian for approval
June 19/23 - Draft SCO with Rian for review
June 16/23 - Get started on SCO, pending answer from Province"
Shared File for BCPS Phase 2,100,project supplied directly by Lori's Completed SCOs consolidated lists v1.0.xlsx,SCO-PROV-526 BCPS Shared File Solution Ph 1,26,V1,SIGNINGTIME,2023-06-21,2023-06-30,10,8,June 20/23 - V1 sent to Province for review,June 30/23 - completed,,"The next meaningful event after the send was signing/final workflow, so no new CSBC editing turn was created.","June 30/23 - completed
June 20/23 - V1 sent to Province for review
June 19/23 - V1 sent to Sian for approval
June 19/23 - Draft SCO with Rian for review
June 16/23 - Get started on SCO, pending answer from Province"
Mainframe Processor Upgrade,100,project supplied directly by Lori's Completed SCOs consolidated lists v1.0.xlsx,SCO-PROV-536 MF Processor Refresh,27,V1,ADSL,2023-06-19,2023-08-11,54,40,June 19/23 - Rian working on SOW,Aug 12/23 - SOW expected back from Province shortly,A returned/back event appeared without a clearly logged Province submission for the prior ADSL turn; Lori should confirm whether a send event is missing in the source text.,The lifecycle opened on the ADSL side until the first Province handoff was visible.,"Nov 16/23 - Signed
Nov 11/23 - V4.1 rec'd
Oct 30/23 - V3 sent to Province 
Oct 11/23 - V2 rec'd from Province
Oct 5/23 - V1.1 sent to Province 
Oct 4/23 - V1 submitted to Province
Oct 3/23 - With Lori C.
Sept 29/23 - with Tyler for approval
Sept 27/23 - Cathy getting updated quotes
Sept 26/23 - updates sent to Cathy for review
Sept 25/23 - V1 with Cathy / Rian for review
Sept 13/23 - SOW approved
Aug 12/23 - SOW expected back from Province shortly
Aug 2/23 - SCO number requested, asked for latest version of SOW which is still v1.3
 June 19/23 - Rian working on SOW"
Mainframe Processor Upgrade,100,project supplied directly by Lori's Completed SCOs consolidated lists v1.0.xlsx,SCO-PROV-536 MF Processor Refresh,27,V3,ADSL,2023-09-13,2023-10-04,22,16,Sept 13/23 - SOW approved,Oct 4/23 - V1 submitted to Province,,"The file was back from Province and ADSL/internal work resumed before the next send. The send/submission date is counted with the sender, per Sam.","Nov 16/23 - Signed
Nov 11/23 - V4.1 rec'd
Oct 30/23 - V3 sent to Province 
Oct 11/23 - V2 rec'd from Province
Oct 5/23 - V1.1 sent to Province 
Oct 4/23 - V1 submitted to Province
Oct 3/23 - With Lori C.
Sept 29/23 - with Tyler for approval
Sept 27/23 - Cathy getting updated quotes
Sept 26/23 - updates sent to Cathy for review
Sept 25/23 - V1 with Cathy / Rian for review
Sept 13/23 - SOW approved
Aug 12/23 - SOW expected back from Province shortly
Aug 2/23 - SCO number requested, asked for latest version of SOW which is still v1.3
 June 19/23 - Rian working on SOW"
Mainframe Processor Upgrade,100,project supplied directly by Lori's Completed SCOs consolidated lists v1.0.xlsx,SCO-PROV-536 MF Processor Refresh,27,V5,ADSL,2023-10-05,2023-10-05,1,1,Oct 5/23 - V1.1 sent to Province,Oct 5/23 - V1.1 sent to Province,A new Province submission appeared without an explicit return line; Lori should confirm the missing hand-back sequence.,"A new ADSL turn was inferred because a later Province submission occurred without an explicit return event in the source text. The send/submission date is counted with the sender, per Sam.","Nov 16/23 - Signed
Nov 11/23 - V4.1 rec'd
Oct 30/23 - V3 sent to Province 
Oct 11/23 - V2 rec'd from Province
Oct 5/23 - V1.1 sent to Province 
Oct 4/23 - V1 submitted to Province
Oct 3/23 - With Lori C.
Sept 29/23 - with Tyler for approval
Sept 27/23 - Cathy getting updated quotes
Sept 26/23 - updates sent to Cathy for review
Sept 25/23 - V1 with Cathy / Rian for review
Sept 13/23 - SOW approved
Aug 12/23 - SOW expected back from Province shortly
Aug 2/23 - SCO number requested, asked for latest version of SOW which is still v1.3
 June 19/23 - Rian working on SOW"
Mainframe Processor Upgrade,100,project supplied directly by Lori's Completed SCOs consolidated lists v1.0.xlsx,SCO-PROV-536 MF Processor Refresh,27,V2,CSBC,2023-10-06,2023-10-11,6,4,Oct 5/23 - V1.1 sent to Province,Oct 11/23 - V2 rec'd from Province,,Province held the document after the prior send until the next explicit or inferred hand-back.,"Nov 16/23 - Signed
Nov 11/23 - V4.1 rec'd
Oct 30/23 - V3 sent to Province 
Oct 11/23 - V2 rec'd from Province
Oct 5/23 - V1.1 sent to Province 
Oct 4/23 - V1 submitted to Province
Oct 3/23 - With Lori C.
Sept 29/23 - with Tyler for approval
Sept 27/23 - Cathy getting updated quotes
Sept 26/23 - updates sent to Cathy for review
Sept 25/23 - V1 with Cathy / Rian for review
Sept 13/23 - SOW approved
Aug 12/23 - SOW expected back from Province shortly
Aug 2/23 - SCO number requested, asked for latest version of SOW which is still v1.3
 June 19/23 - Rian working on SOW"
Mainframe Processor Upgrade,100,project supplied directly by Lori's Completed SCOs consolidated lists v1.0.xlsx,SCO-PROV-536 MF Processor Refresh,27,V7,ADSL,2023-10-12,2023-10-30,19,13,Oct 11/23 - V2 rec'd from Province,Oct 30/23 - V3 sent to Province,,"After the returned/back event, the next ADSL turn ran until the next Province submission. The send/submission date is counted with the sender, per Sam.","Nov 16/23 - Signed
Nov 11/23 - V4.1 rec'd
Oct 30/23 - V3 sent to Province 
Oct 11/23 - V2 rec'd from Province
Oct 5/23 - V1.1 sent to Province 
Oct 4/23 - V1 submitted to Province
Oct 3/23 - With Lori C.
Sept 29/23 - with Tyler for approval
Sept 27/23 - Cathy getting updated quotes
Sept 26/23 - updates sent to Cathy for review
Sept 25/23 - V1 with Cathy / Rian for review
Sept 13/23 - SOW approved
Aug 12/23 - SOW expected back from Province shortly
Aug 2/23 - SCO number requested, asked for latest version of SOW which is still v1.3
 June 19/23 - Rian working on SOW"
Mainframe Processor Upgrade,100,project supplied directly by Lori's Completed SCOs consolidated lists v1.0.xlsx,SCO-PROV-536 MF Processor Refresh,27,V4,CSBC,2023-10-31,2023-11-11,12,9,Oct 30/23 - V3 sent to Province,Nov 11/23 - V4.1 rec'd,,Province held the document after the prior send until the next explicit or inferred hand-back.,"Nov 16/23 - Signed
Nov 11/23 - V4.1 rec'd
Oct 30/23 - V3 sent to Province 
Oct 11/23 - V2 rec'd from Province
Oct 5/23 - V1.1 sent to Province 
Oct 4/23 - V1 submitted to Province
Oct 3/23 - With Lori C.
Sept 29/23 - with Tyler for approval
Sept 27/23 - Cathy getting updated quotes
Sept 26/23 - updates sent to Cathy for review
Sept 25/23 - V1 with Cathy / Rian for review
Sept 13/23 - SOW approved
Aug 12/23 - SOW expected back from Province shortly
Aug 2/23 - SCO number requested, asked for latest version of SOW which is still v1.3
 June 19/23 - Rian working on SOW"
Mainframe Processor Upgrade,100,project supplied directly by Lori's Completed SCOs consolidated lists v1.0.xlsx,SCO-PROV-536 MF Processor Refresh,27,V9,ADSL,2023-11-12,2023-11-15,4,3,Nov 11/23 - V4.1 rec'd,Nov 16/23 - Signed,Signing/final workflow began after a return from Province without an explicit new send; Lori should confirm whether a send/final handoff is missing from the source text.,"A return from Province was followed by signing without an explicit new send, so v9 inferred a short ADSL turn before final workflow.","Nov 16/23 - Signed
Nov 11/23 - V4.1 rec'd
Oct 30/23 - V3 sent to Province 
Oct 11/23 - V2 rec'd from Province
Oct 5/23 - V1.1 sent to Province 
Oct 4/23 - V1 submitted to Province
Oct 3/23 - With Lori C.
Sept 29/23 - with Tyler for approval
Sept 27/23 - Cathy getting updated quotes
Sept 26/23 - updates sent to Cathy for review
Sept 25/23 - V1 with Cathy / Rian for review
Sept 13/23 - SOW approved
Aug 12/23 - SOW expected back from Province shortly
Aug 2/23 - SCO number requested, asked for latest version of SOW which is still v1.3
 June 19/23 - Rian working on SOW"
Mainframe Processor Upgrade,100,project supplied directly by Lori's Completed SCOs consolidated lists v1.0.xlsx,SCO-PROV-536 MF Processor Refresh,27,V9,SIGNINGTIME,2023-11-16,2023-11-16,1,1,Nov 16/23 - Signed,Nov 16/23 - Signed,Signing/final workflow began after a return from Province without an explicit new send; Lori should confirm whether a send/final handoff is missing from the source text.,Signing/final workflow began after the last real edit turn.,"Nov 16/23 - Signed
Nov 11/23 - V4.1 rec'd
Oct 30/23 - V3 sent to Province 
Oct 11/23 - V2 rec'd from Province
Oct 5/23 - V1.1 sent to Province 
Oct 4/23 - V1 submitted to Province
Oct 3/23 - With Lori C.
Sept 29/23 - with Tyler for approval
Sept 27/23 - Cathy getting updated quotes
Sept 26/23 - updates sent to Cathy for review
Sept 25/23 - V1 with Cathy / Rian for review
Sept 13/23 - SOW approved
Aug 12/23 - SOW expected back from Province shortly
Aug 2/23 - SCO number requested, asked for latest version of SOW which is still v1.3
 June 19/23 - Rian working on SOW"
NRS VDI Service PoC,100,project supplied directly by Lori's Completed SCOs consolidated lists v1.0.xlsx,SCO-PROV-558 NRS VDI Service POC,28,V1,ADSL,2023-09-26,2023-10-12,17,13,Sept 26/23 - Province requested SOW and SCO together,Oct 12/23 - V3 sent to Province,Hypothetical return language was treated as planning/context only.,"The lifecycle opened on the ADSL side until the first Province handoff was visible. The send/submission date is counted with the sender, per Sam.","Oct 24/23 - Signed
Oct 19/23 - with Province for signing
Oct 17/23 - SOW approved
Oct 16/23 - V5 sent to Province
Oct 13/23 - V4 rec'd from Province
Oct 12/23 - V3 sent to Province 
Oct 10/23 - V1 sent to Province, if/when V2 comes back from Province need to talk to Chris S./Rian, suggested business completion date from Rian is 2 months after requirements sign-off, not Dec 31
Oct 10/23 - With Lori C., Province requested a name change to reflect the NRS as this is for the whole sector, not an individual Ministry
Oct 6/23 - With Tyler for approval
Sept 29/23 - V1 with Rian for review
Sept 27/23 - V1 with Cathy / Rian for review
Sept 26/23 - Province requested SOW and SCO together"
NRS VDI Service PoC,100,project supplied directly by Lori's Completed SCOs consolidated lists v1.0.xlsx,SCO-PROV-558 NRS VDI Service POC,28,V2,CSBC,2023-10-13,2023-10-13,1,1,Oct 12/23 - V3 sent to Province,Oct 13/23 - V4 rec'd from Province,Explicit returned version 4 did not match the normalized ownership turn V2; v9 kept normalized turn labels and Lori should confirm the exact version breadcrumb.,Province held the document after the prior send until the next explicit or inferred hand-back.,"Oct 24/23 - Signed
Oct 19/23 - with Province for signing
Oct 17/23 - SOW approved
Oct 16/23 - V5 sent to Province
Oct 13/23 - V4 rec'd from Province
Oct 12/23 - V3 sent to Province 
Oct 10/23 - V1 sent to Province, if/when V2 comes back from Province need to talk to Chris S./Rian, suggested business completion date from Rian is 2 months after requirements sign-off, not Dec 31
Oct 10/23 - With Lori C., Province requested a name change to reflect the NRS as this is for the whole sector, not an individual Ministry
Oct 6/23 - With Tyler for approval
Sept 29/23 - V1 with Rian for review
Sept 27/23 - V1 with Cathy / Rian for review
Sept 26/23 - Province requested SOW and SCO together"
NRS VDI Service PoC,100,project supplied directly by Lori's Completed SCOs consolidated lists v1.0.xlsx,SCO-PROV-558 NRS VDI Service POC,28,V3,ADSL,2023-10-14,2023-10-16,3,1,Oct 13/23 - V4 rec'd from Province,Oct 16/23 - V5 sent to Province,,"After the returned/back event, the next ADSL turn ran until the next Province submission. The send/submission date is counted with the sender, per Sam.","Oct 24/23 - Signed
Oct 19/23 - with Province for signing
Oct 17/23 - SOW approved
Oct 16/23 - V5 sent to Province
Oct 13/23 - V4 rec'd from Province
Oct 12/23 - V3 sent to Province 
Oct 10/23 - V1 sent to Province, if/when V2 comes back from Province need to talk to Chris S./Rian, suggested business completion date from Rian is 2 months after requirements sign-off, not Dec 31
Oct 10/23 - With Lori C., Province requested a name change to reflect the NRS as this is for the whole sector, not an individual Ministry
Oct 6/23 - With Tyler for approval
Sept 29/23 - V1 with Rian for review
Sept 27/23 - V1 with Cathy / Rian for review
Sept 26/23 - Province requested SOW and SCO together"
NRS VDI Service PoC,100,project supplied directly by Lori's Completed SCOs consolidated lists v1.0.xlsx,SCO-PROV-558 NRS VDI Service POC,28,V5,ADSL,2023-10-17,2023-10-18,2,2,Oct 17/23 - SOW approved,Oct 19/23 - with Province for signing,ADSL/internal work resumed after a Province send without an explicit returned/back/received line; v9 inferred a CSBC interval followed by the next ADSL turn.,"ADSL/internal work resumed, so a new ADSL editing turn was inferred before the next send/signing event.","Oct 24/23 - Signed
Oct 19/23 - with Province for signing
Oct 17/23 - SOW approved
Oct 16/23 - V5 sent to Province
Oct 13/23 - V4 rec'd from Province
Oct 12/23 - V3 sent to Province 
Oct 10/23 - V1 sent to Province, if/when V2 comes back from Province need to talk to Chris S./Rian, suggested business completion date from Rian is 2 months after requirements sign-off, not Dec 31
Oct 10/23 - With Lori C., Province requested a name change to reflect the NRS as this is for the whole sector, not an individual Ministry
Oct 6/23 - With Tyler for approval
Sept 29/23 - V1 with Rian for review
Sept 27/23 - V1 with Cathy / Rian for review
Sept 26/23 - Province requested SOW and SCO together"
NRS VDI Service PoC,100,project supplied directly by Lori's Completed SCOs consolidated lists v1.0.xlsx,SCO-PROV-558 NRS VDI Service POC,28,V5,SIGNINGTIME,2023-10-19,2023-10-24,6,4,Oct 19/23 - with Province for signing,Oct 24/23 - Signed,,"Once signing/final workflow began, later final lines were kept within one SIGNINGTIME sequence.","Oct 24/23 - Signed
Oct 19/23 - with Province for signing
Oct 17/23 - SOW approved
Oct 16/23 - V5 sent to Province
Oct 13/23 - V4 rec'd from Province
Oct 12/23 - V3 sent to Province 
Oct 10/23 - V1 sent to Province, if/when V2 comes back from Province need to talk to Chris S./Rian, suggested business completion date from Rian is 2 months after requirements sign-off, not Dec 31
Oct 10/23 - With Lori C., Province requested a name change to reflect the NRS as this is for the whole sector, not an individual Ministry
Oct 6/23 - With Tyler for approval
Sept 29/23 - V1 with Rian for review
Sept 27/23 - V1 with Cathy / Rian for review
Sept 26/23 - Province requested SOW and SCO together"
Patch Management Phase 3A,100,project supplied directly by Lori's Completed SCOs consolidated lists v1.0.xlsx,SCO-PROV-562 Patch Mgmt Ph 3A,29,V1,ADSL,2023-10-12,2023-10-13,2,2,Oct 12/23 - With Tyler,Oct 13/23 - V1 sent to Province,,"The lifecycle opened on the ADSL side until the first Province handoff was visible. The send/submission date is counted with the sender, per Sam.","Nov 2/23 - Signed
Oct 25/23 - V3 sent to Province
Oct 20/23 - V2.1 back from Province
Oct 13/23 - V1 sent to Province
Oct 12/23 - With Tyler
Oct 12/23 - With Rian/Cathy for review
Oct 12/23 - Drafing SCO"
Patch Management Phase 3A,100,project supplied directly by Lori's Completed SCOs consolidated lists v1.0.xlsx,SCO-PROV-562 Patch Mgmt Ph 3A,29,V2,CSBC,2023-10-14,2023-10-20,7,5,Oct 13/23 - V1 sent to Province,Oct 20/23 - V2.1 back from Province,,Province held the document after the prior send until the next explicit or inferred hand-back.,"Nov 2/23 - Signed
Oct 25/23 - V3 sent to Province
Oct 20/23 - V2.1 back from Province
Oct 13/23 - V1 sent to Province
Oct 12/23 - With Tyler
Oct 12/23 - With Rian/Cathy for review
Oct 12/23 - Drafing SCO"
Patch Management Phase 3A,100,project supplied directly by Lori's Completed SCOs consolidated lists v1.0.xlsx,SCO-PROV-562 Patch Mgmt Ph 3A,29,V3,ADSL,2023-10-21,2023-10-25,5,3,Oct 20/23 - V2.1 back from Province,Oct 25/23 - V3 sent to Province,,"After the returned/back event, the next ADSL turn ran until the next Province submission. The send/submission date is counted with the sender, per Sam.","Nov 2/23 - Signed
Oct 25/23 - V3 sent to Province
Oct 20/23 - V2.1 back from Province
Oct 13/23 - V1 sent to Province
Oct 12/23 - With Tyler
Oct 12/23 - With Rian/Cathy for review
Oct 12/23 - Drafing SCO"
Patch Management Phase 3A,100,project supplied directly by Lori's Completed SCOs consolidated lists v1.0.xlsx,SCO-PROV-562 Patch Mgmt Ph 3A,29,V3,SIGNINGTIME,2023-10-26,2023-11-02,8,6,Oct 25/23 - V3 sent to Province,Nov 2/23 - Signed,,"The next meaningful event after the send was signing/final workflow, so no new CSBC editing turn was created.","Nov 2/23 - Signed
Oct 25/23 - V3 sent to Province
Oct 20/23 - V2.1 back from Province
Oct 13/23 - V1 sent to Province
Oct 12/23 - With Tyler
Oct 12/23 - With Rian/Cathy for review
Oct 12/23 - Drafing SCO"
Shared File for BCPS Phase 2,100,project supplied directly by Lori's Completed SCOs consolidated lists v1.0.xlsx,SCO-PROV-565 BCPS Custom Hardware,30,V1,ADSL,2023-10-26,2023-10-30,5,3,Oct 26/23 - with Rian / Cathy,Oct 30/23 - V1 sent to Province,,"The lifecycle opened on the ADSL side until the first Province handoff was visible. The send/submission date is counted with the sender, per Sam.","Nov 8/23 - Completed
Nov 8/23 - Final version sent to Province
Nov 7/23 - Province accepted V3, final with Sian for approval
Nov 6/23 - V3 sent to Province
Nov 3/23 - requested Province expedite review; Province question with Bruce/Rian
Oct 30/23 - V1 sent to Province
Oct 30/23 - With Sian
Oct 27/23 - with Tyler
Oct 26/23 - with Rian / Cathy"
Shared File for BCPS Phase 2,100,project supplied directly by Lori's Completed SCOs consolidated lists v1.0.xlsx,SCO-PROV-565 BCPS Custom Hardware,30,V2,CSBC,2023-10-31,2023-11-02,3,3,Oct 30/23 - V1 sent to Province,Nov 3/23 - requested Province expedite review; Province question with Bruce/Rian,ADSL/internal work resumed after a Province send without an explicit returned/back/received line; v9 inferred a CSBC interval followed by the next ADSL turn.,Province held the document after the prior send until the next explicit or inferred hand-back.,"Nov 8/23 - Completed
Nov 8/23 - Final version sent to Province
Nov 7/23 - Province accepted V3, final with Sian for approval
Nov 6/23 - V3 sent to Province
Nov 3/23 - requested Province expedite review; Province question with Bruce/Rian
Oct 30/23 - V1 sent to Province
Oct 30/23 - With Sian
Oct 27/23 - with Tyler
Oct 26/23 - with Rian / Cathy"
Shared File for BCPS Phase 2,100,project supplied directly by Lori's Completed SCOs consolidated lists v1.0.xlsx,SCO-PROV-565 BCPS Custom Hardware,30,V3,ADSL,2023-11-03,2023-11-06,4,2,Nov 3/23 - requested Province expedite review; Province question with Bruce/Rian,Nov 6/23 - V3 sent to Province,ADSL/internal work resumed after a Province send without an explicit returned/back/received line; v9 inferred a CSBC interval followed by the next ADSL turn.,"ADSL/internal work resumed, so a new ADSL editing turn was inferred before the next send/signing event. The send/submission date is counted with the sender, per Sam.","Nov 8/23 - Completed
Nov 8/23 - Final version sent to Province
Nov 7/23 - Province accepted V3, final with Sian for approval
Nov 6/23 - V3 sent to Province
Nov 3/23 - requested Province expedite review; Province question with Bruce/Rian
Oct 30/23 - V1 sent to Province
Oct 30/23 - With Sian
Oct 27/23 - with Tyler
Oct 26/23 - with Rian / Cathy"
Shared File for BCPS Phase 2,100,project supplied directly by Lori's Completed SCOs consolidated lists v1.0.xlsx,SCO-PROV-565 BCPS Custom Hardware,30,V3,SIGNINGTIME,2023-11-07,2023-11-08,2,2,Nov 6/23 - V3 sent to Province,Nov 8/23 - Final version sent to Province,,"The next meaningful event after the send was signing/final workflow, so no new CSBC editing turn was created.","Nov 8/23 - Completed
Nov 8/23 - Final version sent to Province
Nov 7/23 - Province accepted V3, final with Sian for approval
Nov 6/23 - V3 sent to Province
Nov 3/23 - requested Province expedite review; Province question with Bruce/Rian
Oct 30/23 - V1 sent to Province
Oct 30/23 - With Sian
Oct 27/23 - with Tyler
Oct 26/23 - with Rian / Cathy"
NRS VDI Service PoC,100,project supplied directly by Lori's Completed SCOs consolidated lists v1.0.xlsx,SCO-PROV-576 Amd SCO-558 NRS VDI Service POC,31,V1,ADSL,2023-11-28,2023-11-28,1,1,Nov 28/23 - V1 sent to Province,Nov 28/23 - V1 sent to Province,,"The lifecycle opened on the ADSL side until the first Province handoff was visible. The send/submission date is counted with the sender, per Sam.","Dec 14/23 - Signed
Dec 12/23 - V2 rec'd
Nov 28/23 - V1 sent to Province"
NRS VDI Service PoC,100,project supplied directly by Lori's Completed SCOs consolidated lists v1.0.xlsx,SCO-PROV-576 Amd SCO-558 NRS VDI Service POC,31,V2,CSBC,2023-11-29,2023-12-12,14,10,Nov 28/23 - V1 sent to Province,Dec 12/23 - V2 rec'd,,Province held the document after the prior send until the next explicit or inferred hand-back.,"Dec 14/23 - Signed
Dec 12/23 - V2 rec'd
Nov 28/23 - V1 sent to Province"
NRS VDI Service PoC,100,project supplied directly by Lori's Completed SCOs consolidated lists v1.0.xlsx,SCO-PROV-576 Amd SCO-558 NRS VDI Service POC,31,V3,ADSL,2023-12-13,2023-12-13,1,1,Dec 12/23 - V2 rec'd,Dec 14/23 - Signed,Signing/final workflow began after a return from Province without an explicit new send; Lori should confirm whether a send/final handoff is missing from the source text.,"A return from Province was followed by signing without an explicit new send, so v9 inferred a short ADSL turn before final workflow.","Dec 14/23 - Signed
Dec 12/23 - V2 rec'd
Nov 28/23 - V1 sent to Province"
NRS VDI Service PoC,100,project supplied directly by Lori's Completed SCOs consolidated lists v1.0.xlsx,SCO-PROV-576 Amd SCO-558 NRS VDI Service POC,31,V3,SIGNINGTIME,2023-12-14,2023-12-14,1,1,Dec 14/23 - Signed,Dec 14/23 - Signed,Signing/final workflow began after a return from Province without an explicit new send; Lori should confirm whether a send/final handoff is missing from the source text.,Signing/final workflow began after the last real edit turn.,"Dec 14/23 - Signed
Dec 12/23 - V2 rec'd
Nov 28/23 - V1 sent to Province"
SDN Release 4,100,project supplied directly by Lori's Completed SCOs consolidated lists v1.0.xlsx,SCO-PROV-577 Amd SCO-515 SDN Rel4 Impl,32,V1,ADSL,2023-11-07,2023-11-09,3,3,Nov 7/23 - with Michelle C.,Nov 9/23 - V1 sent to Province,,"The lifecycle opened on the ADSL side until the first Province handoff was visible. The send/submission date is counted with the sender, per Sam.","Nov 27/23 - Signed
Nov 24/23 - Final with Sian
Nov 24/23 - V2 back from Province
Nov 9/23 - V1 sent to Province 
Nov 8/23 - with Sian
Nov 7/23 - with Michelle C."
SDN Release 4,100,project supplied directly by Lori's Completed SCOs consolidated lists v1.0.xlsx,SCO-PROV-577 Amd SCO-515 SDN Rel4 Impl,32,V2,CSBC,2023-11-10,2023-11-24,15,11,Nov 9/23 - V1 sent to Province,Nov 24/23 - V2 back from Province,,Province held the document after the prior send until the next explicit or inferred hand-back.,"Nov 27/23 - Signed
Nov 24/23 - Final with Sian
Nov 24/23 - V2 back from Province
Nov 9/23 - V1 sent to Province 
Nov 8/23 - with Sian
Nov 7/23 - with Michelle C."
SDN Release 4,100,project supplied directly by Lori's Completed SCOs consolidated lists v1.0.xlsx,SCO-PROV-577 Amd SCO-515 SDN Rel4 Impl,32,V1,SIGNINGTIME,2023-11-24,2023-11-27,4,2,Nov 24/23 - Final with Sian,Nov 27/23 - Signed,Signing/final workflow began after a return from Province without an explicit new send; Lori should confirm whether a send/final handoff is missing from the source text.,Signing/final workflow began after the last real edit turn.,"Nov 27/23 - Signed
Nov 24/23 - Final with Sian
Nov 24/23 - V2 back from Province
Nov 9/23 - V1 sent to Province 
Nov 8/23 - with Sian
Nov 7/23 - with Michelle C."
Zscaler Initiative 1 and 2,100,project supplied directly by Lori's Completed SCOs consolidated lists v1.0.xlsx,SCO-PROV-578 Zscaler Design: Initiative 1,33,V1,ADSL,2023-10-27,2023-11-30,35,25,Oct 27/23 - with Rian / Cathy,Nov 30/23 - V1 sent to Province,,"The lifecycle opened on the ADSL side until the first Province handoff was visible. The send/submission date is counted with the sender, per Sam.","Dec 1/23 - Signed
Dec 1/23 - Final version sent to Province
Dec 1/23 - Confirmed with Joshua re: Province proposed project end date, with Sian for signature
Dec 1/23 - V2.1 back from Province ok to move to final if we accept proposed end date
Nov 30/23 - V1 sent to Province
Nov 30/23 - SOW still being reviewed, request to send updated SCO over to Province from Sian/Rian
Waiting for SOW approval (there will need to be a 2nd SCO for Initiave 2)
Oct 27/23 - with Rian / Cathy"
Zscaler Initiative 1 and 2,100,project supplied directly by Lori's Completed SCOs consolidated lists v1.0.xlsx,SCO-PROV-578 Zscaler Design: Initiative 1,33,V1,SIGNINGTIME,2023-12-01,2023-12-01,1,1,Nov 30/23 - V1 sent to Province,Dec 1/23 - V2.1 back from Province ok to move to final if we accept proposed end date,,"The next meaningful event after the send was signing/final workflow, so no new CSBC editing turn was created.","Dec 1/23 - Signed
Dec 1/23 - Final version sent to Province
Dec 1/23 - Confirmed with Joshua re: Province proposed project end date, with Sian for signature
Dec 1/23 - V2.1 back from Province ok to move to final if we accept proposed end date
Nov 30/23 - V1 sent to Province
Nov 30/23 - SOW still being reviewed, request to send updated SCO over to Province from Sian/Rian
Waiting for SOW approval (there will need to be a 2nd SCO for Initiave 2)
Oct 27/23 - with Rian / Cathy"
Zscaler Initiative 1 and 2,100,project supplied directly by Lori's Completed SCOs consolidated lists v1.0.xlsx,SCO-PROV-592 Zscaler Design - Init 2,34,V1,ADSL,2024-01-23,2024-01-23,1,1,Jan 23/24 - V1 sent to Province,Jan 23/24 - V1 sent to Province,,"The lifecycle opened on the ADSL side until the first Province handoff was visible. The send/submission date is counted with the sender, per Sam.","Jan 26/24 - Signed
Jan 26/24 - V2 rec'd
Jan 23/24 - V1 sent to Province"
Zscaler Initiative 1 and 2,100,project supplied directly by Lori's Completed SCOs consolidated lists v1.0.xlsx,SCO-PROV-592 Zscaler Design - Init 2,34,V2,CSBC,2024-01-24,2024-01-26,3,3,Jan 23/24 - V1 sent to Province,Jan 26/24 - V2 rec'd,,Province held the document after the prior send until the next explicit or inferred hand-back.,"Jan 26/24 - Signed
Jan 26/24 - V2 rec'd
Jan 23/24 - V1 sent to Province"
Zscaler Initiative 1 and 2,100,project supplied directly by Lori's Completed SCOs consolidated lists v1.0.xlsx,SCO-PROV-592 Zscaler Design - Init 2,34,V1,SIGNINGTIME,2024-01-26,2024-01-26,1,1,Jan 26/24 - Signed,Jan 26/24 - Signed,Signing/final workflow began after a return from Province without an explicit new send; Lori should confirm whether a send/final handoff is missing from the source text.,Signing/final workflow began after the last real edit turn.,"Jan 26/24 - Signed
Jan 26/24 - V2 rec'd
Jan 23/24 - V1 sent to Province"
Patch Management Phase 3A,100,project supplied directly by Lori's Completed SCOs consolidated lists v1.0.xlsx,SCO-PROV-602 Amd SCO-562 Patch Mgt Ph 3A,35,V1,ADSL,2024-02-12,2024-02-12,1,1,Feb 12/24 - V1 sent to Province,Feb 12/24 - V1 sent to Province,,"The lifecycle opened on the ADSL side until the first Province handoff was visible. The send/submission date is counted with the sender, per Sam.","Feb 23/24 - Signed
Feb 12/24 - V1 sent to Province"
Patch Management Phase 3A,100,project supplied directly by Lori's Completed SCOs consolidated lists v1.0.xlsx,SCO-PROV-602 Amd SCO-562 Patch Mgt Ph 3A,35,V1,SIGNINGTIME,2024-02-13,2024-02-23,11,9,Feb 12/24 - V1 sent to Province,Feb 23/24 - Signed,,"The next meaningful event after the send was signing/final workflow, so no new CSBC editing turn was created.","Feb 23/24 - Signed
Feb 12/24 - V1 sent to Province"
Zscaler Initiative 1 and 2,100,project supplied directly by Lori's Completed SCOs consolidated lists v1.0.xlsx,SCO-PROV-609 Amd SCO-578 Zscaler Design-Init 1,36,V1,ADSL,2024-02-21,2024-02-22,2,2,Feb 21/24 - with Erwin,Feb 22/24 - V1 sent to Province,,"The lifecycle opened on the ADSL side until the first Province handoff was visible. The send/submission date is counted with the sender, per Sam.","Mar 8/24 - Signed
Feb 22/24 - V1 sent to Province
Feb 21/24 - with Erwin"
Zscaler Initiative 1 and 2,100,project supplied directly by Lori's Completed SCOs consolidated lists v1.0.xlsx,SCO-PROV-609 Amd SCO-578 Zscaler Design-Init 1,36,V1,SIGNINGTIME,2024-02-23,2024-03-08,15,11,Feb 22/24 - V1 sent to Province,Mar 8/24 - Signed,,"The next meaningful event after the send was signing/final workflow, so no new CSBC editing turn was created.","Mar 8/24 - Signed
Feb 22/24 - V1 sent to Province
Feb 21/24 - with Erwin"
Zscaler Initiative 1 and 2,100,project supplied directly by Lori's Completed SCOs consolidated lists v1.0.xlsx,SCO-PROV-610 Amd SCO-592 Zscaler Design-Init 2,37,V1,ADSL,2024-02-21,2024-02-22,2,2,Feb 21/24 - with Erwin,Feb 22/24 - V1 sent to Province,,"The lifecycle opened on the ADSL side until the first Province handoff was visible. The send/submission date is counted with the sender, per Sam.","Mar 8/24 - Signed
Feb 22/24 - V1 sent to Province
Feb 21/24 - with Erwin"
Zscaler Initiative 1 and 2,100,project supplied directly by Lori's Completed SCOs consolidated lists v1.0.xlsx,SCO-PROV-610 Amd SCO-592 Zscaler Design-Init 2,37,V1,SIGNINGTIME,2024-02-23,2024-03-08,15,11,Feb 22/24 - V1 sent to Province,Mar 8/24 - Signed,,"The next meaningful event after the send was signing/final workflow, so no new CSBC editing turn was created.","Mar 8/24 - Signed
Feb 22/24 - V1 sent to Province
Feb 21/24 - with Erwin"
Microsoft Defender for Endpoint (MDE) Expansion,100,project supplied directly by Lori's Completed SCOs consolidated lists v1.0.xlsx,SCO-PROV-639 MS Defender Ph1,38,V1,ADSL,2024-05-15,2024-05-15,1,1,May 15/24 - V1 sent to Province,May 15/24 - V1 sent to Province,,"The lifecycle opened on the ADSL side until the first Province handoff was visible. The send/submission date is counted with the sender, per Sam.","May 28/24 - Signed
May 22/24 - V3 sent to Province
May 21/24 - V2.1 rec'd
May 15/24 - V1 sent to Province"
Microsoft Defender for Endpoint (MDE) Expansion,100,project supplied directly by Lori's Completed SCOs consolidated lists v1.0.xlsx,SCO-PROV-639 MS Defender Ph1,38,V2,CSBC,2024-05-16,2024-05-21,6,4,May 15/24 - V1 sent to Province,May 21/24 - V2.1 rec'd,,Province held the document after the prior send until the next explicit or inferred hand-back.,"May 28/24 - Signed
May 22/24 - V3 sent to Province
May 21/24 - V2.1 rec'd
May 15/24 - V1 sent to Province"
Microsoft Defender for Endpoint (MDE) Expansion,100,project supplied directly by Lori's Completed SCOs consolidated lists v1.0.xlsx,SCO-PROV-639 MS Defender Ph1,38,V3,ADSL,2024-05-22,2024-05-22,1,1,May 21/24 - V2.1 rec'd,May 22/24 - V3 sent to Province,,"After the returned/back event, the next ADSL turn ran until the next Province submission. The send/submission date is counted with the sender, per Sam.","May 28/24 - Signed
May 22/24 - V3 sent to Province
May 21/24 - V2.1 rec'd
May 15/24 - V1 sent to Province"
Microsoft Defender for Endpoint (MDE) Expansion,100,project supplied directly by Lori's Completed SCOs consolidated lists v1.0.xlsx,SCO-PROV-639 MS Defender Ph1,38,V3,SIGNINGTIME,2024-05-23,2024-05-28,6,4,May 22/24 - V3 sent to Province,May 28/24 - Signed,,"The next meaningful event after the send was signing/final workflow, so no new CSBC editing turn was created.","May 28/24 - Signed
May 22/24 - V3 sent to Province
May 21/24 - V2.1 rec'd
May 15/24 - V1 sent to Province"
Zscaler Initiative 3,100,project supplied directly by Lori's Completed SCOs consolidated lists v1.0.xlsx,"SCO-PROV-656 Network Function Virtualization (NFV)
Formerly: Zscaler Common Infrastructure Standup: Initiative 3",39,V1,ADSL,2024-06-10,2024-07-11,32,24,June 10/24 - with Rian/Jen,July 11/24 - V1 sent to Province,,"The lifecycle opened on the ADSL side until the first Province handoff was visible. The send/submission date is counted with the sender, per Sam.","Aug 7/24 - Signed
July 29/24 - V3 sent to Province 
July 26/24 - V2 rec'd
July 18/24 - V1.1 sent to Province
July 11/24 - V1 sent to Province
July 11/24 - With Sian
July 11/24 - With Tyler
July 10/24 - SOW approved, SCO with Cathy/Nicole for review
June 14/24 - waiting for approved SOW
June 10/24 - with Rian/Jen"
Zscaler Initiative 3,100,project supplied directly by Lori's Completed SCOs consolidated lists v1.0.xlsx,"SCO-PROV-656 Network Function Virtualization (NFV)
Formerly: Zscaler Common Infrastructure Standup: Initiative 3",39,V2,CSBC,2024-07-12,2024-07-17,6,4,July 11/24 - V1 sent to Province,July 18/24 - V1.1 sent to Province,A new Province submission appeared without an explicit return line; v9 inferred the prior CSBC interval and then started the next ADSL turn on the new send date.,Province held the document after the prior send until the next explicit or inferred hand-back.,"Aug 7/24 - Signed
July 29/24 - V3 sent to Province 
July 26/24 - V2 rec'd
July 18/24 - V1.1 sent to Province
July 11/24 - V1 sent to Province
July 11/24 - With Sian
July 11/24 - With Tyler
July 10/24 - SOW approved, SCO with Cathy/Nicole for review
June 14/24 - waiting for approved SOW
June 10/24 - with Rian/Jen"
Zscaler Initiative 3,100,project supplied directly by Lori's Completed SCOs consolidated lists v1.0.xlsx,"SCO-PROV-656 Network Function Virtualization (NFV)
Formerly: Zscaler Common Infrastructure Standup: Initiative 3",39,V3,ADSL,2024-07-18,2024-07-18,1,1,July 18/24 - V1.1 sent to Province,July 18/24 - V1.1 sent to Province,A new Province submission appeared without an explicit return line; Lori should confirm the missing hand-back sequence.,"A new ADSL turn was inferred because a later Province submission occurred without an explicit return event in the source text. The send/submission date is counted with the sender, per Sam.","Aug 7/24 - Signed
July 29/24 - V3 sent to Province 
July 26/24 - V2 rec'd
July 18/24 - V1.1 sent to Province
July 11/24 - V1 sent to Province
July 11/24 - With Sian
July 11/24 - With Tyler
July 10/24 - SOW approved, SCO with Cathy/Nicole for review
June 14/24 - waiting for approved SOW
June 10/24 - with Rian/Jen"
Zscaler Initiative 3,100,project supplied directly by Lori's Completed SCOs consolidated lists v1.0.xlsx,"SCO-PROV-656 Network Function Virtualization (NFV)
Formerly: Zscaler Common Infrastructure Standup: Initiative 3",39,V4,CSBC,2024-07-19,2024-07-26,8,6,July 18/24 - V1.1 sent to Province,July 26/24 - V2 rec'd,Explicit returned version 2 did not match the normalized ownership turn V4; v9 kept normalized turn labels and Lori should confirm the exact version breadcrumb.,Province held the document after the prior send until the next explicit or inferred hand-back.,"Aug 7/24 - Signed
July 29/24 - V3 sent to Province 
July 26/24 - V2 rec'd
July 18/24 - V1.1 sent to Province
July 11/24 - V1 sent to Province
July 11/24 - With Sian
July 11/24 - With Tyler
July 10/24 - SOW approved, SCO with Cathy/Nicole for review
June 14/24 - waiting for approved SOW
June 10/24 - with Rian/Jen"
Zscaler Initiative 3,100,project supplied directly by Lori's Completed SCOs consolidated lists v1.0.xlsx,"SCO-PROV-656 Network Function Virtualization (NFV)
Formerly: Zscaler Common Infrastructure Standup: Initiative 3",39,V5,ADSL,2024-07-27,2024-07-29,3,1,July 26/24 - V2 rec'd,July 29/24 - V3 sent to Province,,"After the returned/back event, the next ADSL turn ran until the next Province submission. The send/submission date is counted with the sender, per Sam.","Aug 7/24 - Signed
July 29/24 - V3 sent to Province 
July 26/24 - V2 rec'd
July 18/24 - V1.1 sent to Province
July 11/24 - V1 sent to Province
July 11/24 - With Sian
July 11/24 - With Tyler
July 10/24 - SOW approved, SCO with Cathy/Nicole for review
June 14/24 - waiting for approved SOW
June 10/24 - with Rian/Jen"
Zscaler Initiative 3,100,project supplied directly by Lori's Completed SCOs consolidated lists v1.0.xlsx,"SCO-PROV-656 Network Function Virtualization (NFV)
Formerly: Zscaler Common Infrastructure Standup: Initiative 3",39,V5,SIGNINGTIME,2024-07-30,2024-08-07,9,7,July 29/24 - V3 sent to Province,Aug 7/24 - Signed,,"The next meaningful event after the send was signing/final workflow, so no new CSBC editing turn was created.","Aug 7/24 - Signed
July 29/24 - V3 sent to Province 
July 26/24 - V2 rec'd
July 18/24 - V1.1 sent to Province
July 11/24 - V1 sent to Province
July 11/24 - With Sian
July 11/24 - With Tyler
July 10/24 - SOW approved, SCO with Cathy/Nicole for review
June 14/24 - waiting for approved SOW
June 10/24 - with Rian/Jen"
Zscaler Initiative 3,100,project supplied directly by Lori's Completed SCOs consolidated lists v1.0.xlsx,SCO-PROV-657 BCPS Zscaler Implementation Support: Initiative 3,40,V1,ADSL,2024-07-18,2024-07-18,1,1,July 18/24 - sent to Province,July 18/24 - sent to Province,,"The lifecycle opened on the ADSL side until the first Province handoff was visible. The send/submission date is counted with the sender, per Sam.","Aug 7/24 - Signed
July 29/24 - V3 sent to Province 
July 26/24 - V2 rec'd; with Tyler
July 18/24 - sent to Province"
Zscaler Initiative 3,100,project supplied directly by Lori's Completed SCOs consolidated lists v1.0.xlsx,SCO-PROV-657 BCPS Zscaler Implementation Support: Initiative 3,40,V2,CSBC,2024-07-19,2024-07-26,8,6,July 18/24 - sent to Province,July 26/24 - V2 rec'd; with Tyler,,Province held the document after the prior send until the next explicit or inferred hand-back.,"Aug 7/24 - Signed
July 29/24 - V3 sent to Province 
July 26/24 - V2 rec'd; with Tyler
July 18/24 - sent to Province"
Zscaler Initiative 3,100,project supplied directly by Lori's Completed SCOs consolidated lists v1.0.xlsx,SCO-PROV-657 BCPS Zscaler Implementation Support: Initiative 3,40,V3,ADSL,2024-07-27,2024-07-29,3,1,July 26/24 - V2 rec'd; with Tyler,July 29/24 - V3 sent to Province,,"After the returned/back event, the next ADSL turn ran until the next Province submission. The send/submission date is counted with the sender, per Sam.","Aug 7/24 - Signed
July 29/24 - V3 sent to Province 
July 26/24 - V2 rec'd; with Tyler
July 18/24 - sent to Province"
Zscaler Initiative 3,100,project supplied directly by Lori's Completed SCOs consolidated lists v1.0.xlsx,SCO-PROV-657 BCPS Zscaler Implementation Support: Initiative 3,40,V3,SIGNINGTIME,2024-07-30,2024-08-07,9,7,July 29/24 - V3 sent to Province,Aug 7/24 - Signed,,"The next meaningful event after the send was signing/final workflow, so no new CSBC editing turn was created.","Aug 7/24 - Signed
July 29/24 - V3 sent to Province 
July 26/24 - V2 rec'd; with Tyler
July 18/24 - sent to Province"
Patch Management Phase 3B,100,project supplied directly by Lori's Completed SCOs consolidated lists v1.0.xlsx,SCO-PROV-662 Patch Mgmt Phase 3B,41,V1,ADSL,2024-08-02,2024-08-13,12,8,Aug 2/24 - with Nicole/Cathy,Aug 13/24 - V1 sent to Province,,"The lifecycle opened on the ADSL side until the first Province handoff was visible. The send/submission date is counted with the sender, per Sam.","Sept 20/24 - Signed
Sept 12/24 - V4 rec'd; V5 sent to Province
Aug 29/24 - V3.1 sent to Province
Aug 28/24 - question from Province with Cathy
Aug 26/24 - V2.2 rec'd; V3 sent to Province
Aug 13/24 - V1 sent to Province
Aug 7/24 - with Tyler
Aug 2/24 - with Nicole/Cathy"
Patch Management Phase 3B,100,project supplied directly by Lori's Completed SCOs consolidated lists v1.0.xlsx,SCO-PROV-662 Patch Mgmt Phase 3B,41,V2,CSBC,2024-08-14,2024-08-26,13,9,Aug 13/24 - V1 sent to Province,Aug 26/24 - V2.2 rec'd; V3 sent to Province,,Province held the document after the prior send until the next explicit or inferred hand-back.,"Sept 20/24 - Signed
Sept 12/24 - V4 rec'd; V5 sent to Province
Aug 29/24 - V3.1 sent to Province
Aug 28/24 - question from Province with Cathy
Aug 26/24 - V2.2 rec'd; V3 sent to Province
Aug 13/24 - V1 sent to Province
Aug 7/24 - with Tyler
Aug 2/24 - with Nicole/Cathy"
Patch Management Phase 3B,100,project supplied directly by Lori's Completed SCOs consolidated lists v1.0.xlsx,SCO-PROV-662 Patch Mgmt Phase 3B,41,V3,ADSL,2024-08-26,2024-08-26,1,1,Aug 26/24 - V2.2 rec'd; V3 sent to Province,Aug 26/24 - V2.2 rec'd; V3 sent to Province,,"After the returned/back event, the next ADSL turn ran until the next Province submission. The send/submission date is counted with the sender, per Sam.","Sept 20/24 - Signed
Sept 12/24 - V4 rec'd; V5 sent to Province
Aug 29/24 - V3.1 sent to Province
Aug 28/24 - question from Province with Cathy
Aug 26/24 - V2.2 rec'd; V3 sent to Province
Aug 13/24 - V1 sent to Province
Aug 7/24 - with Tyler
Aug 2/24 - with Nicole/Cathy"
Patch Management Phase 3B,100,project supplied directly by Lori's Completed SCOs consolidated lists v1.0.xlsx,SCO-PROV-662 Patch Mgmt Phase 3B,41,V4,CSBC,2024-08-27,2024-08-27,1,1,Aug 26/24 - V2.2 rec'd; V3 sent to Province,Aug 28/24 - question from Province with Cathy,ADSL/internal work resumed after a Province send without an explicit returned/back/received line; v9 inferred a CSBC interval followed by the next ADSL turn.,Province held the document after the prior send until the next explicit or inferred hand-back.,"Sept 20/24 - Signed
Sept 12/24 - V4 rec'd; V5 sent to Province
Aug 29/24 - V3.1 sent to Province
Aug 28/24 - question from Province with Cathy
Aug 26/24 - V2.2 rec'd; V3 sent to Province
Aug 13/24 - V1 sent to Province
Aug 7/24 - with Tyler
Aug 2/24 - with Nicole/Cathy"
Patch Management Phase 3B,100,project supplied directly by Lori's Completed SCOs consolidated lists v1.0.xlsx,SCO-PROV-662 Patch Mgmt Phase 3B,41,V5,ADSL,2024-08-28,2024-08-29,2,2,Aug 28/24 - question from Province with Cathy,Aug 29/24 - V3.1 sent to Province,ADSL/internal work resumed after a Province send without an explicit returned/back/received line; v9 inferred a CSBC interval followed by the next ADSL turn.,"ADSL/internal work resumed, so a new ADSL editing turn was inferred before the next send/signing event. The send/submission date is counted with the sender, per Sam.","Sept 20/24 - Signed
Sept 12/24 - V4 rec'd; V5 sent to Province
Aug 29/24 - V3.1 sent to Province
Aug 28/24 - question from Province with Cathy
Aug 26/24 - V2.2 rec'd; V3 sent to Province
Aug 13/24 - V1 sent to Province
Aug 7/24 - with Tyler
Aug 2/24 - with Nicole/Cathy"
Patch Management Phase 3B,100,project supplied directly by Lori's Completed SCOs consolidated lists v1.0.xlsx,SCO-PROV-662 Patch Mgmt Phase 3B,41,V6,CSBC,2024-08-30,2024-09-12,14,10,Aug 29/24 - V3.1 sent to Province,Sept 12/24 - V4 rec'd; V5 sent to Province,Explicit returned version 4 did not match the normalized ownership turn V6; v9 kept normalized turn labels and Lori should confirm the exact version breadcrumb.,Province held the document after the prior send until the next explicit or inferred hand-back.,"Sept 20/24 - Signed
Sept 12/24 - V4 rec'd; V5 sent to Province
Aug 29/24 - V3.1 sent to Province
Aug 28/24 - question from Province with Cathy
Aug 26/24 - V2.2 rec'd; V3 sent to Province
Aug 13/24 - V1 sent to Province
Aug 7/24 - with Tyler
Aug 2/24 - with Nicole/Cathy"
Patch Management Phase 3B,100,project supplied directly by Lori's Completed SCOs consolidated lists v1.0.xlsx,SCO-PROV-662 Patch Mgmt Phase 3B,41,V7,ADSL,2024-09-12,2024-09-12,1,1,Sept 12/24 - V4 rec'd; V5 sent to Province,Sept 12/24 - V4 rec'd; V5 sent to Province,,"After the returned/back event, the next ADSL turn ran until the next Province submission. The send/submission date is counted with the sender, per Sam.","Sept 20/24 - Signed
Sept 12/24 - V4 rec'd; V5 sent to Province
Aug 29/24 - V3.1 sent to Province
Aug 28/24 - question from Province with Cathy
Aug 26/24 - V2.2 rec'd; V3 sent to Province
Aug 13/24 - V1 sent to Province
Aug 7/24 - with Tyler
Aug 2/24 - with Nicole/Cathy"
Patch Management Phase 3B,100,project supplied directly by Lori's Completed SCOs consolidated lists v1.0.xlsx,SCO-PROV-662 Patch Mgmt Phase 3B,41,V7,SIGNINGTIME,2024-09-13,2024-09-20,8,6,Sept 12/24 - V4 rec'd; V5 sent to Province,Sept 20/24 - Signed,,"The next meaningful event after the send was signing/final workflow, so no new CSBC editing turn was created.","Sept 20/24 - Signed
Sept 12/24 - V4 rec'd; V5 sent to Province
Aug 29/24 - V3.1 sent to Province
Aug 28/24 - question from Province with Cathy
Aug 26/24 - V2.2 rec'd; V3 sent to Province
Aug 13/24 - V1 sent to Province
Aug 7/24 - with Tyler
Aug 2/24 - with Nicole/Cathy"
Microsoft Azure Arc,100,project supplied directly by Lori's Completed SCOs consolidated lists v1.0.xlsx,SCO-PROV-673 MS Azure Arc,42,V1,ADSL,2024-09-11,2024-09-23,13,9,Sept 11/24 - SOW with Province; SCO drafted,Sept 23/24 - V1 sent to Province,,"The lifecycle opened on the ADSL side until the first Province handoff was visible. The send/submission date is counted with the sender, per Sam.","Oct 4/24 - Signed
Sept 23/24 - V1 sent to Province
Sept 19/24 - with Sian for approval
Sept 11/24 - SOW with Province; SCO drafted"
Microsoft Azure Arc,100,project supplied directly by Lori's Completed SCOs consolidated lists v1.0.xlsx,SCO-PROV-673 MS Azure Arc,42,V1,SIGNINGTIME,2024-09-24,2024-10-04,11,9,Sept 23/24 - V1 sent to Province,Oct 4/24 - Signed,,"The next meaningful event after the send was signing/final workflow, so no new CSBC editing turn was created.","Oct 4/24 - Signed
Sept 23/24 - V1 sent to Province
Sept 19/24 - with Sian for approval
Sept 11/24 - SOW with Province; SCO drafted"
SDN Release 5,100,project supplied directly by Lori's Completed SCOs consolidated lists v1.0.xlsx,SCO-PROV-676 SDN Release 5,43,V1,ADSL,2024-07-18,2024-09-23,68,48,July 18/24 - Options Doc sent to client - waiting for approval,Sept 24/24 - Feedback rec'd from Rian/Cathy,A returned/back event appeared without a clearly logged Province submission for the prior ADSL turn; Lori should confirm whether a send event is missing in the source text.,The lifecycle opened on the ADSL side until the first Province handoff was visible.,"Nov 7/24 - Signed
Oct 28/24 - V2.1 sent to Province
Oct 25/24 - V2.1 with Michelle
Oct 24/24 - V2 sent to Province
Oct 23/24 - Comment back from Province
Sept 24/24 - V1 sent to Province
Sept 24/24 - With Tyler, with Sian
Sept 24/24 - Feedback rec'd from Rian/Cathy
Sept 20/24 - SOW approved
July 18/24 - Options Doc sent to client - waiting for approval"
SDN Release 5,100,project supplied directly by Lori's Completed SCOs consolidated lists v1.0.xlsx,SCO-PROV-676 SDN Release 5,43,V3,ADSL,2024-09-24,2024-09-24,1,1,Sept 24/24 - Feedback rec'd from Rian/Cathy,Sept 24/24 - V1 sent to Province,,"After the returned/back event, the next ADSL turn ran until the next Province submission. The send/submission date is counted with the sender, per Sam.","Nov 7/24 - Signed
Oct 28/24 - V2.1 sent to Province
Oct 25/24 - V2.1 with Michelle
Oct 24/24 - V2 sent to Province
Oct 23/24 - Comment back from Province
Sept 24/24 - V1 sent to Province
Sept 24/24 - With Tyler, with Sian
Sept 24/24 - Feedback rec'd from Rian/Cathy
Sept 20/24 - SOW approved
July 18/24 - Options Doc sent to client - waiting for approval"
SDN Release 5,100,project supplied directly by Lori's Completed SCOs consolidated lists v1.0.xlsx,SCO-PROV-676 SDN Release 5,43,V2,CSBC,2024-09-25,2024-10-23,29,21,Sept 24/24 - V1 sent to Province,Oct 23/24 - Comment back from Province,,Province held the document after the prior send until the next explicit or inferred hand-back.,"Nov 7/24 - Signed
Oct 28/24 - V2.1 sent to Province
Oct 25/24 - V2.1 with Michelle
Oct 24/24 - V2 sent to Province
Oct 23/24 - Comment back from Province
Sept 24/24 - V1 sent to Province
Sept 24/24 - With Tyler, with Sian
Sept 24/24 - Feedback rec'd from Rian/Cathy
Sept 20/24 - SOW approved
July 18/24 - Options Doc sent to client - waiting for approval"
SDN Release 5,100,project supplied directly by Lori's Completed SCOs consolidated lists v1.0.xlsx,SCO-PROV-676 SDN Release 5,43,V5,ADSL,2024-10-24,2024-10-24,1,1,Oct 23/24 - Comment back from Province,Oct 24/24 - V2 sent to Province,,"After the returned/back event, the next ADSL turn ran until the next Province submission. The send/submission date is counted with the sender, per Sam.","Nov 7/24 - Signed
Oct 28/24 - V2.1 sent to Province
Oct 25/24 - V2.1 with Michelle
Oct 24/24 - V2 sent to Province
Oct 23/24 - Comment back from Province
Sept 24/24 - V1 sent to Province
Sept 24/24 - With Tyler, with Sian
Sept 24/24 - Feedback rec'd from Rian/Cathy
Sept 20/24 - SOW approved
July 18/24 - Options Doc sent to client - waiting for approval"
SDN Release 5,100,project supplied directly by Lori's Completed SCOs consolidated lists v1.0.xlsx,SCO-PROV-676 SDN Release 5,43,V4,CSBC,2024-10-25,2024-10-27,3,1,Oct 24/24 - V2 sent to Province,Oct 28/24 - V2.1 sent to Province,A new Province submission appeared without an explicit return line; v9 inferred the prior CSBC interval and then started the next ADSL turn on the new send date.,Province held the document after the prior send until the next explicit or inferred hand-back.,"Nov 7/24 - Signed
Oct 28/24 - V2.1 sent to Province
Oct 25/24 - V2.1 with Michelle
Oct 24/24 - V2 sent to Province
Oct 23/24 - Comment back from Province
Sept 24/24 - V1 sent to Province
Sept 24/24 - With Tyler, with Sian
Sept 24/24 - Feedback rec'd from Rian/Cathy
Sept 20/24 - SOW approved
July 18/24 - Options Doc sent to client - waiting for approval"
SDN Release 5,100,project supplied directly by Lori's Completed SCOs consolidated lists v1.0.xlsx,SCO-PROV-676 SDN Release 5,43,V7,ADSL,2024-10-28,2024-10-28,1,1,Oct 28/24 - V2.1 sent to Province,Oct 28/24 - V2.1 sent to Province,A new Province submission appeared without an explicit return line; Lori should confirm the missing hand-back sequence.,"A new ADSL turn was inferred because a later Province submission occurred without an explicit return event in the source text. The send/submission date is counted with the sender, per Sam.","Nov 7/24 - Signed
Oct 28/24 - V2.1 sent to Province
Oct 25/24 - V2.1 with Michelle
Oct 24/24 - V2 sent to Province
Oct 23/24 - Comment back from Province
Sept 24/24 - V1 sent to Province
Sept 24/24 - With Tyler, with Sian
Sept 24/24 - Feedback rec'd from Rian/Cathy
Sept 20/24 - SOW approved
July 18/24 - Options Doc sent to client - waiting for approval"
SDN Release 5,100,project supplied directly by Lori's Completed SCOs consolidated lists v1.0.xlsx,SCO-PROV-676 SDN Release 5,43,V7,SIGNINGTIME,2024-10-29,2024-11-07,10,8,Oct 28/24 - V2.1 sent to Province,Nov 7/24 - Signed,,"The next meaningful event after the send was signing/final workflow, so no new CSBC editing turn was created.","Nov 7/24 - Signed
Oct 28/24 - V2.1 sent to Province
Oct 25/24 - V2.1 with Michelle
Oct 24/24 - V2 sent to Province
Oct 23/24 - Comment back from Province
Sept 24/24 - V1 sent to Province
Sept 24/24 - With Tyler, with Sian
Sept 24/24 - Feedback rec'd from Rian/Cathy
Sept 20/24 - SOW approved
July 18/24 - Options Doc sent to client - waiting for approval"
Tenable Pilot (Addition),100,project supplied directly by Lori's Completed SCOs consolidated lists v1.0.xlsx,SCO-PROV-677 Tenable,44,V1,ADSL,2024-09-20,2024-09-24,5,3,Sept 20/24 - SOW approved,Sept 24/24 - V1 sent to Province,,"The lifecycle opened on the ADSL side until the first Province handoff was visible. The send/submission date is counted with the sender, per Sam.","Oct 8/24 - Signed
Sept 24/24 - V1 sent to Province
Sept 24/24 - With Tyler, with Sian
Sept 24/24 - With Cathy/Rian
Sept 20/24 - SOW approved"
Tenable Pilot (Addition),100,project supplied directly by Lori's Completed SCOs consolidated lists v1.0.xlsx,SCO-PROV-677 Tenable,44,V1,SIGNINGTIME,2024-09-25,2024-10-08,14,10,Sept 24/24 - V1 sent to Province,Oct 8/24 - Signed,,"The next meaningful event after the send was signing/final workflow, so no new CSBC editing turn was created.","Oct 8/24 - Signed
Sept 24/24 - V1 sent to Province
Sept 24/24 - With Tyler, with Sian
Sept 24/24 - With Cathy/Rian
Sept 20/24 - SOW approved"
"CCCS Sensors
PAW Implementation Phase 1",100,project supplied directly by Lori's Completed SCOs consolidated lists v1.0.xlsx,SCO-PROV-684 Security Enhancement Program,45,V1,ADSL,2024-10-18,2024-10-23,6,4,"Oct 18/24 - SCO drafted, awaiting SOW approval",Oct 23/24 - V1 sent to Province,,"The lifecycle opened on the ADSL side until the first Province handoff was visible. The send/submission date is counted with the sender, per Sam.","Oct 30/24 - Signed
Oct 29/24 - Final sent to Province
Oct 28/24 - Move to final, with Sian
Oct 28/24 - V3 sent back to Province
Oct 28/24 V2 back from Province
Oct 23/24 - V1 sent to Province
Oct 22/24 - With Tyler, with Sian
Oct 22/24 - With Rian/Joyce for review
Oct 21/24 - SOW approved
Oct 18/24 - SCO drafted, awaiting SOW approval"
"CCCS Sensors
PAW Implementation Phase 1",100,project supplied directly by Lori's Completed SCOs consolidated lists v1.0.xlsx,SCO-PROV-684 Security Enhancement Program,45,V1,SIGNINGTIME,2024-10-24,2024-10-30,7,5,Oct 23/24 - V1 sent to Province,Oct 30/24 - Signed,,"The next meaningful event after the send was signing/final workflow, so no new CSBC editing turn was created.","Oct 30/24 - Signed
Oct 29/24 - Final sent to Province
Oct 28/24 - Move to final, with Sian
Oct 28/24 - V3 sent back to Province
Oct 28/24 V2 back from Province
Oct 23/24 - V1 sent to Province
Oct 22/24 - With Tyler, with Sian
Oct 22/24 - With Rian/Joyce for review
Oct 21/24 - SOW approved
Oct 18/24 - SCO drafted, awaiting SOW approval"
Zscaler Initiative 3,100,project supplied directly by Lori's Completed SCOs consolidated lists v1.0.xlsx,SCO-PROV-690 Amd SCO-656 NW Funct Virtualization,46,V1,ADSL,2024-10-08,2024-11-06,30,22,Oct 8/24 - Erwin submitting PCR,Nov 6/24 - V1 sent to Province,,"The lifecycle opened on the ADSL side until the first Province handoff was visible. The send/submission date is counted with the sender, per Sam.","Dec 4/24 - Signed
Nov 6/24 - V1 sent to Province
Nov 5/24 - with Sian
Oct 8/24 - Erwin submitting PCR"
Zscaler Initiative 3,100,project supplied directly by Lori's Completed SCOs consolidated lists v1.0.xlsx,SCO-PROV-690 Amd SCO-656 NW Funct Virtualization,46,V1,SIGNINGTIME,2024-11-07,2024-12-04,28,20,Nov 6/24 - V1 sent to Province,Dec 4/24 - Signed,,"The next meaningful event after the send was signing/final workflow, so no new CSBC editing turn was created.","Dec 4/24 - Signed
Nov 6/24 - V1 sent to Province
Nov 5/24 - with Sian
Oct 8/24 - Erwin submitting PCR"
MCCS - Service Expansion,100,project supplied directly by Lori's Completed SCOs consolidated lists v1.0.xlsx,SCO-PROV-696 Amd SCO-579 MCCS,47,V1,ADSL,2024-11-20,2024-12-02,13,9,"Nov 20/24 - Killian requested to extend end date, waiting on approved PCR",Dec 2/24 - V1 sent to Province,,"The lifecycle opened on the ADSL side until the first Province handoff was visible. The send/submission date is counted with the sender, per Sam.","Dec 17/24 - Province sent Final
Dec 12/24 - Final sent to Province
Dec 11/24 - Province agreed to move to final, with Elaine
Dec 2/24 - V1 sent to Province
Dec 2/24 - With Tyler, with Sian
Nov 20/24 - Killian requested to extend end date, waiting on approved PCR"
MCCS - Service Expansion,100,project supplied directly by Lori's Completed SCOs consolidated lists v1.0.xlsx,SCO-PROV-696 Amd SCO-579 MCCS,47,V1,SIGNINGTIME,2024-12-03,2024-12-17,15,11,Dec 2/24 - V1 sent to Province,Dec 17/24 - Province sent Final,Source text suggests editing or review activity after SIGNINGTIME began; Lori should confirm whether this SCO was reopened or whether the line is still part of final workflow.,"The next meaningful event after the send was signing/final workflow, so no new CSBC editing turn was created.","Dec 17/24 - Province sent Final
Dec 12/24 - Final sent to Province
Dec 11/24 - Province agreed to move to final, with Elaine
Dec 2/24 - V1 sent to Province
Dec 2/24 - With Tyler, with Sian
Nov 20/24 - Killian requested to extend end date, waiting on approved PCR"
Tenable Pilot (Addition),100,project supplied directly by Lori's Completed SCOs consolidated lists v1.0.xlsx,SCO-PROV-702 Amd SCO-677 Tenable,48,V1,ADSL,2024-12-16,2024-12-16,1,1,Dec 16/24 - V1 sent to Province,Dec 16/24 - V1 sent to Province,,"The lifecycle opened on the ADSL side until the first Province handoff was visible. The send/submission date is counted with the sender, per Sam.","Jan 29/25 - Signed
Dec 16/24 - V1 sent to Province"
Tenable Pilot (Addition),100,project supplied directly by Lori's Completed SCOs consolidated lists v1.0.xlsx,SCO-PROV-702 Amd SCO-677 Tenable,48,V1,SIGNINGTIME,2024-12-17,2025-01-29,44,32,Dec 16/24 - V1 sent to Province,Jan 29/25 - Signed,,"The next meaningful event after the send was signing/final workflow, so no new CSBC editing turn was created.","Jan 29/25 - Signed
Dec 16/24 - V1 sent to Province"
CCCS Sensors,100,project supplied directly by Lori's Completed SCOs consolidated lists v1.0.xlsx,SCO-PROV-704 Amd684 SEP(CCCS Sens-Ph2),49,V1,ADSL,2025-01-17,2025-01-20,4,2,Jan 17/25 - with Sian,Jan 20/25 - V1 sent to Province,,"The lifecycle opened on the ADSL side until the first Province handoff was visible. The send/submission date is counted with the sender, per Sam.","Feb 26/25 - Signed
Jan 20/25 - V1 sent to Province
Jan 17/25 - with Sian"
CCCS Sensors,100,project supplied directly by Lori's Completed SCOs consolidated lists v1.0.xlsx,SCO-PROV-704 Amd684 SEP(CCCS Sens-Ph2),49,V1,SIGNINGTIME,2025-01-21,2025-02-26,37,27,Jan 20/25 - V1 sent to Province,Feb 26/25 - Signed,,"The next meaningful event after the send was signing/final workflow, so no new CSBC editing turn was created.","Feb 26/25 - Signed
Jan 20/25 - V1 sent to Province
Jan 17/25 - with Sian"
PAW Implementation Phase 2a,100,project supplied directly by Lori's Completed SCOs consolidated lists v1.0.xlsx,SCO-PROV-705 SEP PAW Impl Ph2A,50,V1,ADSL,2025-01-27,2025-01-28,2,2,Jan 27/25 - with Tyler,Jan 28/25 - V1 sent to Province,,"The lifecycle opened on the ADSL side until the first Province handoff was visible. The send/submission date is counted with the sender, per Sam.","Feb 24/25 - Signed
Feb 13/25 - V4 rec'd; V5 sent to Province
Feb 7/25 - V3 sent to Province
Feb 6/25 - V2 rec'd; with Nicole / Erwin
Jan 28/25 - V1 sent to Province
Jan 27/25 - with Tyler"
PAW Implementation Phase 2a,100,project supplied directly by Lori's Completed SCOs consolidated lists v1.0.xlsx,SCO-PROV-705 SEP PAW Impl Ph2A,50,V2,CSBC,2025-01-29,2025-02-06,9,7,Jan 28/25 - V1 sent to Province,Feb 6/25 - V2 rec'd; with Nicole / Erwin,,Province held the document after the prior send until the next explicit or inferred hand-back.,"Feb 24/25 - Signed
Feb 13/25 - V4 rec'd; V5 sent to Province
Feb 7/25 - V3 sent to Province
Feb 6/25 - V2 rec'd; with Nicole / Erwin
Jan 28/25 - V1 sent to Province
Jan 27/25 - with Tyler"
PAW Implementation Phase 2a,100,project supplied directly by Lori's Completed SCOs consolidated lists v1.0.xlsx,SCO-PROV-705 SEP PAW Impl Ph2A,50,V3,ADSL,2025-02-07,2025-02-07,1,1,Feb 6/25 - V2 rec'd; with Nicole / Erwin,Feb 7/25 - V3 sent to Province,,"After the returned/back event, the next ADSL turn ran until the next Province submission. The send/submission date is counted with the sender, per Sam.","Feb 24/25 - Signed
Feb 13/25 - V4 rec'd; V5 sent to Province
Feb 7/25 - V3 sent to Province
Feb 6/25 - V2 rec'd; with Nicole / Erwin
Jan 28/25 - V1 sent to Province
Jan 27/25 - with Tyler"
PAW Implementation Phase 2a,100,project supplied directly by Lori's Completed SCOs consolidated lists v1.0.xlsx,SCO-PROV-705 SEP PAW Impl Ph2A,50,V4,CSBC,2025-02-08,2025-02-13,6,4,Feb 7/25 - V3 sent to Province,Feb 13/25 - V4 rec'd; V5 sent to Province,,Province held the document after the prior send until the next explicit or inferred hand-back.,"Feb 24/25 - Signed
Feb 13/25 - V4 rec'd; V5 sent to Province
Feb 7/25 - V3 sent to Province
Feb 6/25 - V2 rec'd; with Nicole / Erwin
Jan 28/25 - V1 sent to Province
Jan 27/25 - with Tyler"
PAW Implementation Phase 2a,100,project supplied directly by Lori's Completed SCOs consolidated lists v1.0.xlsx,SCO-PROV-705 SEP PAW Impl Ph2A,50,V5,ADSL,2025-02-13,2025-02-13,1,1,Feb 13/25 - V4 rec'd; V5 sent to Province,Feb 13/25 - V4 rec'd; V5 sent to Province,,"After the returned/back event, the next ADSL turn ran until the next Province submission. The send/submission date is counted with the sender, per Sam.","Feb 24/25 - Signed
Feb 13/25 - V4 rec'd; V5 sent to Province
Feb 7/25 - V3 sent to Province
Feb 6/25 - V2 rec'd; with Nicole / Erwin
Jan 28/25 - V1 sent to Province
Jan 27/25 - with Tyler"
PAW Implementation Phase 2a,100,project supplied directly by Lori's Completed SCOs consolidated lists v1.0.xlsx,SCO-PROV-705 SEP PAW Impl Ph2A,50,V5,SIGNINGTIME,2025-02-14,2025-02-24,11,7,Feb 13/25 - V4 rec'd; V5 sent to Province,Feb 24/25 - Signed,,"The next meaningful event after the send was signing/final workflow, so no new CSBC editing turn was created.","Feb 24/25 - Signed
Feb 13/25 - V4 rec'd; V5 sent to Province
Feb 7/25 - V3 sent to Province
Feb 6/25 - V2 rec'd; with Nicole / Erwin
Jan 28/25 - V1 sent to Province
Jan 27/25 - with Tyler"
Enhanced Logging,100,project supplied directly by Lori's Completed SCOs consolidated lists v1.0.xlsx,SCO-PROV-706 SEP Enhanced Logging,51,V1,ADSL,2025-01-29,2025-01-30,2,2,Jan 29/25 - Emma to approved revised SOW; SCO with Tyler,Jan 30/25 - V1 sent to Province,,"The lifecycle opened on the ADSL side until the first Province handoff was visible. The send/submission date is counted with the sender, per Sam.","Feb 27/25 - Signed
Feb 18/25 - V3 sent to Province
Feb 13/25 - V2 rec'd
Jan 30/25 - V1 sent to Province
Jan 29/25 - Emma to approved revised SOW; SCO with Tyler"
Enhanced Logging,100,project supplied directly by Lori's Completed SCOs consolidated lists v1.0.xlsx,SCO-PROV-706 SEP Enhanced Logging,51,V2,CSBC,2025-01-31,2025-02-13,14,10,Jan 30/25 - V1 sent to Province,Feb 13/25 - V2 rec'd,,Province held the document after the prior send until the next explicit or inferred hand-back.,"Feb 27/25 - Signed
Feb 18/25 - V3 sent to Province
Feb 13/25 - V2 rec'd
Jan 30/25 - V1 sent to Province
Jan 29/25 - Emma to approved revised SOW; SCO with Tyler"
Enhanced Logging,100,project supplied directly by Lori's Completed SCOs consolidated lists v1.0.xlsx,SCO-PROV-706 SEP Enhanced Logging,51,V3,ADSL,2025-02-14,2025-02-18,5,3,Feb 13/25 - V2 rec'd,Feb 18/25 - V3 sent to Province,,"After the returned/back event, the next ADSL turn ran until the next Province submission. The send/submission date is counted with the sender, per Sam.","Feb 27/25 - Signed
Feb 18/25 - V3 sent to Province
Feb 13/25 - V2 rec'd
Jan 30/25 - V1 sent to Province
Jan 29/25 - Emma to approved revised SOW; SCO with Tyler"
Enhanced Logging,100,project supplied directly by Lori's Completed SCOs consolidated lists v1.0.xlsx,SCO-PROV-706 SEP Enhanced Logging,51,V3,SIGNINGTIME,2025-02-19,2025-02-27,9,7,Feb 18/25 - V3 sent to Province,Feb 27/25 - Signed,,"The next meaningful event after the send was signing/final workflow, so no new CSBC editing turn was created.","Feb 27/25 - Signed
Feb 18/25 - V3 sent to Province
Feb 13/25 - V2 rec'd
Jan 30/25 - V1 sent to Province
Jan 29/25 - Emma to approved revised SOW; SCO with Tyler"
SDN Release 5,100,project supplied directly by Lori's Completed SCOs consolidated lists v1.0.xlsx,SCO-PROV-708 Amd SCO-676 SDN Rel 5,52,V1,ADSL,2025-02-03,2025-02-03,1,1,Feb 3/25 - V1 sent to Province,Feb 3/25 - V1 sent to Province,,"The lifecycle opened on the ADSL side until the first Province handoff was visible. The send/submission date is counted with the sender, per Sam.","Feb 7/25 - Adobe Sign
Feb 3/25 - V1 sent to Province"
SDN Release 5,100,project supplied directly by Lori's Completed SCOs consolidated lists v1.0.xlsx,SCO-PROV-708 Amd SCO-676 SDN Rel 5,52,V1,SIGNINGTIME,2025-02-04,2025-02-07,4,4,Feb 3/25 - V1 sent to Province,Feb 7/25 - Adobe Sign,,"The next meaningful event after the send was signing/final workflow, so no new CSBC editing turn was created.","Feb 7/25 - Adobe Sign
Feb 3/25 - V1 sent to Province"
Maestro Firewall Upgrade,100,project supplied directly by Lori's Completed SCOs consolidated lists v1.0.xlsx,SCO-PROV-709 PS ChkPt Maestro FW Imp,53,V1,ADSL,2025-02-03,2025-02-07,5,5,Feb 3/25 - with Rian / Cathy,Feb 7/25 - V1.1 sent to Province,,"The lifecycle opened on the ADSL side until the first Province handoff was visible. The send/submission date is counted with the sender, per Sam.","Feb 25/25 - Signed
Feb 25/25 - V3 re-sent
Feb 13/25 - V3 sent to Province
Feb 13/25 - V2 rec'd; with Joyce/Sam
Feb 7/25 - V1.1 sent to Province
Feb 3/25 - with Rian / Cathy"
Maestro Firewall Upgrade,100,project supplied directly by Lori's Completed SCOs consolidated lists v1.0.xlsx,SCO-PROV-709 PS ChkPt Maestro FW Imp,53,V2,CSBC,2025-02-08,2025-02-13,6,4,Feb 7/25 - V1.1 sent to Province,Feb 13/25 - V2 rec'd; with Joyce/Sam,,Province held the document after the prior send until the next explicit or inferred hand-back.,"Feb 25/25 - Signed
Feb 25/25 - V3 re-sent
Feb 13/25 - V3 sent to Province
Feb 13/25 - V2 rec'd; with Joyce/Sam
Feb 7/25 - V1.1 sent to Province
Feb 3/25 - with Rian / Cathy"
Maestro Firewall Upgrade,100,project supplied directly by Lori's Completed SCOs consolidated lists v1.0.xlsx,SCO-PROV-709 PS ChkPt Maestro FW Imp,53,V3,ADSL,2025-02-13,2025-02-13,1,1,Feb 13/25 - V2 rec'd; with Joyce/Sam,Feb 13/25 - V3 sent to Province,,"After the returned/back event, the next ADSL turn ran until the next Province submission. The send/submission date is counted with the sender, per Sam.","Feb 25/25 - Signed
Feb 25/25 - V3 re-sent
Feb 13/25 - V3 sent to Province
Feb 13/25 - V2 rec'd; with Joyce/Sam
Feb 7/25 - V1.1 sent to Province
Feb 3/25 - with Rian / Cathy"
Maestro Firewall Upgrade,100,project supplied directly by Lori's Completed SCOs consolidated lists v1.0.xlsx,SCO-PROV-709 PS ChkPt Maestro FW Imp,53,V3,SIGNINGTIME,2025-02-14,2025-02-25,12,8,Feb 13/25 - V3 sent to Province,Feb 25/25 - Signed,,"The next meaningful event after the send was signing/final workflow, so no new CSBC editing turn was created.","Feb 25/25 - Signed
Feb 25/25 - V3 re-sent
Feb 13/25 - V3 sent to Province
Feb 13/25 - V2 rec'd; with Joyce/Sam
Feb 7/25 - V1.1 sent to Province
Feb 3/25 - with Rian / Cathy"
3PG Refresh,100,project supplied directly by Lori's Completed SCOs consolidated lists v1.0.xlsx,"SCO-PROV-712 3PG Refresh 
(Professional Services)",54,V1,ADSL,2025-01-27,2025-02-25,30,22,"Jan 27/25 - with Rian, Sam and Cathy",Feb 25/25 - V1 sent to Province,,"The lifecycle opened on the ADSL side until the first Province handoff was visible. The send/submission date is counted with the sender, per Sam.","Mar 5/25 - Signed
Feb 26/25 - V1.1 sent to Province 
Feb 25/25 - V1 sent to Province 
Feb 11/25 - approved to submit; holding until CAP for 3PG Refresh submitted
Jan 30/25 - with Sam
Jan 27/25 - with Rian, Sam and Cathy"
3PG Refresh,100,project supplied directly by Lori's Completed SCOs consolidated lists v1.0.xlsx,"SCO-PROV-712 3PG Refresh 
(Professional Services)",54,V3,ADSL,2025-02-26,2025-02-26,1,1,Feb 26/25 - V1.1 sent to Province,Feb 26/25 - V1.1 sent to Province,A new Province submission appeared without an explicit return line; Lori should confirm the missing hand-back sequence.,"A new ADSL turn was inferred because a later Province submission occurred without an explicit return event in the source text. The send/submission date is counted with the sender, per Sam.","Mar 5/25 - Signed
Feb 26/25 - V1.1 sent to Province 
Feb 25/25 - V1 sent to Province 
Feb 11/25 - approved to submit; holding until CAP for 3PG Refresh submitted
Jan 30/25 - with Sam
Jan 27/25 - with Rian, Sam and Cathy"
3PG Refresh,100,project supplied directly by Lori's Completed SCOs consolidated lists v1.0.xlsx,"SCO-PROV-712 3PG Refresh 
(Professional Services)",54,V3,SIGNINGTIME,2025-02-27,2025-03-05,7,5,Feb 26/25 - V1.1 sent to Province,Mar 5/25 - Signed,,"The next meaningful event after the send was signing/final workflow, so no new CSBC editing turn was created.","Mar 5/25 - Signed
Feb 26/25 - V1.1 sent to Province 
Feb 25/25 - V1 sent to Province 
Feb 11/25 - approved to submit; holding until CAP for 3PG Refresh submitted
Jan 30/25 - with Sam
Jan 27/25 - with Rian, Sam and Cathy"
Maestro Firewall Upgrade,100,project supplied directly by Lori's Completed SCOs consolidated lists v1.0.xlsx,SCO-PROV-720 Maestro Firewall Implementation,55,V1,ADSL,2025-03-14,2025-03-14,1,1,Mar 14/25 - V1 sent to Province,Mar 14/25 - V1 sent to Province,,"The lifecycle opened on the ADSL side until the first Province handoff was visible. The send/submission date is counted with the sender, per Sam.","Mar 27/25 - Signed
Mar 14/25 - V1 sent to Province"
Maestro Firewall Upgrade,100,project supplied directly by Lori's Completed SCOs consolidated lists v1.0.xlsx,SCO-PROV-720 Maestro Firewall Implementation,55,V1,SIGNINGTIME,2025-03-15,2025-03-27,13,9,Mar 14/25 - V1 sent to Province,Mar 27/25 - Signed,,"The next meaningful event after the send was signing/final workflow, so no new CSBC editing turn was created.","Mar 27/25 - Signed
Mar 14/25 - V1 sent to Province"
Defender for Servers,100,project supplied directly by Lori's Completed SCOs consolidated lists v1.0.xlsx,SCO-PROV-728 Defender Anti-Virus,56,V1,ADSL,2025-04-14,2025-04-17,4,4,Apr 14/25 - SOW approved,Apr 17/25 - V1 sent to Province,,"The lifecycle opened on the ADSL side until the first Province handoff was visible. The send/submission date is counted with the sender, per Sam.","Apr 28/25 - Signed
Apr 28/25 - Move to final, sent via AdobeSign
Apr 25/25 - V2 back from Province
Apr 17/25 - V1 sent to Province
Apr 17/25 - With Tyler, with Sian
Apr 17/25 - With Nicole/Cathy for review
Apr 14/25 - SOW approved"
Defender for Servers,100,project supplied directly by Lori's Completed SCOs consolidated lists v1.0.xlsx,SCO-PROV-728 Defender Anti-Virus,56,V2,CSBC,2025-04-18,2025-04-25,8,6,Apr 17/25 - V1 sent to Province,Apr 25/25 - V2 back from Province,,Province held the document after the prior send until the next explicit or inferred hand-back.,"Apr 28/25 - Signed
Apr 28/25 - Move to final, sent via AdobeSign
Apr 25/25 - V2 back from Province
Apr 17/25 - V1 sent to Province
Apr 17/25 - With Tyler, with Sian
Apr 17/25 - With Nicole/Cathy for review
Apr 14/25 - SOW approved"
Defender for Servers,100,project supplied directly by Lori's Completed SCOs consolidated lists v1.0.xlsx,SCO-PROV-728 Defender Anti-Virus,56,V3,ADSL,2025-04-26,2025-04-27,2,0,Apr 25/25 - V2 back from Province,Apr 28/25 - Signed,Signing/final workflow began after a return from Province without an explicit new send; Lori should confirm whether a send/final handoff is missing from the source text.,"A return from Province was followed by signing without an explicit new send, so v9 inferred a short ADSL turn before final workflow.","Apr 28/25 - Signed
Apr 28/25 - Move to final, sent via AdobeSign
Apr 25/25 - V2 back from Province
Apr 17/25 - V1 sent to Province
Apr 17/25 - With Tyler, with Sian
Apr 17/25 - With Nicole/Cathy for review
Apr 14/25 - SOW approved"
Defender for Servers,100,project supplied directly by Lori's Completed SCOs consolidated lists v1.0.xlsx,SCO-PROV-728 Defender Anti-Virus,56,V3,SIGNINGTIME,2025-04-28,2025-04-28,1,1,Apr 28/25 - Signed,"Apr 28/25 - Move to final, sent via AdobeSign",Signing/final workflow began after a return from Province without an explicit new send; Lori should confirm whether a send/final handoff is missing from the source text.,Signing/final workflow began after the last real edit turn.,"Apr 28/25 - Signed
Apr 28/25 - Move to final, sent via AdobeSign
Apr 25/25 - V2 back from Province
Apr 17/25 - V1 sent to Province
Apr 17/25 - With Tyler, with Sian
Apr 17/25 - With Nicole/Cathy for review
Apr 14/25 - SOW approved"
AV Defender for Linux,100,project supplied directly by Lori's Completed SCOs consolidated lists v1.0.xlsx,SCO-PROV-728 Defender Anti-Virus,57,V1,ADSL,2025-04-14,2025-04-17,4,4,Apr 14/25 - SOW approved,Apr 17/25 - V1 sent to Province,,"The lifecycle opened on the ADSL side until the first Province handoff was visible. The send/submission date is counted with the sender, per Sam.","Apr 28/25 - Completed
Apr 28/25 - Move to final, sent via AdobeSign
Apr 25/25 - V2 back from Province
Apr 17/25 - V1 sent to Province
Apr 17/25 - With Tyler, with Sian
Apr 17/25 - With Nicole/Cathy for review
Apr 14/25 - SOW approved"
AV Defender for Linux,100,project supplied directly by Lori's Completed SCOs consolidated lists v1.0.xlsx,SCO-PROV-728 Defender Anti-Virus,57,V2,CSBC,2025-04-18,2025-04-25,8,6,Apr 17/25 - V1 sent to Province,Apr 25/25 - V2 back from Province,,Province held the document after the prior send until the next explicit or inferred hand-back.,"Apr 28/25 - Completed
Apr 28/25 - Move to final, sent via AdobeSign
Apr 25/25 - V2 back from Province
Apr 17/25 - V1 sent to Province
Apr 17/25 - With Tyler, with Sian
Apr 17/25 - With Nicole/Cathy for review
Apr 14/25 - SOW approved"
AV Defender for Linux,100,project supplied directly by Lori's Completed SCOs consolidated lists v1.0.xlsx,SCO-PROV-728 Defender Anti-Virus,57,V3,ADSL,2025-04-26,2025-04-27,2,0,Apr 25/25 - V2 back from Province,Apr 28/25 - Completed,Signing/final workflow began after a return from Province without an explicit new send; Lori should confirm whether a send/final handoff is missing from the source text.,"A return from Province was followed by signing without an explicit new send, so v9 inferred a short ADSL turn before final workflow.","Apr 28/25 - Completed
Apr 28/25 - Move to final, sent via AdobeSign
Apr 25/25 - V2 back from Province
Apr 17/25 - V1 sent to Province
Apr 17/25 - With Tyler, with Sian
Apr 17/25 - With Nicole/Cathy for review
Apr 14/25 - SOW approved"
AV Defender for Linux,100,project supplied directly by Lori's Completed SCOs consolidated lists v1.0.xlsx,SCO-PROV-728 Defender Anti-Virus,57,V3,SIGNINGTIME,2025-04-28,2025-04-28,1,1,Apr 28/25 - Completed,"Apr 28/25 - Move to final, sent via AdobeSign",Signing/final workflow began after a return from Province without an explicit new send; Lori should confirm whether a send/final handoff is missing from the source text.,Signing/final workflow began after the last real edit turn.,"Apr 28/25 - Completed
Apr 28/25 - Move to final, sent via AdobeSign
Apr 25/25 - V2 back from Province
Apr 17/25 - V1 sent to Province
Apr 17/25 - With Tyler, with Sian
Apr 17/25 - With Nicole/Cathy for review
Apr 14/25 - SOW approved"
PAW Implementation Phase 2B,100,project supplied directly by Lori's Completed SCOs consolidated lists v1.0.xlsx,SCO-PROV-729 PAW Phase 2b,58,V1,ADSL,2025-04-14,2025-04-17,4,4,Apr 14/25 - SOW approved,Apr 17/25 - V1 sent to Province,,"The lifecycle opened on the ADSL side until the first Province handoff was visible. The send/submission date is counted with the sender, per Sam.","Apr 24/25 - Completed
Apr 24/25 - Province sent back V2, moved to Final, sent via AdobeSign
Apr 17/25 - V1 sent to Province
Apr 17/25 - With Tyler, with Sian
Apr 17/25 - With Nicole/Cathy for review
Apr 14/25 - SOW approved"
PAW Implementation Phase 2B,100,project supplied directly by Lori's Completed SCOs consolidated lists v1.0.xlsx,SCO-PROV-729 PAW Phase 2b,58,V1,SIGNINGTIME,2025-04-18,2025-04-24,7,5,Apr 17/25 - V1 sent to Province,"Apr 24/25 - Province sent back V2, moved to Final, sent via AdobeSign",,"The next meaningful event after the send was signing/final workflow, so no new CSBC editing turn was created.","Apr 24/25 - Completed
Apr 24/25 - Province sent back V2, moved to Final, sent via AdobeSign
Apr 17/25 - V1 sent to Province
Apr 17/25 - With Tyler, with Sian
Apr 17/25 - With Nicole/Cathy for review
Apr 14/25 - SOW approved"
Enhanced Logging Phase 2,100,project supplied directly by Lori's Completed SCOs consolidated lists v1.0.xlsx,SCO-PROV-730 Enhanced Logging Phase 2,59,V1,ADSL,2025-05-21,2025-05-27,7,5,May 21/25 - with Nicole / Cathy,May 27/25 - V1 sent to Province,,"The lifecycle opened on the ADSL side until the first Province handoff was visible. The send/submission date is counted with the sender, per Sam.","June 10/25 - Adobe Sign
May 27/25 - V1 sent to Province
May 22/25 - with Tyler
May 21/25 - with Nicole / Cathy
Placeholder - need # for SOW approval"
Enhanced Logging Phase 2,100,project supplied directly by Lori's Completed SCOs consolidated lists v1.0.xlsx,SCO-PROV-730 Enhanced Logging Phase 2,59,V1,SIGNINGTIME,2025-05-28,2025-06-10,14,10,May 27/25 - V1 sent to Province,June 10/25 - Adobe Sign,,"The next meaningful event after the send was signing/final workflow, so no new CSBC editing turn was created.","June 10/25 - Adobe Sign
May 27/25 - V1 sent to Province
May 22/25 - with Tyler
May 21/25 - with Nicole / Cathy
Placeholder - need # for SOW approval"
Patch Management Phase 3B,100,project supplied directly by Lori's Completed SCOs consolidated lists v1.0.xlsx,SCO-PROV-733 Amd SCO-662 Patch Mgmt Proj Date,60,V1,ADSL,2025-04-08,2025-04-14,7,5,"Apr 8/25 - Approved PCR to extend date, drafting SCO",Apr 14/25 - V1 sent to Province,,"The lifecycle opened on the ADSL side until the first Province handoff was visible. The send/submission date is counted with the sender, per Sam.","Apr 30/25 - Signed
Apr 30/25 - In AdobeSign for signautres
Apr 29/25 - Approval to move to final
Apr 14/25 - V1 sent to Province
Apr 11/25 - With Sian
Apr 10/25 - With Tyler
Apr 10/25 - With Killian
Apr 8/25 - Approved PCR to extend date, drafting SCO"
Patch Management Phase 3B,100,project supplied directly by Lori's Completed SCOs consolidated lists v1.0.xlsx,SCO-PROV-733 Amd SCO-662 Patch Mgmt Proj Date,60,V1,SIGNINGTIME,2025-04-15,2025-04-30,16,12,Apr 14/25 - V1 sent to Province,Apr 30/25 - Signed,Source text suggests editing or review activity after SIGNINGTIME began; Lori should confirm whether this SCO was reopened or whether the line is still part of final workflow.,"The next meaningful event after the send was signing/final workflow, so no new CSBC editing turn was created.","Apr 30/25 - Signed
Apr 30/25 - In AdobeSign for signautres
Apr 29/25 - Approval to move to final
Apr 14/25 - V1 sent to Province
Apr 11/25 - With Sian
Apr 10/25 - With Tyler
Apr 10/25 - With Killian
Apr 8/25 - Approved PCR to extend date, drafting SCO"
MCCS - Service Expansion,100,project supplied directly by Lori's Completed SCOs consolidated lists v1.0.xlsx,SCO-PROV-735 MCCS Service Expansion,61,V1,ADSL,2025-04-11,2025-05-06,26,18,Apr 11/25 - SOW approved to move to SCO,"May 6/25 - Followed up with Sian, V1 sent to Province",,"The lifecycle opened on the ADSL side until the first Province handoff was visible. The send/submission date is counted with the sender, per Sam.","May 29/25 - Completed
May 26/25 - Send via AS for sigs
May 23/25 - Province agreed to move to final
May 8/25 - V2.1 rec'd; V3 sent to Province
May 6/25 - Followed up with Sian, V1 sent to Province
Apr 29/25 - With Tyler, with Sian
Apr 28/25 - With Killian and Cathy
Apr 11/25 - SOW approved to move to SCO"
MCCS - Service Expansion,100,project supplied directly by Lori's Completed SCOs consolidated lists v1.0.xlsx,SCO-PROV-735 MCCS Service Expansion,61,V2,CSBC,2025-05-07,2025-05-08,2,2,"May 6/25 - Followed up with Sian, V1 sent to Province",May 8/25 - V2.1 rec'd; V3 sent to Province,,Province held the document after the prior send until the next explicit or inferred hand-back.,"May 29/25 - Completed
May 26/25 - Send via AS for sigs
May 23/25 - Province agreed to move to final
May 8/25 - V2.1 rec'd; V3 sent to Province
May 6/25 - Followed up with Sian, V1 sent to Province
Apr 29/25 - With Tyler, with Sian
Apr 28/25 - With Killian and Cathy
Apr 11/25 - SOW approved to move to SCO"
MCCS - Service Expansion,100,project supplied directly by Lori's Completed SCOs consolidated lists v1.0.xlsx,SCO-PROV-735 MCCS Service Expansion,61,V3,ADSL,2025-05-08,2025-05-08,1,1,May 8/25 - V2.1 rec'd; V3 sent to Province,May 8/25 - V2.1 rec'd; V3 sent to Province,,"After the returned/back event, the next ADSL turn ran until the next Province submission. The send/submission date is counted with the sender, per Sam.","May 29/25 - Completed
May 26/25 - Send via AS for sigs
May 23/25 - Province agreed to move to final
May 8/25 - V2.1 rec'd; V3 sent to Province
May 6/25 - Followed up with Sian, V1 sent to Province
Apr 29/25 - With Tyler, with Sian
Apr 28/25 - With Killian and Cathy
Apr 11/25 - SOW approved to move to SCO"
MCCS - Service Expansion,100,project supplied directly by Lori's Completed SCOs consolidated lists v1.0.xlsx,SCO-PROV-735 MCCS Service Expansion,61,V3,SIGNINGTIME,2025-05-09,2025-05-29,21,15,May 8/25 - V2.1 rec'd; V3 sent to Province,May 29/25 - Completed,Source text suggests editing or review activity after SIGNINGTIME began; Lori should confirm whether this SCO was reopened or whether the line is still part of final workflow.,"The next meaningful event after the send was signing/final workflow, so no new CSBC editing turn was created.","May 29/25 - Completed
May 26/25 - Send via AS for sigs
May 23/25 - Province agreed to move to final
May 8/25 - V2.1 rec'd; V3 sent to Province
May 6/25 - Followed up with Sian, V1 sent to Province
Apr 29/25 - With Tyler, with Sian
Apr 28/25 - With Killian and Cathy
Apr 11/25 - SOW approved to move to SCO"
Multi Cloud Connectivity,100,project supplied directly by Lori's Completed SCOs consolidated lists v1.0.xlsx,SCO-PROV-739 Multi-Cloud Connectivity Service,62,V1,ADSL,2025-04-11,2025-05-12,32,22,"Apr 11/25 - Lori M drafted SCO from approved Service Design, Jen to continue",May 12/25 - V1 sent to Province,,"The lifecycle opened on the ADSL side until the first Province handoff was visible. The send/submission date is counted with the sender, per Sam.","July 31/25 - Adobe Sign
July 18/25 - V5 sent to Province
July 9/25 - V4 rec'd; with Killian / Sam
June 13/25 - V3 sent to Province
June 6/25 - Province asked for this to be expedited
May 28/25 - with Sam
May 23/25 - Killians sent responses
May 22/25 - with Killian / Sam
May 21/25 - V2.1 rec'd
May 12/25 - V1 sent to Province
May 9/25 - with Joyce
May 6/25 - with Rian
Apr 30/25 - Back from Killian with comments - to review
Apr 28/25 - With Killian
Apr 11/25 - Lori M drafted SCO from approved Service Design, Jen to continue"
Multi Cloud Connectivity,100,project supplied directly by Lori's Completed SCOs consolidated lists v1.0.xlsx,SCO-PROV-739 Multi-Cloud Connectivity Service,62,V2,CSBC,2025-05-13,2025-05-21,9,7,May 12/25 - V1 sent to Province,May 21/25 - V2.1 rec'd,,Province held the document after the prior send until the next explicit or inferred hand-back.,"July 31/25 - Adobe Sign
July 18/25 - V5 sent to Province
July 9/25 - V4 rec'd; with Killian / Sam
June 13/25 - V3 sent to Province
June 6/25 - Province asked for this to be expedited
May 28/25 - with Sam
May 23/25 - Killians sent responses
May 22/25 - with Killian / Sam
May 21/25 - V2.1 rec'd
May 12/25 - V1 sent to Province
May 9/25 - with Joyce
May 6/25 - with Rian
Apr 30/25 - Back from Killian with comments - to review
Apr 28/25 - With Killian
Apr 11/25 - Lori M drafted SCO from approved Service Design, Jen to continue"
Multi Cloud Connectivity,100,project supplied directly by Lori's Completed SCOs consolidated lists v1.0.xlsx,SCO-PROV-739 Multi-Cloud Connectivity Service,62,V3,ADSL,2025-05-22,2025-06-13,23,17,May 22/25 - with Killian / Sam,June 13/25 - V3 sent to Province,,"The file was back from Province and ADSL/internal work resumed before the next send. The send/submission date is counted with the sender, per Sam.","July 31/25 - Adobe Sign
July 18/25 - V5 sent to Province
July 9/25 - V4 rec'd; with Killian / Sam
June 13/25 - V3 sent to Province
June 6/25 - Province asked for this to be expedited
May 28/25 - with Sam
May 23/25 - Killians sent responses
May 22/25 - with Killian / Sam
May 21/25 - V2.1 rec'd
May 12/25 - V1 sent to Province
May 9/25 - with Joyce
May 6/25 - with Rian
Apr 30/25 - Back from Killian with comments - to review
Apr 28/25 - With Killian
Apr 11/25 - Lori M drafted SCO from approved Service Design, Jen to continue"
Multi Cloud Connectivity,100,project supplied directly by Lori's Completed SCOs consolidated lists v1.0.xlsx,SCO-PROV-739 Multi-Cloud Connectivity Service,62,V4,CSBC,2025-06-14,2025-07-09,26,18,June 13/25 - V3 sent to Province,July 9/25 - V4 rec'd; with Killian / Sam,,Province held the document after the prior send until the next explicit or inferred hand-back.,"July 31/25 - Adobe Sign
July 18/25 - V5 sent to Province
July 9/25 - V4 rec'd; with Killian / Sam
June 13/25 - V3 sent to Province
June 6/25 - Province asked for this to be expedited
May 28/25 - with Sam
May 23/25 - Killians sent responses
May 22/25 - with Killian / Sam
May 21/25 - V2.1 rec'd
May 12/25 - V1 sent to Province
May 9/25 - with Joyce
May 6/25 - with Rian
Apr 30/25 - Back from Killian with comments - to review
Apr 28/25 - With Killian
Apr 11/25 - Lori M drafted SCO from approved Service Design, Jen to continue"
Multi Cloud Connectivity,100,project supplied directly by Lori's Completed SCOs consolidated lists v1.0.xlsx,SCO-PROV-739 Multi-Cloud Connectivity Service,62,V5,ADSL,2025-07-10,2025-07-18,9,7,July 9/25 - V4 rec'd; with Killian / Sam,July 18/25 - V5 sent to Province,,"After the returned/back event, the next ADSL turn ran until the next Province submission. The send/submission date is counted with the sender, per Sam.","July 31/25 - Adobe Sign
July 18/25 - V5 sent to Province
July 9/25 - V4 rec'd; with Killian / Sam
June 13/25 - V3 sent to Province
June 6/25 - Province asked for this to be expedited
May 28/25 - with Sam
May 23/25 - Killians sent responses
May 22/25 - with Killian / Sam
May 21/25 - V2.1 rec'd
May 12/25 - V1 sent to Province
May 9/25 - with Joyce
May 6/25 - with Rian
Apr 30/25 - Back from Killian with comments - to review
Apr 28/25 - With Killian
Apr 11/25 - Lori M drafted SCO from approved Service Design, Jen to continue"
Multi Cloud Connectivity,100,project supplied directly by Lori's Completed SCOs consolidated lists v1.0.xlsx,SCO-PROV-739 Multi-Cloud Connectivity Service,62,V5,SIGNINGTIME,2025-07-19,2025-07-31,13,9,July 18/25 - V5 sent to Province,July 31/25 - Adobe Sign,,"The next meaningful event after the send was signing/final workflow, so no new CSBC editing turn was created.","July 31/25 - Adobe Sign
July 18/25 - V5 sent to Province
July 9/25 - V4 rec'd; with Killian / Sam
June 13/25 - V3 sent to Province
June 6/25 - Province asked for this to be expedited
May 28/25 - with Sam
May 23/25 - Killians sent responses
May 22/25 - with Killian / Sam
May 21/25 - V2.1 rec'd
May 12/25 - V1 sent to Province
May 9/25 - with Joyce
May 6/25 - with Rian
Apr 30/25 - Back from Killian with comments - to review
Apr 28/25 - With Killian
Apr 11/25 - Lori M drafted SCO from approved Service Design, Jen to continue"
iStore to MySC,100,project supplied directly by Lori's Completed SCOs consolidated lists v1.0.xlsx,SCO-PROV-743 iStore Replacement,63,V1,ADSL,2025-05-21,2025-05-22,2,2,May 21/25 - with Sian,May 22/25 - V1 sent to Province,,"The lifecycle opened on the ADSL side until the first Province handoff was visible. The send/submission date is counted with the sender, per Sam.","July 15/25 - Signed
July 10/25 - Sent via Adobe Sign
July 9/25 - Province agreed to move to final
July 7/25 - V5 sent to Province
June 27/25 - V4 rec'd; with Rian
June 4/25 - V3 sent to Province
May 29/25 - V2.1 rec'd; with Rian
May 22/25 - V1 sent to Province
May 21/25 - with Sian"
iStore to MySC,100,project supplied directly by Lori's Completed SCOs consolidated lists v1.0.xlsx,SCO-PROV-743 iStore Replacement,63,V2,CSBC,2025-05-23,2025-05-29,7,5,May 22/25 - V1 sent to Province,May 29/25 - V2.1 rec'd; with Rian,,Province held the document after the prior send until the next explicit or inferred hand-back.,"July 15/25 - Signed
July 10/25 - Sent via Adobe Sign
July 9/25 - Province agreed to move to final
July 7/25 - V5 sent to Province
June 27/25 - V4 rec'd; with Rian
June 4/25 - V3 sent to Province
May 29/25 - V2.1 rec'd; with Rian
May 22/25 - V1 sent to Province
May 21/25 - with Sian"
iStore to MySC,100,project supplied directly by Lori's Completed SCOs consolidated lists v1.0.xlsx,SCO-PROV-743 iStore Replacement,63,V3,ADSL,2025-05-30,2025-06-04,6,4,May 29/25 - V2.1 rec'd; with Rian,June 4/25 - V3 sent to Province,,"After the returned/back event, the next ADSL turn ran until the next Province submission. The send/submission date is counted with the sender, per Sam.","July 15/25 - Signed
July 10/25 - Sent via Adobe Sign
July 9/25 - Province agreed to move to final
July 7/25 - V5 sent to Province
June 27/25 - V4 rec'd; with Rian
June 4/25 - V3 sent to Province
May 29/25 - V2.1 rec'd; with Rian
May 22/25 - V1 sent to Province
May 21/25 - with Sian"
iStore to MySC,100,project supplied directly by Lori's Completed SCOs consolidated lists v1.0.xlsx,SCO-PROV-743 iStore Replacement,63,V4,CSBC,2025-06-05,2025-06-27,23,17,June 4/25 - V3 sent to Province,June 27/25 - V4 rec'd; with Rian,,Province held the document after the prior send until the next explicit or inferred hand-back.,"July 15/25 - Signed
July 10/25 - Sent via Adobe Sign
July 9/25 - Province agreed to move to final
July 7/25 - V5 sent to Province
June 27/25 - V4 rec'd; with Rian
June 4/25 - V3 sent to Province
May 29/25 - V2.1 rec'd; with Rian
May 22/25 - V1 sent to Province
May 21/25 - with Sian"
iStore to MySC,100,project supplied directly by Lori's Completed SCOs consolidated lists v1.0.xlsx,SCO-PROV-743 iStore Replacement,63,V5,ADSL,2025-06-28,2025-07-07,10,6,June 27/25 - V4 rec'd; with Rian,July 7/25 - V5 sent to Province,,"After the returned/back event, the next ADSL turn ran until the next Province submission. The send/submission date is counted with the sender, per Sam.","July 15/25 - Signed
July 10/25 - Sent via Adobe Sign
July 9/25 - Province agreed to move to final
July 7/25 - V5 sent to Province
June 27/25 - V4 rec'd; with Rian
June 4/25 - V3 sent to Province
May 29/25 - V2.1 rec'd; with Rian
May 22/25 - V1 sent to Province
May 21/25 - with Sian"
iStore to MySC,100,project supplied directly by Lori's Completed SCOs consolidated lists v1.0.xlsx,SCO-PROV-743 iStore Replacement,63,V5,SIGNINGTIME,2025-07-08,2025-07-15,8,6,July 7/25 - V5 sent to Province,July 15/25 - Signed,,"The next meaningful event after the send was signing/final workflow, so no new CSBC editing turn was created.","July 15/25 - Signed
July 10/25 - Sent via Adobe Sign
July 9/25 - Province agreed to move to final
July 7/25 - V5 sent to Province
June 27/25 - V4 rec'd; with Rian
June 4/25 - V3 sent to Province
May 29/25 - V2.1 rec'd; with Rian
May 22/25 - V1 sent to Province
May 21/25 - with Sian"
Zscaler Initiative 3,100,project supplied directly by Lori's Completed SCOs consolidated lists v1.0.xlsx,SCO-PROV-745 Amd SCO-657 zScaler Imp Supp,64,V1,ADSL,2025-05-26,2025-05-28,3,3,May 26/25 - Erwin asked for an amendment to Proj end date,"May 28/25 - With Tyler, with Sian, V1 sent to Province",,"The lifecycle opened on the ADSL side until the first Province handoff was visible. The send/submission date is counted with the sender, per Sam.","June 10/25 - Signed
May 28/25 - With Tyler, with Sian, V1 sent to Province
May 27/25 - With Lori M. for review
May 26/25 - Erwin asked for an amendment to Proj end date"
Zscaler Initiative 3,100,project supplied directly by Lori's Completed SCOs consolidated lists v1.0.xlsx,SCO-PROV-745 Amd SCO-657 zScaler Imp Supp,64,V1,SIGNINGTIME,2025-05-29,2025-06-10,13,9,"May 28/25 - With Tyler, with Sian, V1 sent to Province",June 10/25 - Signed,,"The next meaningful event after the send was signing/final workflow, so no new CSBC editing turn was created.","June 10/25 - Signed
May 28/25 - With Tyler, with Sian, V1 sent to Province
May 27/25 - With Lori M. for review
May 26/25 - Erwin asked for an amendment to Proj end date"
CMDB Optimization (Discovery),100,project supplied directly by Lori's Completed SCOs consolidated lists v1.0.xlsx,SCO-PROV-747 CMDB Optimization,65,V1,ADSL,2025-07-14,2025-07-15,2,2,July 14/25 - with Rian / Cathy,July 15/25 - V1 sent to Province,,"The lifecycle opened on the ADSL side until the first Province handoff was visible. The send/submission date is counted with the sender, per Sam.","Oct 3/25 - Signed
Sept 24/25 - Michelle C confirmed 4 servers needed instead of 5; Province still reviewing
Sept 19/25 - Erwin, Rian and Michelle reviewed/OK'd updated SCO: V3 and 3.1 sent to Province 
Sept 16/25 - updated SCO; with Rian/Michelle
Aug 18/25 - V2.1 rec'd; with Rian and Michelle C
July 15/25 - V1 sent to Province
July 14/25 - with Rian / Cathy
Reserved for early start"
CMDB Optimization (Discovery),100,project supplied directly by Lori's Completed SCOs consolidated lists v1.0.xlsx,SCO-PROV-747 CMDB Optimization,65,V2,CSBC,2025-07-16,2025-08-18,34,24,July 15/25 - V1 sent to Province,Aug 18/25 - V2.1 rec'd; with Rian and Michelle C,,Province held the document after the prior send until the next explicit or inferred hand-back.,"Oct 3/25 - Signed
Sept 24/25 - Michelle C confirmed 4 servers needed instead of 5; Province still reviewing
Sept 19/25 - Erwin, Rian and Michelle reviewed/OK'd updated SCO: V3 and 3.1 sent to Province 
Sept 16/25 - updated SCO; with Rian/Michelle
Aug 18/25 - V2.1 rec'd; with Rian and Michelle C
July 15/25 - V1 sent to Province
July 14/25 - with Rian / Cathy
Reserved for early start"
CMDB Optimization (Discovery),100,project supplied directly by Lori's Completed SCOs consolidated lists v1.0.xlsx,SCO-PROV-747 CMDB Optimization,65,V3,ADSL,2025-09-16,2025-09-19,4,4,Sept 16/25 - updated SCO; with Rian/Michelle,"Sept 19/25 - Erwin, Rian and Michelle reviewed/OK'd updated SCO: V3 and 3.1 sent to Province",,"The file was back from Province and ADSL/internal work resumed before the next send. The send/submission date is counted with the sender, per Sam.","Oct 3/25 - Signed
Sept 24/25 - Michelle C confirmed 4 servers needed instead of 5; Province still reviewing
Sept 19/25 - Erwin, Rian and Michelle reviewed/OK'd updated SCO: V3 and 3.1 sent to Province 
Sept 16/25 - updated SCO; with Rian/Michelle
Aug 18/25 - V2.1 rec'd; with Rian and Michelle C
July 15/25 - V1 sent to Province
July 14/25 - with Rian / Cathy
Reserved for early start"
CMDB Optimization (Discovery),100,project supplied directly by Lori's Completed SCOs consolidated lists v1.0.xlsx,SCO-PROV-747 CMDB Optimization,65,V4,CSBC,2025-09-20,2025-09-23,4,2,"Sept 19/25 - Erwin, Rian and Michelle reviewed/OK'd updated SCO: V3 and 3.1 sent to Province",Sept 24/25 - Michelle C confirmed 4 servers needed instead of 5; Province still reviewing,ADSL/internal work resumed after a Province send without an explicit returned/back/received line; v9 inferred a CSBC interval followed by the next ADSL turn.,Province held the document after the prior send until the next explicit or inferred hand-back.,"Oct 3/25 - Signed
Sept 24/25 - Michelle C confirmed 4 servers needed instead of 5; Province still reviewing
Sept 19/25 - Erwin, Rian and Michelle reviewed/OK'd updated SCO: V3 and 3.1 sent to Province 
Sept 16/25 - updated SCO; with Rian/Michelle
Aug 18/25 - V2.1 rec'd; with Rian and Michelle C
July 15/25 - V1 sent to Province
July 14/25 - with Rian / Cathy
Reserved for early start"
CMDB Optimization (Discovery),100,project supplied directly by Lori's Completed SCOs consolidated lists v1.0.xlsx,SCO-PROV-747 CMDB Optimization,65,V5,ADSL,2025-09-24,2025-10-02,9,7,Sept 24/25 - Michelle C confirmed 4 servers needed instead of 5; Province still reviewing,Oct 3/25 - Signed,ADSL/internal work resumed after a Province send without an explicit returned/back/received line; v9 inferred a CSBC interval followed by the next ADSL turn.,"ADSL/internal work resumed, so a new ADSL editing turn was inferred before the next send/signing event.","Oct 3/25 - Signed
Sept 24/25 - Michelle C confirmed 4 servers needed instead of 5; Province still reviewing
Sept 19/25 - Erwin, Rian and Michelle reviewed/OK'd updated SCO: V3 and 3.1 sent to Province 
Sept 16/25 - updated SCO; with Rian/Michelle
Aug 18/25 - V2.1 rec'd; with Rian and Michelle C
July 15/25 - V1 sent to Province
July 14/25 - with Rian / Cathy
Reserved for early start"
CMDB Optimization (Discovery),100,project supplied directly by Lori's Completed SCOs consolidated lists v1.0.xlsx,SCO-PROV-747 CMDB Optimization,65,V5,SIGNINGTIME,2025-10-03,2025-10-03,1,1,Oct 3/25 - Signed,Oct 3/25 - Signed,,"Once signing/final workflow began, later final lines were kept within one SIGNINGTIME sequence.","Oct 3/25 - Signed
Sept 24/25 - Michelle C confirmed 4 servers needed instead of 5; Province still reviewing
Sept 19/25 - Erwin, Rian and Michelle reviewed/OK'd updated SCO: V3 and 3.1 sent to Province 
Sept 16/25 - updated SCO; with Rian/Michelle
Aug 18/25 - V2.1 rec'd; with Rian and Michelle C
July 15/25 - V1 sent to Province
July 14/25 - with Rian / Cathy
Reserved for early start"
MFA for VDI,100,project supplied directly by Lori's Completed SCOs consolidated lists v1.0.xlsx,SCO-PROV-748 MFA for VDI,66,V1,ADSL,2025-06-16,2025-06-24,9,7,"June 16/25 - with Erwin, Cathy, Joyce",June 24/25 - V1 sent to Province,,"The lifecycle opened on the ADSL side until the first Province handoff was visible. The send/submission date is counted with the sender, per Sam.","Oct 2/25 - Adobe Sign
Sept 25/25 - V3 sent to Province
Sept 24/25 - V2 rec'd; with Nicole / Erwin
Aug 21/25 - SOW approved; V1.1 sent to Province
July 22/25 - waiting for Emma's approval of revised SOW
June 24/25 - V1 sent to Province
June 19/25 - with Sian
June 17/25 - with Tyler
June 16/25 - with Erwin, Cathy, Joyce"
MFA for VDI,100,project supplied directly by Lori's Completed SCOs consolidated lists v1.0.xlsx,SCO-PROV-748 MFA for VDI,66,V2,CSBC,2025-06-25,2025-07-21,27,19,June 24/25 - V1 sent to Province,July 22/25 - waiting for Emma's approval of revised SOW,ADSL/internal work resumed after a Province send without an explicit returned/back/received line; v9 inferred a CSBC interval followed by the next ADSL turn.,Province held the document after the prior send until the next explicit or inferred hand-back.,"Oct 2/25 - Adobe Sign
Sept 25/25 - V3 sent to Province
Sept 24/25 - V2 rec'd; with Nicole / Erwin
Aug 21/25 - SOW approved; V1.1 sent to Province
July 22/25 - waiting for Emma's approval of revised SOW
June 24/25 - V1 sent to Province
June 19/25 - with Sian
June 17/25 - with Tyler
June 16/25 - with Erwin, Cathy, Joyce"
MFA for VDI,100,project supplied directly by Lori's Completed SCOs consolidated lists v1.0.xlsx,SCO-PROV-748 MFA for VDI,66,V3,ADSL,2025-07-22,2025-08-21,31,23,July 22/25 - waiting for Emma's approval of revised SOW,Aug 21/25 - SOW approved; V1.1 sent to Province,ADSL/internal work resumed after a Province send without an explicit returned/back/received line; v9 inferred a CSBC interval followed by the next ADSL turn.,"ADSL/internal work resumed, so a new ADSL editing turn was inferred before the next send/signing event. The send/submission date is counted with the sender, per Sam.","Oct 2/25 - Adobe Sign
Sept 25/25 - V3 sent to Province
Sept 24/25 - V2 rec'd; with Nicole / Erwin
Aug 21/25 - SOW approved; V1.1 sent to Province
July 22/25 - waiting for Emma's approval of revised SOW
June 24/25 - V1 sent to Province
June 19/25 - with Sian
June 17/25 - with Tyler
June 16/25 - with Erwin, Cathy, Joyce"
MFA for VDI,100,project supplied directly by Lori's Completed SCOs consolidated lists v1.0.xlsx,SCO-PROV-748 MFA for VDI,66,V4,CSBC,2025-08-22,2025-09-24,34,24,Aug 21/25 - SOW approved; V1.1 sent to Province,Sept 24/25 - V2 rec'd; with Nicole / Erwin,Explicit returned version 2 did not match the normalized ownership turn V4; v9 kept normalized turn labels and Lori should confirm the exact version breadcrumb.,Province held the document after the prior send until the next explicit or inferred hand-back.,"Oct 2/25 - Adobe Sign
Sept 25/25 - V3 sent to Province
Sept 24/25 - V2 rec'd; with Nicole / Erwin
Aug 21/25 - SOW approved; V1.1 sent to Province
July 22/25 - waiting for Emma's approval of revised SOW
June 24/25 - V1 sent to Province
June 19/25 - with Sian
June 17/25 - with Tyler
June 16/25 - with Erwin, Cathy, Joyce"
MFA for VDI,100,project supplied directly by Lori's Completed SCOs consolidated lists v1.0.xlsx,SCO-PROV-748 MFA for VDI,66,V5,ADSL,2025-09-25,2025-09-25,1,1,Sept 24/25 - V2 rec'd; with Nicole / Erwin,Sept 25/25 - V3 sent to Province,,"After the returned/back event, the next ADSL turn ran until the next Province submission. The send/submission date is counted with the sender, per Sam.","Oct 2/25 - Adobe Sign
Sept 25/25 - V3 sent to Province
Sept 24/25 - V2 rec'd; with Nicole / Erwin
Aug 21/25 - SOW approved; V1.1 sent to Province
July 22/25 - waiting for Emma's approval of revised SOW
June 24/25 - V1 sent to Province
June 19/25 - with Sian
June 17/25 - with Tyler
June 16/25 - with Erwin, Cathy, Joyce"
MFA for VDI,100,project supplied directly by Lori's Completed SCOs consolidated lists v1.0.xlsx,SCO-PROV-748 MFA for VDI,66,V5,SIGNINGTIME,2025-09-26,2025-10-02,7,5,Sept 25/25 - V3 sent to Province,Oct 2/25 - Adobe Sign,,"The next meaningful event after the send was signing/final workflow, so no new CSBC editing turn was created.","Oct 2/25 - Adobe Sign
Sept 25/25 - V3 sent to Province
Sept 24/25 - V2 rec'd; with Nicole / Erwin
Aug 21/25 - SOW approved; V1.1 sent to Province
July 22/25 - waiting for Emma's approval of revised SOW
June 24/25 - V1 sent to Province
June 19/25 - with Sian
June 17/25 - with Tyler
June 16/25 - with Erwin, Cathy, Joyce"
MFA for BC SAG,100,project supplied directly by Lori's Completed SCOs consolidated lists v1.0.xlsx,SCO-PROV-752 Amd SCO-443 MFA for BC SAG,67,V1,ADSL,2025-07-04,2025-07-07,4,2,"July 4/25 - Dan Deane confirmed servers; SCO updated, with Tyler",July 7/25 - V1 sent to Province,,"The lifecycle opened on the ADSL side until the first Province handoff was visible. The send/submission date is counted with the sender, per Sam.","Sept 22/25 - Cancelled
Sept 16/25 - Carol confirmed it can be cancelled.
July 28/25 - V2.1 rec'd; with Cathy
July 7/25 - V1 sent to Province
July 4/25 - Dan Deane confirmed servers; SCO updated, with Tyler
With Alex Thompson to confirm servers"
MFA for BC SAG,100,project supplied directly by Lori's Completed SCOs consolidated lists v1.0.xlsx,SCO-PROV-752 Amd SCO-443 MFA for BC SAG,67,V2,CSBC,2025-07-08,2025-07-28,21,15,July 7/25 - V1 sent to Province,July 28/25 - V2.1 rec'd; with Cathy,,Province held the document after the prior send until the next explicit or inferred hand-back.,"Sept 22/25 - Cancelled
Sept 16/25 - Carol confirmed it can be cancelled.
July 28/25 - V2.1 rec'd; with Cathy
July 7/25 - V1 sent to Province
July 4/25 - Dan Deane confirmed servers; SCO updated, with Tyler
With Alex Thompson to confirm servers"
MFA for BC SAG,100,project supplied directly by Lori's Completed SCOs consolidated lists v1.0.xlsx,SCO-PROV-752 Amd SCO-443 MFA for BC SAG,67,V3,ADSL,2025-07-29,2025-09-22,56,40,July 28/25 - V2.1 rec'd; with Cathy,Sept 22/25 - Cancelled,The source row ended after a returned/back event without a later send or sign line; Lori should confirm how the timeline closed.,"The source row ended after a returned/back event, so v9 inferred a final ADSL review interval for Lori to confirm.","Sept 22/25 - Cancelled
Sept 16/25 - Carol confirmed it can be cancelled.
July 28/25 - V2.1 rec'd; with Cathy
July 7/25 - V1 sent to Province
July 4/25 - Dan Deane confirmed servers; SCO updated, with Tyler
With Alex Thompson to confirm servers"
iStore to MySC,100,project supplied directly by Lori's Completed SCOs consolidated lists v1.0.xlsx,SCO-PROV-756 Amd SCO-743 iStore Replacement,68,V1,ADSL,2025-07-18,2025-08-01,15,11,July 18/25 - with Michelle / Cathy,Aug 1/25 - V1 sent to Province,,"The lifecycle opened on the ADSL side until the first Province handoff was visible. The send/submission date is counted with the sender, per Sam.","Oct 31/25 - Signed
Aug 6/25 - V1.1 sent to Province
Aug 1/25 - V1 sent to Province
July 18/25 - with Michelle / Cathy"
iStore to MySC,100,project supplied directly by Lori's Completed SCOs consolidated lists v1.0.xlsx,SCO-PROV-756 Amd SCO-743 iStore Replacement,68,V2,CSBC,2025-08-02,2025-08-05,4,2,Aug 1/25 - V1 sent to Province,Aug 6/25 - V1.1 sent to Province,A new Province submission appeared without an explicit return line; v9 inferred the prior CSBC interval and then started the next ADSL turn on the new send date.,Province held the document after the prior send until the next explicit or inferred hand-back.,"Oct 31/25 - Signed
Aug 6/25 - V1.1 sent to Province
Aug 1/25 - V1 sent to Province
July 18/25 - with Michelle / Cathy"
iStore to MySC,100,project supplied directly by Lori's Completed SCOs consolidated lists v1.0.xlsx,SCO-PROV-756 Amd SCO-743 iStore Replacement,68,V3,ADSL,2025-08-06,2025-08-06,1,1,Aug 6/25 - V1.1 sent to Province,Aug 6/25 - V1.1 sent to Province,A new Province submission appeared without an explicit return line; Lori should confirm the missing hand-back sequence.,"A new ADSL turn was inferred because a later Province submission occurred without an explicit return event in the source text. The send/submission date is counted with the sender, per Sam.","Oct 31/25 - Signed
Aug 6/25 - V1.1 sent to Province
Aug 1/25 - V1 sent to Province
July 18/25 - with Michelle / Cathy"
iStore to MySC,100,project supplied directly by Lori's Completed SCOs consolidated lists v1.0.xlsx,SCO-PROV-756 Amd SCO-743 iStore Replacement,68,V3,SIGNINGTIME,2025-08-07,2025-10-31,86,62,Aug 6/25 - V1.1 sent to Province,Oct 31/25 - Signed,,"The next meaningful event after the send was signing/final workflow, so no new CSBC editing turn was created.","Oct 31/25 - Signed
Aug 6/25 - V1.1 sent to Province
Aug 1/25 - V1 sent to Province
July 18/25 - with Michelle / Cathy"
3PG Refresh,100,project supplied directly by Lori's Completed SCOs consolidated lists v1.0.xlsx,SCO-PROV-757 Amd SCO-712 3PG Refresh,69,V1,ADSL,2025-08-05,2025-08-06,2,2,Aug 5/25 - with Cathy,Aug 6/25 - V1 sent to Province,,"The lifecycle opened on the ADSL side until the first Province handoff was visible. The send/submission date is counted with the sender, per Sam.","Aug 20/25 - Signed
Aug 6/25 - V1 sent to Province
Aug 5/25 - with Cathy"
3PG Refresh,100,project supplied directly by Lori's Completed SCOs consolidated lists v1.0.xlsx,SCO-PROV-757 Amd SCO-712 3PG Refresh,69,V1,SIGNINGTIME,2025-08-07,2025-08-20,14,10,Aug 6/25 - V1 sent to Province,Aug 20/25 - Signed,,"The next meaningful event after the send was signing/final workflow, so no new CSBC editing turn was created.","Aug 20/25 - Signed
Aug 6/25 - V1 sent to Province
Aug 5/25 - with Cathy"
3PG Refresh,100,project supplied directly by Lori's Completed SCOs consolidated lists v1.0.xlsx,SCO-PROV-757 Amd SCO-712 3PG Refresh,70,V1,ADSL,2025-08-05,2025-08-06,2,2,Aug 5/25 - with Cathy,Aug 6/25 - V1 sent to Province,,"The lifecycle opened on the ADSL side until the first Province handoff was visible. The send/submission date is counted with the sender, per Sam.","Aug 18/25 - Adobe Sign
Aug 6/25 - V1 sent to Province
Aug 5/25 - with Cathy"
3PG Refresh,100,project supplied directly by Lori's Completed SCOs consolidated lists v1.0.xlsx,SCO-PROV-757 Amd SCO-712 3PG Refresh,70,V1,SIGNINGTIME,2025-08-07,2025-08-18,12,8,Aug 6/25 - V1 sent to Province,Aug 18/25 - Adobe Sign,,"The next meaningful event after the send was signing/final workflow, so no new CSBC editing turn was created.","Aug 18/25 - Adobe Sign
Aug 6/25 - V1 sent to Province
Aug 5/25 - with Cathy"
MCCS - Service Expansion,100,project supplied directly by Lori's Completed SCOs consolidated lists v1.0.xlsx,SCO-PROV-760 Amd SCO-739 MCCS,71,V1,ADSL,2025-09-03,2025-09-03,1,1,Sept 3/25 - V1 sent to Province,Sept 3/25 - V1 sent to Province,,"The lifecycle opened on the ADSL side until the first Province handoff was visible. The send/submission date is counted with the sender, per Sam.","Sept 10/25 - Adobe Sign
Sept 3/25 - V1 sent to Province"
MCCS - Service Expansion,100,project supplied directly by Lori's Completed SCOs consolidated lists v1.0.xlsx,SCO-PROV-760 Amd SCO-739 MCCS,71,V1,SIGNINGTIME,2025-09-04,2025-09-10,7,5,Sept 3/25 - V1 sent to Province,Sept 10/25 - Adobe Sign,,"The next meaningful event after the send was signing/final workflow, so no new CSBC editing turn was created.","Sept 10/25 - Adobe Sign
Sept 3/25 - V1 sent to Province"
OpenShift GPU Enablement,100,project supplied directly by Lori's Completed SCOs consolidated lists v1.0.xlsx,SCO-PROV-765 GPU Enablement on Openshift Pilot,72,V1,ADSL,2025-11-03,2025-11-24,22,16,Nov 3/25 - hold for further changes to SOW,Nov 24/25 - V1 sent to Province,,"The lifecycle opened on the ADSL side until the first Province handoff was visible. The send/submission date is counted with the sender, per Sam.","Dec 10/25 - Adobe Sign
Dec 9/25 - V2 rec'd; V3 sent to Province
Nov 24/25 - V1 sent to Province
Nov 13/25 - with Rian / Cathy
Nov 4/25 - early start approved by Emma 
Nov 3/25 - hold for further changes to SOW"
OpenShift GPU Enablement,100,project supplied directly by Lori's Completed SCOs consolidated lists v1.0.xlsx,SCO-PROV-765 GPU Enablement on Openshift Pilot,72,V2,CSBC,2025-11-25,2025-12-09,15,11,Nov 24/25 - V1 sent to Province,Dec 9/25 - V2 rec'd; V3 sent to Province,,Province held the document after the prior send until the next explicit or inferred hand-back.,"Dec 10/25 - Adobe Sign
Dec 9/25 - V2 rec'd; V3 sent to Province
Nov 24/25 - V1 sent to Province
Nov 13/25 - with Rian / Cathy
Nov 4/25 - early start approved by Emma 
Nov 3/25 - hold for further changes to SOW"
OpenShift GPU Enablement,100,project supplied directly by Lori's Completed SCOs consolidated lists v1.0.xlsx,SCO-PROV-765 GPU Enablement on Openshift Pilot,72,V3,ADSL,2025-12-09,2025-12-09,1,1,Dec 9/25 - V2 rec'd; V3 sent to Province,Dec 9/25 - V2 rec'd; V3 sent to Province,,"After the returned/back event, the next ADSL turn ran until the next Province submission. The send/submission date is counted with the sender, per Sam.","Dec 10/25 - Adobe Sign
Dec 9/25 - V2 rec'd; V3 sent to Province
Nov 24/25 - V1 sent to Province
Nov 13/25 - with Rian / Cathy
Nov 4/25 - early start approved by Emma 
Nov 3/25 - hold for further changes to SOW"
OpenShift GPU Enablement,100,project supplied directly by Lori's Completed SCOs consolidated lists v1.0.xlsx,SCO-PROV-765 GPU Enablement on Openshift Pilot,72,V3,SIGNINGTIME,2025-12-10,2025-12-10,1,1,Dec 9/25 - V2 rec'd; V3 sent to Province,Dec 10/25 - Adobe Sign,,"The next meaningful event after the send was signing/final workflow, so no new CSBC editing turn was created.","Dec 10/25 - Adobe Sign
Dec 9/25 - V2 rec'd; V3 sent to Province
Nov 24/25 - V1 sent to Province
Nov 13/25 - with Rian / Cathy
Nov 4/25 - early start approved by Emma 
Nov 3/25 - hold for further changes to SOW"
3PG Refresh,100,project supplied directly by Lori's Completed SCOs consolidated lists v1.0.xlsx,SCO-PROV-768 Amd SCO-712 3PG Refresh,73,V1,ADSL,2025-11-24,2025-11-25,2,2,Nov 24/25 - with Erwin / Cathy,Nov 25/25 - V1 sent to Province,,"The lifecycle opened on the ADSL side until the first Province handoff was visible. The send/submission date is counted with the sender, per Sam.","Dec 11/25 - Signed
Nov 25/25 - V1 sent to Province
Nov 24/25 - with Erwin / Cathy"
3PG Refresh,100,project supplied directly by Lori's Completed SCOs consolidated lists v1.0.xlsx,SCO-PROV-768 Amd SCO-712 3PG Refresh,73,V1,SIGNINGTIME,2025-11-26,2025-12-11,16,12,Nov 25/25 - V1 sent to Province,Dec 11/25 - Signed,,"The next meaningful event after the send was signing/final workflow, so no new CSBC editing turn was created.","Dec 11/25 - Signed
Nov 25/25 - V1 sent to Province
Nov 24/25 - with Erwin / Cathy"
3PG Refresh,100,project supplied directly by Lori's Completed SCOs consolidated lists v1.0.xlsx,SCO-PROV-768 Amd SCO-712 3PG Refresh,74,V1,ADSL,2025-11-24,2025-11-25,2,2,Nov 24/25 - with Erwin / Cathy,Nov 25/25 - V1 sent to Province,,"The lifecycle opened on the ADSL side until the first Province handoff was visible. The send/submission date is counted with the sender, per Sam.","Dec 9/25 - Adobe Sign
Nov 25/25 - V1 sent to Province
Nov 24/25 - with Erwin / Cathy"
3PG Refresh,100,project supplied directly by Lori's Completed SCOs consolidated lists v1.0.xlsx,SCO-PROV-768 Amd SCO-712 3PG Refresh,74,V1,SIGNINGTIME,2025-11-26,2025-12-09,14,10,Nov 25/25 - V1 sent to Province,Dec 9/25 - Adobe Sign,,"The next meaningful event after the send was signing/final workflow, so no new CSBC editing turn was created.","Dec 9/25 - Adobe Sign
Nov 25/25 - V1 sent to Province
Nov 24/25 - with Erwin / Cathy"
iStore to MySC,100,project supplied directly by Lori's Completed SCOs consolidated lists v1.0.xlsx,SCO-PROV-771 Amd SCO-743 iStore Replacement,75,V1,ADSL,2025-12-17,2025-12-18,2,2,Dec 17/25 - with Sian,Dec 18/25 - V1 sent to Province,,"The lifecycle opened on the ADSL side until the first Province handoff was visible. The send/submission date is counted with the sender, per Sam.","Jan 16/26 - Signed
Jan 13/26 - V2 rec'd; Adobe Sign
Dec 18/25 - V1 sent to Province
Dec 17/25 - with Sian"
iStore to MySC,100,project supplied directly by Lori's Completed SCOs consolidated lists v1.0.xlsx,SCO-PROV-771 Amd SCO-743 iStore Replacement,75,V2,CSBC,2025-12-19,2026-01-13,26,18,Dec 18/25 - V1 sent to Province,Jan 13/26 - V2 rec'd; Adobe Sign,,Province held the document after the prior send until the next explicit or inferred hand-back.,"Jan 16/26 - Signed
Jan 13/26 - V2 rec'd; Adobe Sign
Dec 18/25 - V1 sent to Province
Dec 17/25 - with Sian"
iStore to MySC,100,project supplied directly by Lori's Completed SCOs consolidated lists v1.0.xlsx,SCO-PROV-771 Amd SCO-743 iStore Replacement,75,V1,SIGNINGTIME,2026-01-13,2026-01-16,4,4,Jan 13/26 - V2 rec'd; Adobe Sign,Jan 16/26 - Signed,Signing/final workflow began after a return from Province without an explicit new send; Lori should confirm whether a send/final handoff is missing from the source text.,Signing/final workflow began after the last real edit turn.,"Jan 16/26 - Signed
Jan 13/26 - V2 rec'd; Adobe Sign
Dec 18/25 - V1 sent to Province
Dec 17/25 - with Sian"
Maestro Firewall Upgrade,100,project supplied directly by Lori's Completed SCOs consolidated lists v1.0.xlsx,SCO-PROV-772 Amd SCO-720 Maestro FW Impl,76,V1,ADSL,2026-01-14,2026-01-15,2,2,Jan 14/26 - with Sian,Jan 15/26 - V1 sent to Province,,"The lifecycle opened on the ADSL side until the first Province handoff was visible. The send/submission date is counted with the sender, per Sam.","Feb 9/26 - Signed
Feb 3/26 - Adobe Sign
Jan 15/26 - V1 sent to Province
Jan 14/26 - with Sian"
Maestro Firewall Upgrade,100,project supplied directly by Lori's Completed SCOs consolidated lists v1.0.xlsx,SCO-PROV-772 Amd SCO-720 Maestro FW Impl,76,V1,SIGNINGTIME,2026-01-16,2026-02-09,25,17,Jan 15/26 - V1 sent to Province,Feb 9/26 - Signed,,"The next meaningful event after the send was signing/final workflow, so no new CSBC editing turn was created.","Feb 9/26 - Signed
Feb 3/26 - Adobe Sign
Jan 15/26 - V1 sent to Province
Jan 14/26 - with Sian"
MCCS - Service Expansion,100,project supplied directly by Lori's Completed SCOs consolidated lists v1.0.xlsx,SCO-PROV-773 Amd SCO-735 MCCS Srvc Exp,77,V1,ADSL,2026-01-20,2026-01-20,1,1,Jan 20/26 - V1 sent to Province,Jan 20/26 - V1 sent to Province,,"The lifecycle opened on the ADSL side until the first Province handoff was visible. The send/submission date is counted with the sender, per Sam.","Feb 2/26 - Adobe Sign
Jan 20/26 - V1 sent to Province 
Waiting for breakdown of additional hours by role"
MCCS - Service Expansion,100,project supplied directly by Lori's Completed SCOs consolidated lists v1.0.xlsx,SCO-PROV-773 Amd SCO-735 MCCS Srvc Exp,77,V1,SIGNINGTIME,2026-01-21,2026-02-02,13,9,Jan 20/26 - V1 sent to Province,Feb 2/26 - Adobe Sign,,"The next meaningful event after the send was signing/final workflow, so no new CSBC editing turn was created.","Feb 2/26 - Adobe Sign
Jan 20/26 - V1 sent to Province 
Waiting for breakdown of additional hours by role"
3PG Refresh,100,project supplied directly by Lori's Completed SCOs consolidated lists v1.0.xlsx,SCO-PROV-775 Amend 712 3PG Refresh,78,V1,ADSL,2026-01-16,2026-02-01,17,11,Jan 16/26 - with Dor / Cathy,Feb 2/26 - Adobe Sign,"sent to ESIT-AS was treated as ADSL-side, not CSBC.",The lifecycle opened on the ADSL side until the first Province handoff was visible.,"Feb 3/26 - Signed
Feb 2/26 - Adobe Sign
Jan 30/26 - V2 sent to ESIT-AS
Jan 21/26 - V1 sent to the Province
Jan 21/26 - with Sian
Jan 16/26 - with Dor / Cathy"
3PG Refresh,100,project supplied directly by Lori's Completed SCOs consolidated lists v1.0.xlsx,SCO-PROV-775 Amend 712 3PG Refresh,78,V1,SIGNINGTIME,2026-02-02,2026-02-03,2,2,Feb 2/26 - Adobe Sign,Feb 3/26 - Signed,,"Once signing/final workflow began, later final lines were kept within one SIGNINGTIME sequence.","Feb 3/26 - Signed
Feb 2/26 - Adobe Sign
Jan 30/26 - V2 sent to ESIT-AS
Jan 21/26 - V1 sent to the Province
Jan 21/26 - with Sian
Jan 16/26 - with Dor / Cathy"
3PG Refresh,100,project supplied directly by Lori's Completed SCOs consolidated lists v1.0.xlsx,SCO-PROV-775 Amend 712 3PG Refresh,79,V1,ADSL,2026-01-16,2026-02-01,17,11,Jan 16/26 - with Dor / Cathy,Feb 2/26 - Adobe Sign,"sent to ESIT-AS was treated as ADSL-side, not CSBC.",The lifecycle opened on the ADSL side until the first Province handoff was visible.,"Feb 3/26 - Completed
Feb 2/26 - Adobe Sign
Jan 30/26 - V2 sent to ESIT-AS
Jan 21/26 - V1 sent to the Province
Jan 21/26 - with Sian
Jan 16/26 - with Dor / Cathy"
3PG Refresh,100,project supplied directly by Lori's Completed SCOs consolidated lists v1.0.xlsx,SCO-PROV-775 Amend 712 3PG Refresh,79,V1,SIGNINGTIME,2026-02-02,2026-02-03,2,2,Feb 2/26 - Adobe Sign,Feb 3/26 - Completed,,"Once signing/final workflow began, later final lines were kept within one SIGNINGTIME sequence.","Feb 3/26 - Completed
Feb 2/26 - Adobe Sign
Jan 30/26 - V2 sent to ESIT-AS
Jan 21/26 - V1 sent to the Province
Jan 21/26 - with Sian
Jan 16/26 - with Dor / Cathy"
Next Gen Shared File Phase 6,100,project supplied directly by Lori's Completed SCOs consolidated lists v1.0.xlsx,SCO-PROV-777 Amd SCO-PROV-710 PS for Next Gen SF Phase 6,80,V1,ADSL,2026-01-22,2026-01-28,7,5,Jan 22/26 - with Yale Ashraff,Jan 28/26 - V1 sent to Province,,"The lifecycle opened on the ADSL side until the first Province handoff was visible. The send/submission date is counted with the sender, per Sam.","Feb 4/26 - Signed
Feb 4/26 - Adobe Sign
Feb 4/26 - V2 sent to ESIT- AS
Jan 28/26 - V1 sent to Province
Jan 26/26 -  with Tyler
Jan 22/26 - with Yale Ashraff"
Next Gen Shared File Phase 6,100,project supplied directly by Lori's Completed SCOs consolidated lists v1.0.xlsx,SCO-PROV-777 Amd SCO-PROV-710 PS for Next Gen SF Phase 6,80,V1,SIGNINGTIME,2026-01-29,2026-02-04,7,5,Jan 28/26 - V1 sent to Province,Feb 4/26 - Adobe Sign,,"The next meaningful event after the send was signing/final workflow, so no new CSBC editing turn was created.","Feb 4/26 - Signed
Feb 4/26 - Adobe Sign
Feb 4/26 - V2 sent to ESIT- AS
Jan 28/26 - V1 sent to Province
Jan 26/26 -  with Tyler
Jan 22/26 - with Yale Ashraff"
iStore to MySC,100,project supplied directly by Lori's Completed SCOs consolidated lists v1.0.xlsx,SCO-PROV-782 Amd SCO-743 iStore Repl,81,V1,ADSL,2026-02-13,2026-02-13,1,1,Feb 13/26 - V1 sent to Province,Feb 13/26 - V1 sent to Province,,"The lifecycle opened on the ADSL side until the first Province handoff was visible. The send/submission date is counted with the sender, per Sam.","Mar 16/26 - Signed
Feb 13/26 - V1 sent to Province"
iStore to MySC,100,project supplied directly by Lori's Completed SCOs consolidated lists v1.0.xlsx,SCO-PROV-782 Amd SCO-743 iStore Repl,81,V1,SIGNINGTIME,2026-02-14,2026-03-16,31,21,Feb 13/26 - V1 sent to Province,Mar 16/26 - Signed,,"The next meaningful event after the send was signing/final workflow, so no new CSBC editing turn was created.","Mar 16/26 - Signed
Feb 13/26 - V1 sent to Province"
Maestro Firewall Upgrade,100,project supplied directly by Lori's Completed SCOs consolidated lists v1.0.xlsx,SCO-PROV-788 Amd SCO-709 PS ChkPt Maestro FW Imp,82,V1,ADSL,2026-03-02,2026-03-03,2,2,Mar 2/26 - with Michelle C/ Cathy,Mar 3/26 - V1 sent to Province,,"The lifecycle opened on the ADSL side until the first Province handoff was visible. The send/submission date is counted with the sender, per Sam.","Mar 20/26 - Signed
Mar 19/26 - Adobe Sign
Mar 18/26 - V2 rec'd; V3 sent to Province
Mar 3/26 - V1 sent to Province
Mar 2/26 - with Michelle C/ Cathy"
Maestro Firewall Upgrade,100,project supplied directly by Lori's Completed SCOs consolidated lists v1.0.xlsx,SCO-PROV-788 Amd SCO-709 PS ChkPt Maestro FW Imp,82,V2,CSBC,2026-03-04,2026-03-18,15,11,Mar 3/26 - V1 sent to Province,Mar 18/26 - V2 rec'd; V3 sent to Province,,Province held the document after the prior send until the next explicit or inferred hand-back.,"Mar 20/26 - Signed
Mar 19/26 - Adobe Sign
Mar 18/26 - V2 rec'd; V3 sent to Province
Mar 3/26 - V1 sent to Province
Mar 2/26 - with Michelle C/ Cathy"
Maestro Firewall Upgrade,100,project supplied directly by Lori's Completed SCOs consolidated lists v1.0.xlsx,SCO-PROV-788 Amd SCO-709 PS ChkPt Maestro FW Imp,82,V3,ADSL,2026-03-18,2026-03-18,1,1,Mar 18/26 - V2 rec'd; V3 sent to Province,Mar 18/26 - V2 rec'd; V3 sent to Province,,"After the returned/back event, the next ADSL turn ran until the next Province submission. The send/submission date is counted with the sender, per Sam.","Mar 20/26 - Signed
Mar 19/26 - Adobe Sign
Mar 18/26 - V2 rec'd; V3 sent to Province
Mar 3/26 - V1 sent to Province
Mar 2/26 - with Michelle C/ Cathy"
Maestro Firewall Upgrade,100,project supplied directly by Lori's Completed SCOs consolidated lists v1.0.xlsx,SCO-PROV-788 Amd SCO-709 PS ChkPt Maestro FW Imp,82,V3,SIGNINGTIME,2026-03-19,2026-03-20,2,2,Mar 18/26 - V2 rec'd; V3 sent to Province,Mar 20/26 - Signed,,"The next meaningful event after the send was signing/final workflow, so no new CSBC editing turn was created.","Mar 20/26 - Signed
Mar 19/26 - Adobe Sign
Mar 18/26 - V2 rec'd; V3 sent to Province
Mar 3/26 - V1 sent to Province
Mar 2/26 - with Michelle C/ Cathy"
